,cid,votes,time,含calm,含calm中文翻译
32585,UgzB8g7xi9aMF1JVfs94AaABAg,5900,4 years ago,"this video is so simple, yet so beautiful. so calming. 
also, dogs.","该视频是如此简单，但如此美丽。如此平静。
另外，狗。"
32048,UgwlrcsnlxBK_XQhCXd4AaABAg,920,4 years ago,"i honestly love, how she treats her grandma with so much respect and how she does everything for her grandma. plus this video is so calming",我老实说，她如何以如此尊重的方式对待祖母，以及她如何为祖母做一切。加上这个视频是如此平静
4154,UgwLpqWdlXqbbaIslTd4AaABAg,351,1 year ago,watching your videos can calm me down and forget the fatigue of my body,看你的视频可以让我心静下来，忘记身体的劳累
43836,Ugzvt3VyGfyew7mfnxN4AaABAg,310,4 years ago,"that physical type of life full of colours, fresh air, products straight from the nature, organisation to every preparation creates calmness in my soul! your videos are an oasis in my difficult, anxious city life. i love watching you! you make my day! god bless you! keep it that way!",从大自然，组织到每种准备工作的那种充满颜色，新鲜空气，产品的物理类型，都会在我的灵魂中镇定！您的视频是我艰难而焦虑的城市生活中的绿洲。我喜欢看你！你让我开心！上帝祝福你！保持这种方式！
9906,UgxTT8TjCL4qHp9O4nR4AaABAg,179,2 years ago,"never bored , never tired , never afraid , always beautyful , fresh and calm , is she an e t ??? !",从来没有无聊，从不累，从不害怕，总是美丽，新鲜和平静，她是一个e t ？？？呢
44960,Ugzkyht9GJ-UWBb8pBV4AaABAg,155,4 years ago,"what a beautiful faerie like place in which you live! a lot of lovely fruits, nuts and resources to make your treats with as well. you are obviously very talented and the calm, hard-work and dedication can be seen in your videos... passion, too",您居住的地方多么美丽的仙境！许多可爱的水果，坚果和资源也可以使您的零食。显然，您很有才华，您的视频中可以看到镇定，努力和奉献精神……激情，所有食物看起来都很好吃！你和你的祖母太可爱了。
20419,Ugw-yXWHCd-PwfvFmhZ4AaABAg,143,3 years ago,"i used to have sleeping problems and most of the time i just couldn't sleep, not even a wink but since i started watching her videos, my mind was more at ease. her videos are so soothing. she calms me down, i'm speechless",我曾经遇到睡眠问题，大多数时候我无法入睡，甚至不是眨眼，但是自从我开始观看她的视频以来，我的头脑更加轻松。她的视频是如此舒缓。她让我平静下来，我无语
29629,UgxbaLX7OxBso4mut8V4AaABAg,84,3 years ago,never seen such a calm face even with that much hard work!,即使有那么多辛苦的工作，也从未见过如此平静的面孔！
47584,UgwgzydsHM_WqD7TLO54AaABAg,73,4 years ago,"i think this must be one of the best videos in this channel. all the foods prepared by li are very delicious. i like those puppies who have been following her. watching such a video makes me happy and calm my thoughts. you are great, li ziyi",我认为这必须是这个频道中最好的视频之一。李准备的所有食品都非常好吃。我喜欢那些一直跟着她的小狗。观看这样的视频让我感到高兴，让我的思绪平静下来。你太棒了李子柒
21222,UgzU8EfG12_tYDCexlh4AaABAg,70,3 years ago,"it's like watching and historical drama with soothing music and deep down she seems like a special girl...sticks tot the traditional way... for some reason, although she didn't say anything just do her work it means she's focusing and confidence of her ability....its really good to watch...sooo calming",这就像看着和历史戏剧，充满舒缓的音乐，深处她看起来像个特殊的女孩...以传统的方式粘贴在一起...由于某种原因，尽管她什么都没说，但她的工作没有做任何事情，这意味着她正在集中精力和自信她的能力....真的很好看...太平静了
10689,UgzggH3LcmPPa1jXggR4AaABAg.9FeQNDjrQiy9Fm3FaZUaew,52,2 years ago,"not to mention the amount of โ€laborโ€ and work you have to do on the daily to maintain this kind of life. props to her, it may look calming and fun on camera but itโ€s easier said than done.",更不用说您每天必须在维持这种生活的“劳动”和工作量的数量。对她的道具，它在相机上看起来很平静且有趣，但说起来容易做起来难。
50059,UgxvLkvJocwCYEfl_W94AaABAg,44,4 years ago,happy new year from germany. may you and your family be blessed with health and luck. and may your hard work bring you prosperity. your videos are always so relaxing and help to calm down in this stressfull days.,来自德国的新年快乐。愿您和您的家人拥有健康和运气。愿您的辛勤工作带给您繁荣。您的视频总是如此放松，并有助于在这种压力的日子里平静下来。
31531,Ugw2kZestzRbqsKnXMF4AaABAg,28,4 years ago,"i want to be one day in villages like this, calming, peaceful, and beautiful",我想在这样的村庄里度过一天，平静，和平与美丽
44288,Ugx8g4i-WT3sPQMGcvh4AaABAg,20,4 years ago,it looks like it's all calm in this fucking,在这个他妈的中看起来一切都很平静
10328,UgxCdgTA2DIziwppufF4AaABAg,20,2 years ago,"for me her video, one calm",对我来说，她的视频，一个平静
26126,UgwQdehRp_7a7Gz3Xz94AaABAg.8zoNNAQmde-9-06TkIai9_,20,3 years ago,"@user-sc8cy5qc6e it doesn't matter if her videos are fake or real, what matter is the positive vibes it brings to it viewers. real life is very stressfull and suffocating watching her videos make us calm and happy and it doesn't matter if she makes billions or trillions out of it.",@user-sc8cy5qc6e她的视频是假的还是真实的，它带给观众带来的积极共鸣。现实生活中的压力很大，看着她的视频令人窒息，使我们平静而快乐，无论她赚了数十亿美元或数万亿美元都没关系。
43903,UgyvvciMRf8_achl4HN4AaABAg,19,4 years ago,"stunning videos! i love this girl! i traveled a lot in china and with great pleasure i plunge into this calm, peaceful atmosphere of rural life. as we all, in our time, do not have enough enjoying our life, pleasure from our work, skill will focus on the beautiful present! thank you! !",令人惊叹的视频！我爱这个女孩！我在中国旅行很多，很高兴我陷入了这种镇定，宁静的乡村生活的氛围。在我们时代，我们所有人都没有足够的享受，我们的工作很高兴，技能将集中在美丽的礼物上！谢谢！
1185,UgyJZYY9wYHJrddRXtV4AaABAg,19,9 months ago,"why is this so calming, im so tired from school and this helps me relax. i remember my life in the province, simple and self sustaining",为什么这么平静，我从学校如此疲倦，这有助于我放松。我记得我在该省的生活，简单而自我维持
40648,UgycEHKp0kQCCcp8gSN4AaABAg,18,4 years ago,i love her videos so much. they're so calming and she's so elegant about the way she prepares things. she looks really peaceful and satisfied and it makes me feel that way too!! i can't get enough of her.,我非常喜欢她的视频。它们是如此的平静，她的准备方式非常优雅。她看起来真的很安静和满足，这也让我感到这种感觉！我不能得到她的足够。
30172,UgxYjXyrIUhwn04MFnV4AaABAg,17,3 years ago,"god! why i am so calm every time i watch her video's..you can find everything in that forest and she's really a forest goddess ๐wish i wanna live with you,",上帝！为什么每次观看她的视频时我都这么冷静..您可以在那个森林中找到一切，而她确实是一个森林女神
2657,UgyARoOLM2QWfR5YADh4AaABAg,16,1 year ago,very tender girl. such calmness and kindness from it blows,非常温柔的女孩。这种镇定和善良的打击
41638,UgwR6QLPgkYbDF1Qc4J4AaABAg,16,4 years ago,it seems like she's living in a totally different world. some heavenly unimaginable beautiful world. so calm so relaxing,看来她生活在一个完全不同的世界中。一些天堂般的美丽世界。如此镇定如此放松
52007,UgxJY2KnKqw3DbD21It4AaABAg,15,4 years ago,i love your videos there so relaxing and calm all the way from new zealand,我爱你在那里的视频，从新西兰一直很放松和平静
30948,UgzE40l6rTlYiv3zGrt4AaABAg,15,3 years ago,"hello liziqi!
i recently found your channel. your lifestyle is very beautiful and inspiring. the videos you make are very calming. thank you!","你好liziqi！
我最近找到了你的频道。您的生活方式非常美丽和鼓舞人心。您制作的视频非常平静。谢谢你！"
25155,Ugw6kT4CsPue-v3iHSx4AaABAg,12,3 years ago,the background music is beautiful and makes me calm down.,背景音乐很美，让我冷静下来。
6385,UgwgXMpSO2NWyVWikdF4AaABAg,12,2 years ago,"i have saw this video many times but,, l still want to see this again and again,, your videos are soo beautiful and calming",我已经看过很多次了这段视频，但是我仍然想一次又一次地看到，您的视频真漂亮又镇定了。
19508,Ugw-LfhAQMSxFkTNOcF4AaABAg.95hQGx72lER95oA5rY8aIX,11,3 years ago,"@lucygo6415 hi, i understand your sentiments but isn't it awesome bec this girl right here represents them all? besides, all her videos are therapeutic. meaning, it calms our souls. it is refreshing. brings positive impact to us, viewers. so let us all be happy we've got a channel like this.",@lucygo6415嗨，我理解您的观点，但这不是很棒，因为这个女孩在这里代表了所有人吗？此外，她所有的视频都是治疗性的。意思是，它平静了我们的灵魂。令人耳目一新。观众给我们带来积极影响。因此，让我们所有人都很高兴我们有这样的频道。
44150,UgxLARdL-tabpquuInx4AaABAg,9,4 years ago,"i liked their country full of fruits
and to me attracted me more fog, calm and fictional atmosphere","我喜欢他们充满水果的国家
对我来说，吸引了我更多的雾，平静和虚构的气氛"
33013,UgwKcg2CGwoiPTGgaA14AaABAg,9,4 years ago,"her videos are so beautiful ๐’ and bring me calmness, i m so thankful for this ๐ธ๐’๐ธ",她的视频是如此美丽
4122,UgyUrXRsMA8pgAIACYd4AaABAg.9Rx3e3xqjGI9TlNolBe3sk,9,1 year ago,"i totally agree with you, i use to watch this channel when i'm frustrated and wanna calm down myself.",我完全同意您的观点，当我感到沮丧并想让自己平静下来时，我经常观看这个频道。
5398,UgwLuuIL_53fwSEFWxV4AaABAg,8,1 year ago,"this is so calming ~
i will make this my study playlists","这太平静了〜
我将把这个我的学习播放列表"
43359,UgyLOp9qjWnbL9lQVJZ4AaABAg,8,4 years ago,"such peacefulness, calmness, beauty-roanic corner. thank you, you showed us your world, especially i felt the warmth of your soul and how you respect your elderly relatives, so sweetly.",这样的宁静，平静，美人的角落。谢谢您，您向我们展示了您的世界，尤其是我的灵魂的温暖以及您如何尊重您的老年亲戚。
16396,UgwNQs8D2nQN-0iW4eN4AaABAg,8,3 years ago,i have been obsessed with these videos over the last day or so. they are so calming and has really given me some motivation to get the cleaning around the house done and also to try some new recipes!,在最后一天左右的时间里，我一直沉迷于这些视频。它们是如此平静，确实给了我一些动力，可以在房屋周围清洁工作，并尝试一些新食谱！
30705,Ugzyd4T-Kazn8yORN7B4AaABAg,8,3 years ago,"very relax 
simple
amazing
beautiful 
and calm nobody here just you with the nature enjoying your time","非常放松
简单的
惊人的
美丽的
在这里，没有你的大自然享受你的时间"
3948,UgwtrnTmu6dCJlZxcr54AaABAg,7,1 year ago,it's so calm there. and its very funny moment when you and the dogs were instantly screaming when the popcorn bomb,那里太平静了。当您和狗在爆米花炸弹时立即尖叫时，这是非常有趣的时刻
30835,UgxWBeeRnHLq9qR0LHN4AaABAg,7,3 years ago,"while i am watching this i feel very calm and relaxed and also hungry.. this lady is very industrious, she is like an ant who works all day.. i also love their place, it's very simple yet very wonderful and serene place where you can relax.. i want to go there.. =)",当我看着这个时，我感到非常镇定和放松和饥饿。可以放松..我想去那里.. =）
45919,UgxaDU-i8vgfBjmucGp4AaABAg,7,4 years ago,the place is so calm and full of life,这个地方是如此平静和充满生命
26982,Ugx92cvEwSWHWO46wfN4AaABAg,6,3 years ago,"just wow
it is like anime movie in a real life๐
everything is so beautiful,calm,so amazing and so so sooo ........have no words,just wonderfullโค","哇
就像真实生活中的动漫电影
一切都是如此美丽，镇定，如此惊人和如此如此的太好........没有言语，只是很棒"
5413,Ugxieb7fIzKYIt8TkiR4AaABAg,6,1 year ago,when feel anxious i watch her video it make me feel calm,当感到焦虑时，我看着她的视频使我感到镇定
29142,UgzNNxs7HTCW_g_MCAR4AaABAg,5,3 years ago,"food photography, color, and calm music
i think it's healing the whole time :d","食品摄影，颜色和平静的音乐
我认为它一直在治愈：D"
15450,Ugz_VcYJK1gv8sGQ_h14AaABAg,5,3 years ago,"i have an anxiety and whenever i watch your videos, it makes me calm down. thank you so much",我有焦虑，每当我观看您的视频时，都会让我冷静下来。太感谢了
16927,UgySzjOI1KbivFol3EN4AaABAg,5,3 years ago,it is so calming watching the whole video. i wish i could leave the city for a bit and live like her in the countryside.,观看整个视频真是太平静了。我希望我可以离开这座城市，像她一样在乡村生活。
22055,Ugxlko-aCv8bm3F_QJp4AaABAg,5,3 years ago,"recently, li ziyi has been the ""ambassador to the promotional ambassador of the rural rural rural rural rich"", which has triggered a new round of comment boom. after seeing some, i couldn't help but feel like i could provide different perspectives.

the point is, i hope that everyone is calm, discuss things, and try to listen to it as much as possible.

don't bully a diligent, brave and intelligent girl.

according to the good cat catching the mouse, li ziyi is not an outstanding good cat. not to mention the renminbi income, she made a lot of money on the international stage, about tens of thousands of dollars a day, envy everyone, realize her dream of serving her grandmother's life, and obtaining the harvest of no dare to expect. impressive.

nearly 8 million foreign fans, everyone shows the truth, kindness showing the video. unconvinced? if you try it, you will know. jiang feng, the most popular self -media chinese, has subscribed for 280,000, is already an example for many people. it's just 3%of this little girl.

the videos of overseas cattle guo wengui are only watched tens of thousands of people every time. li ziyi's video is five or six million. the best 30 million. the video three years ago was searched every day, and the number of clicks continued to skyrocket.

this is not a general miracle.

i spent the strength of nine niu and tiger to make a video. so far, i only have 160 subscriptions, and the best video is watching more than 1,000 people.

i know li ziyi's weight. everyone also weighs.

everyone has the most discussions. the most misunderstanding of li ziyi is that she is just an actor, and her work is made by a huge team.

please understand her development history a little.

li ziyi had a childhood young man who had been unable to look back, had various workers, and had a long period of time for a person's exploration of experiments. he finally rely on his talents, hard work, hard work, and succeed.

the current situation, i am afraid that zhang yimou is likely to be a director. of course, li ziyi does not need zhang yimou. i have an analogy. li ziyi has no self -learning talent, and the artistic talent shown is no worse than zhang yimou.

li ziyi rely on his own efforts to come to this day. you open your eyes and talk nonsense, and you are unwilling to do basic investigations and research. he maliciously pour dirty girls to a hard -working girl.

really blushing for you. be kind. do nโ€t be so rude and hateful.

true: li ziyi's true, not that she is too beautiful, not what kind of shoes are wearing in the farmland. in my eyes, li zizhen's true, manifested in her hard work, hard work, and manifested in her soul. nothing will do.

of course, she will not seriously and deliberately express the hardships of the peasants in sichuan and the sufferings of rural poor today. li ziyi is pursuing the amount of subscriptions and click volume. her performance is basically impeccable.

li ziyi truly shows her own pursuit of life and her own state of life.

of course, try your best to beautify. otherwise, where can i subscribe?

good: see her depending on the grandmother's life, and take care of each other. thinking that grandma finally got a good life, she was really happy.

thinking of my work hard for a whole life. li ziyi's kindness is one of the biggest highlights of the video.

beauty: needless to say. i admire me and admire from the bottom of my heart. some people will say, team teams, foreign announcements and so on.

you just need to see li ziyi's earliest video to feel her artistic talent.

besides: with the current situation of li ziyi's current daily gold, let alone the government, any of the people with funds will not hesitate to make a behind -the -scenes team.

dawai xuan:

where is this? what big publicity? what a crime is to have no words. a girl mixed with meals, accidentally red and purple, do nโ€t tm โ€s blind eyes?

but here to tell the government and the communist youth league, do not speculate. stir good things. what is the blind ginseng?

the government was not stupid, and i saw li ziyi's success and wanted to use it. in fact, maybe good intentions have become bad things. with my concept, the government, the communist youth league, the best leave her alone. it is not as good as the last four, truth, goodness and beauty.

ziyi, please be careful. no need to cooperate too deeply with the government. tell them to let you develop freely in accordance with their greatest interests. otherwise, the end may not be good for anyone.

cut!

during the seven years of labor in rural areas during the revolution, the hardships of the rural areas of china's rural areas know a little.

the reason why li ziyi feels is because most of the farm work that li ziyi has done has done it, and i will even accept the soles of the shoe. i rushed the cow to rake the ground in the paddy field, and i tried it. if you can't try it, you have to give it to the poor farmers around him. very difficult work. i did not dry the back of the mountain from the mountain. there are no bamboo or mountains there. almost all of the others can't be familiar. rice, wheat, corn, sweet potatoes, pigs and sheep beef, planting vegetables. we do not plant fruit trees. moving the bricks by myself and moving the bricks. at the age of seventeen, he was cooking for fifteen students.

li ziyi used bamboo to make a sofa for me too much. too admire!

ziyi, refueling ๅฟ…๏ธ do not worry about it. take your own way and let others have a way. don't ignore some people's words of talking nonsense.

ps

ziyi does not necessarily know the history of 12 million people starved in sichuan during the great famine. mianyang is the hardest hit area. please know. it is important to your future development.","最近李子柒担任“中国农村青年致富带头人推广大使”，引发新一轮评论热潮。看了一些，忍俊不禁，有感而发，希望能够提供不同视角。

关键是，希望大家平心静气，就事论事，尽量做到兼听则明。

不要语言欺凌一个勤劳勇敢聪慧的女孩子。

按照逮着老鼠就是好猫的说法，李子柒不啻是一只杰出的极其优秀的好猫。不说人民币收入，她大把大把的在国际舞台上赚美元，大概每天几万美元吧，羡煞众人，实现自己养家糊口侍奉奶奶的人生梦想，获得原本不敢奢望的收获，可喜可贺令人钦佩。

将近800万外国粉丝，大家是冲着视频展现的真善美来的。不服气？你试试就知道了。海外最红的自媒体华人江峰，28万订阅，已经是很多人崇拜的榜样。仅仅是这小姑娘的3%。

海外牛人郭文贵每次的视频也只是几万人看。李子柒的视频动辄五六百万。最好的3千万。三年前的视频还在被人每天搜索，点击量继续暴涨。

这可不是一般的奇迹。

我费了九牛二虎之力做视频，至今只有160订阅量，最好的一个视频1000多人观看。

我知道李子柒的分量。大家也掂量掂量。

大家议论最多，对李子柒误解最大的是，她不过是个演员，工作都是一个庞大的团队做的。

请稍微了解一下她的发展史。

李子柒有过不堪回首的童年少年，有过各种打工经验，有过很长时间一个人摸索实验失败，最后靠自己的才华，勤奋，努力，获得了成功。

现在状况，恐怕邀请张艺谋来做导演都有可能。当然李子柒不需要张艺谋我是打个比方。李子柒无师自通自学成才，表现出来的艺术天分，不比张艺谋差一丝一毫。

李子柒完全靠自己的努力走到今天。你们睁着眼睛瞎说八道，连基本的调查研究都不愿意做，恶意向一个勤劳致富的女孩子泼脏水。

真替你们脸红。Be kind. Don’t be so rude and hateful.

真：李子柒的真，不是表现在她穿着过于漂亮，不是表演在穿着什么样的鞋子在农田里劳作。在我的目光里，李子柒的真，表现在她的勤劳，吃苦耐劳，表现在她的心灵手巧。啥都会干。

她当然不会去认真刻意的表现四川绵阳农民的辛苦和今日农村贫困人群的苦难。李子柒追求的是订阅量，点击量。她的表现基本无懈可击。

李子柒真实的表现了她自己对生活的追求，她自己的生活状态。

当然要尽力美化。不然哪里来订阅量？

善：看她和奶奶相依为命，互相关照。想到奶奶终于过上好日子真为子柒高兴。

想起自己姥姥勤劳一生。李子柒的善良，是视频最大亮点之一。

美：毋庸赘言。令我感佩，从心底里佩服。有人又会说了，团队团队，大外宣等等。

你只需要去看看李子柒最早的视频就能感觉到她的艺术天分。

再说一遍：以李子柒目前日进斗金的状况，别说政府，任何一个有资金的人都会毫不犹豫甘作幕后团队。

大外宣：

这哪儿跟哪儿啊？什么大外宣？真是欲加之罪 何患无辞。一个女孩子混口饭吃，不小心大红大紫，别TM的瞎着眼胡说八道好不好？

但是此处敬告政府和共青团，别投机不成舍把米。把好事搅合了。瞎参和什么呢？

政府不傻，看到李子柒的成功趁机想利用起来。其实也许好心办成坏事儿。以我的观念，政府啊共青团啊什么的最好leave her alone. 免得最后四不像，真善美不在。

子柒也请慎重。不必和政府合作太深。告诉他们让你自由发展符合他们的最大利益。不然最后也许结局对谁都不好。

切切！

在下文革时期在农村劳动七年多，对中国农村的苦难农民的艰辛略知一二。

之所以感觉李子柒的真实，就是因为李子柒干过的农活儿大部分我都干过，我甚至会纳鞋底。赶着牛在水田里耙地，我试过。怎么试都不行只好交给身边的贫农代表。很不容易的活计。从山上砍竹子背下山没有干过。我们那里没有竹子也没有山。其它几乎都再熟悉不过。水稻，小麦，玉米，红薯，养猪羊牛，种菜。我们没有种水果树。自己盖房子搬砖头用手推车运转头。十七岁当炊事员专职为十五个同学做饭。

李子柒用竹子做沙发让我太佩服了。太佩服！

子柒，加油

PS

子柒不一定知道大饥荒时期四川饿死1200万人的历史。绵阳是重灾区。请一定了解一下。对你今后发展至关重要。"
8749,Ugw2dSkDtDelHrWIDDV4AaABAg,5,2 years ago,"this entire video felt so wholesome to me..
from her moments with her family to 
calmly cooking, i can feel the happiness!","整个视频对我来说很健康。
从她与家人的时刻到
冷静地做饭，我能感觉到幸福！"
18002,UgyCdR7YgUX61NTojAR4AaABAg.97PhJnxxArv97UgH-rEw9M,5,3 years ago,i always play this video while trying to sleep. that music used to calm me down... now i lost it all and im stuck in my bed missing it :/,我总是在试图睡觉时播放此视频。那种音乐曾经让我平静下来...现在我丢了所有的音乐，我陷入了床上的遗失：/
9847,UgxBNkdzkUmJVTZgDGd4AaABAg,4,2 years ago,"i love these videos. i learned a lot and today calmly do a lot of things, because i say if li can do it too.",我喜欢这些视频。我学到了很多东西，今天很平静地做很多事情，因为我说李是否也可以做到。
5344,UgwyAke-i8Ra-7DFlJV4AaABAg,4,1 year ago,why would anyone dislike this calming video ?,为什么有人不喜欢这个平静的视频？
38322,UgxfGYVLXtKVHziVxht4AaABAg,4,4 years ago (edited),"i love what she does very pretty calm and something very natural

what is your name","我爱她做的非常镇定和很自然的事情

你叫什么名字"
24820,Ugy_4ytxICjntcIK4Dt4AaABAg,4,3 years ago,"watching your original videos can calm down, and the healing system relieves the soundtrack of the soundtrack.",看你原生态的视频心情能平静下来，治愈系纾缓配乐美食超喜欢。
52749,Ugz3WdRQSl0QTwm9qHd4AaABAg,4,4 years ago,"beautiful video as always, very relaxing, it calms my heart. the puppies are so cute",美丽的视频一如既往，非常放松，它使我的心平静。小狗是如此可爱
42233,UgxcBtHPxJc-mrivDMN4AaABAg,3,4 years ago,i really loved your place..very calm nd peace it is.. also everything very fresh nd organic it is,我真的很喜欢你的地方..非常冷静的和平。
50088,UgzBJF3JXP0efB359St4AaABAg,3,4 years ago,it's easy to calm down and watch the whole film. i really like this movie you made. i wish you a happy new year.,很容易静下心来把整部影片观赏完，很喜欢妳拍的这支影片也祝妳新年快乐事事顺心
28438,UgwyZnI_liIsaxjxrwR4AaABAg,3,3 years ago,i got her video today itself and i've already watched 2-3 till now.. such a calmness is there in her videos the things she uses give soothing feeling like her utensils... and the way she does that's no doubt awesome. big hug to her๐ค—,我今天已经得到了她的视频本身，我已经看过2-3到现在。在她的视频中，她所使用的东西有这样的平静，让您感到舒缓的感觉像她的餐具……而她的做法毫无疑问。大拥抱她
20809,UgymYDxrl-wKnRq_hUF4AaABAg,3,3 years ago,"this channel makes me want to live on a mountain village when i retire... seems so calming no internet, no wifi, possibly no signal at all, so guess no gadgets.. but that lamb (sheep? lamb? have no idea) is so fluffy and cute. the puppies..can't handle cute animals...",这个频道让我想在我退休时住在一个山村...似乎没有平静的互联网，没有wifi，可能根本没有信号，所以猜猜没有小工具..但是那只羔羊（绵羊？羔羊？不知道）是如此蓬松而可爱。小狗..不能处理可爱的动物...
44299,Ugx8g4i-WT3sPQMGcvh4AaABAg.8rEWqAlvTbu8rNwhZ0uvWp,3,4 years ago,siiiimmmmmm. the chaos happening here around me and suddenly i was calm watching this parallel universe.,siiiimmmmm。我周围发生的混乱发生，突然我很冷静地看着这个平行的宇宙。
32162,UgwcheoxSWUIWnrylgN4AaABAg,3,4 years ago (edited),"wait so where is this? because this place looks amazing, calming and rather pleasant.",等等，这在哪里？因为这个地方看起来很棒，平静而愉快。
46665,UgznRayRv0aCLiZInI54AaABAg.8qs_TK17Zu78qsckUcmDJN,3,4 years ago,"for those who say li ziqi fake at the little brother channel of western yunnan, i want to add a few words. first of all, starting from a large level, they made excellent videos to share with people who love food culture around the world, so that more people understand the beauty of chinese culture. do you have done it? just vomit the sputum of other people's works in a casual sentence, and feel that some cooperation with the merchant defile your eyes? then, take a step back to talk about video production. which one should not take care of the mirror editing in the later stage? critics, do you spend money to watch the video? no. did you participate in the video production? no. you respect the efforts and choices of others. not only are there no, but you are also whispering, yin and yang weird, where can people do not do well, go to weibo to give opinions! didn't you change your opinion? take your own business! have nothing to do? brother, so many traitors around them, hurt the world, care about them! intersection intersection take a step back, these critics have not criticized the ideas at all, many of them are still catching the wind, and the clouds are also cloudy. when you make a criticism next time, you ask yourself a word. what do i make in my own criticism? i said in this way, what does it mean for others? did i have a negative impact on the perception experience of others (those who want to be calm and cured)? it's all adults, so mature, please! intersection intersection intersection intersection",针对在滇西小哥频道底下说李子柒假的人我想特别补充几句。首先，从大的层面开始讲，她们做出了优秀的视频与全世界热爱美食文化的人们分享，让更多的人了解了中华文化的美好。批评者们你们做到了吗？随随便便一句话就吐别人作品一口痰，觉得和商家的一些合作玷污你们的眼了？然后，退一步说视频制作，讲究值得赞叹的分镜剪辑后期哪个不要花心思？批评者们你们花钱看视频了吗？没有吧。你们参与视频制作了吗？没有吧。你们尊重别人的努力和选择了，不仅没有，还窃窃私语，阴阳怪气，人家哪里有做的不好的，去weibo提意见啊！提意见了没改？取关做自己的事去啊！没事情做？大哥，周围那么多作奸犯科的，伤天害理的，管他们去呀！！！再退一步说，这些批评者完全就没批评到点子上，很多还是捕风捉影，人云亦云，你们下次再提出批评的时候问自己一句话，我在批评的过程中我自己做出的贡献是啥？我这样在下面说别人的不是意义何在？我有没有给别人（那些希望得到平静与治愈的人们）的观感体验带来负面影响？都是大人了，成熟一点拜托了！！！！！
33811,UgxQ4obKp7Mzrv-Mbi54AaABAg.8vAAkm2tSd48y6agUN2-OS,3,3 years ago,i totally agree! this lifestyle is really healthy and calm. just what we need in the actual days: health and calm,我完全同意！这种生活方式确实是健康和镇定的。正是我们在实际日子里需要的：健康与镇定
41549,UgwmsxpTFt69pOmyP4p4AaABAg,3,4 years ago (edited),"it’s so calming and lovely to watch
i just wish the background instrumental music isn’t there or isn’t played throughout the whole video","看着很平静和可爱
我只希望背景乐器音乐不存在或在整个视频中都没有播放"
38608,UgxKcW6BHA9ry3pIeo14AaABAg,3,4 years ago,"salam feels calm, and i am natural and simply feels life. they have splendor. i hope to live in places",萨拉姆感到镇定，我很自然，只是感觉到生活。他们拥有辉煌。我希望住在地方
589,UgzPjU7L-q2aJcgbded4AaABAg,2,4 months ago,your videos are comforting like a warm blanket and a cup of tea...never fail to help me feel calm and remember to enjoy my moments...wish i could have spoiled my granny this way.,您的视频像温暖的毯子和一杯茶一样令人欣慰……永远不要让我感到镇定，并记住享受自己的时刻...希望我能以这种方式破坏我的奶奶。
29079,UgzJtfYrIHTcPcoI0xx4AaABAg,2,3 years ago,"i enjoy watching this video. the atmosphere is very beautiful and living there seems calm, far from the pollution of a big city. i also like gardening, i have a small garden on two balconies, the limited place is not an obstacle for gardening. liziqi videos really inspired me. happy gardening form germany ๐๐๐๐๐๐ .",我喜欢看这个视频。气氛非常美丽，住在那里似乎很平静，远非大城市的污染。我也喜欢园艺，我在两个阳台上有一个小花园，有限的地方不是园艺的障碍。 Liziqi视频确实启发了我。园艺快乐的德国形式。
4509,Ugw7i_Wn8ULOE-qbKcJ4AaABAg,2,1 year ago (edited),"idk why but this vid make me feel calm whenever i watch it… 
edit: all her vids actually","idk为什么，但是每当我看它时，这个vid都会让我感到镇定……
编辑：她所有的视频实际上"
39393,UgzA_J3fWD2q7H1C6WZ4AaABAg,2,4 years ago,i love soo soo much i like the calm and peaceful atmosphere love from mizoram,我很喜欢太太，我喜欢米佐拉姆的平静与和平的氛围
28201,Ugw-rDDnLdtGKWUCVcR4AaABAg,2,3 years ago,this is my favorite video of hers. next would be the wheat beer. itโ€s so calming,这是我最喜欢的视频。接下来是小麦啤酒。太平静了
23058,Ugw1aTCq5J-VCzg6dBV4AaABAg,2,3 years ago,"i used to work in rural areas for seven and a half years, so i have a special understanding of rural areas and understanding the hard work of chinese farmers. some villages in china are still messy today, and the garbage has become angry.

these do not become a reason for the video of li ziyi. we all understand that living in the depths of sichuan in dashan is not a simple pastoral scenery and carefree.

li ziyi is not doing great announcements.

she just wants to earn a family -to -family income through her labor creation. i don't believe that she would expect to be popular in the world because of this. return to doujin.

a little exaggerated here [smiling]

li ziyi has experienced a few years of hard work and tried various tasks. her success is by no means accidental.

ten thousand people watch her videos with 10,000 different feelings.

i read that the most direct help to me was that i suddenly realized that the level of cooking was too far away. need to work harder and learn carefully.

of course, as countless fans say, watching li ziyi's video can make people's hearts calm down.

many foreigners leave a message saying that it is hypnosis, treating insomnia [crazy] [crazy] [crazy]

more people admire her omnipipary.

the most exaggerated statement is that ziyi can create a earth [crazy] [crazy] [crazy]","曾经在农村劳动七年半，所以特别了解农村，了解中国农民的勤劳俭朴，贫穷苦难。今日中国有些村庄依然脏乱不堪，垃圾成堆令人愤怒。

这些不成为否定李子柒视频的理由。我们都明白生活在大山深处四川农村不是简单的田园风光，无忧无虑。

李子柒不是在做大外宣。

她只是想通过自己的劳动创作，挣一份养家糊口的收入而已。我不相信她当初会料到因此大红大紫名扬世界。日进斗金。

有点夸张啊此处[偷笑]

李子柒经历了个人苦苦奋斗若干年，尝试过各种不同工作。她的成功，绝非偶然。

一万个人看她的视频会有一万个不同感受。

我看了，对我最直接的帮助就是突然意识到，自己做菜的水平差的太远。需要更加努力，用心学习。

当然，如同无数粉丝所言，看李子柒的视频，能让人的心，静下来。

很多老外留言说是催眠，治疗失眠症[抓狂][抓狂][抓狂]

更多人赞叹她无所不能。

最夸张的说法是，子柒可以再造一个地球[抓狂][抓狂][抓狂]"
1851,UgwvP9hsDQPqBD7PPtF4AaABAg,2,1 year ago,"a calm place, natural, for comfort to live life.",一个平静的地方，自然而然，以舒适的生活。
7676,UgyvC6gnqRugxFNtwl94AaABAg,2,2 years ago,it feels is calm when i watch this,当我看这个时感觉很平静
7773,Ugzs4WXXc8sdSl0gsHp4AaABAg,2,2 years ago,"what kind of person would click on thumb down? it's an amazing, beautiful, heart-warming, calming video.",什么样的人会点击拇指？这是一个了不起，美丽，令人心动的，平静的视频。
8371,UgxLR9HVui79Ehnhc3t4AaABAg,2,2 years ago,she is amazing btw what is the music called its so calming,她很棒，顺便说一句，音乐称为什么是如此平静
23099,UgyEGffCSCapYWhPlt14AaABAg.92ZOfZospFJ92uhL0WZu8u,2,3 years ago (edited),"@gtp1542 in my point of view, democracy is quite funny, it has been a byword for capitalism, but is it right that only capitalist country has democracy? it is actually an issue of discourse.besides, western democratic standards can be simply summarized to universal suffrage๏ผone man one vote๏ผ and mutiparty rule which seems do democratize, but actually many paties fight for power, and they can not make long-term plan for their people, democracy is actually a compromise. the ideal democracy need all people are absolutely rational, but it's just impossible for now, so i don't think china 's regime has much issues, at least china made so much progress that other coutries had never achieved before in just 40 years. man, you and me should always keep calm and rational, and don't be fooled by the appearance of things.",@GTP1542在我看来，民主非常有趣，这是资本主义的代名词，但是只有资本主义国家才有民主是正确的吗？实际上，这是一个话语的问题。看来，西方民主标准可以简单地总结给普选（（一个人一票）和Mutiparty统治，这似乎确实是民主化的，但实际上许多派专利人都无法为权力而战，他们无法长期进行。为他们的人民计划，民主实际上是一个妥协。理想的民主需要所有人绝对是理性的，但是目前这是不可能的，所以我认为中国的政权没有太多问题，至少中国取得了很大的进步，以至于其他辅助事件在短短40年以前从未取得过。伙计，你和我应该始终保持冷静和理性，不要被事物的外观所迷惑。
30470,UgyXNQPk6xTUEdX74uB4AaABAg,2,3 years ago,"seeing that your work has a feeling of seeing each other and hate, it is really as treasured! in the influence of the philosophical thoughts of yin and yang five elements in traditional chinese culture education, confucian ethical and moral concepts, traditional chinese medicine nutritional photography, and cultural and artistic achievements, diet aesthetic style, and many factors of national characteristics, they created the chinese cooking skills of the book of history. form a broad and profound chinese food culture. your profound understanding of the traditional chinese diet and culture is perfectly presented with the beautiful chinese style that is so beautiful! as a native of china, the chinese are also amazing, and they are intoxicated! under the influence of the world's multiculturalism, many excellent cultures have been forgotten, the outlook on life, and values โ€โ€have also changed in the long -term subtle way. whether it is chinese or the people of the world, there are always things in common in the hearts of human beings. they all advocate true, good, and beautiful. they like tranquility and peace, and they are eager to happiness and happiness. the environment of your life is like a paradise, the mountains and rivers are beautiful, and the ecological environment that people and nature live in harmony are enviable. your work can help us calm down the impetuous heart, re -think about life, and find the most precious beauty in the original memory of human beings!",看到您的作品有种相见恨晚的感觉，真的如获至宝！在中国传统文化教育中的阴阳五行哲学思想，儒家伦理道德观念，中医营养摄生学说，还有文化艺术成就，饮食审美风尚，民族性格特征诸多因素的影响下，创造出彪炳史册的中国烹饪技艺，形成博大精深的中国饮食文化。您对中华传统饮食和文化的深刻理解并用美到令人窒息的唯美中国风完美呈现出来！作为土生土长的中国人也都叹为观止，如痴如醉！在世界多元文化的影响下，好多优秀的曾经引以为荣的文化已经被淡忘，人生观，价值观也在长久的潜移默化中改变。无论是中国人还是世界人民，在人类心灵深处，总有一些东西是共通的，都崇尚真善美，都喜欢宁静与祥和，都渴望幸福与快乐。您生活的环境犹如世外桃源，山青水秀，人与自然和谐相处的生态环境让人羡慕不已。您的作品能帮助我们静下浮躁不安的心，重新思考人生，找寻人类最初的记忆中最珍贵的美好！
32593,UgzhhmbYnWtuEZXBEEN4AaABAg,2,4 years ago,"ok but like what is this channel, where is this, who is she, why is this so aesthetically pleasing and somewhat calming.. ๐",好的，但是像这个频道是什么，这在哪里，她是谁，为什么这在美学上是如此令人愉悦且有些平静。
3793,UgwccxY7KZVk7oATh354AaABAg,2,1 year ago,we should agree we come here every single week just to calm ourselves ☺️,我们应该同意，我们每周都会来这里，只是为了平静自己☺️
12532,UgxHrnX1MSriN3V5UJR4AaABAg,2,2 years ago,the calmness and peace i get from these video is worth enough to watch all of her videos,我从这些视频中获得的平静与和平足以观看她的所有视频
12829,Ugy5Hy8HaO-6sPd7HtB4AaABAg,2,2 years ago,she inspired me by her way of living nd working nothing is imposible and we should atleast try to work like her never give up to life .everyone has somthing tough in life we should face each and every step of life with cool and calm way..,她以自己的生活方式启发了我，没有工作不可能，我们应该尽量像她永远不放弃生命一样工作。每个人的生活都在生活中艰难，我们应该以凉爽而平静的方式面对生活的每一步。
39148,Ugxusw9kTf3tT2823TV4AaABAg,2,4 years ago,"it is not easy to edit this peaceful program. it needs to be close to a gas field to achieve it. each category is just right.
very good, thank you for sharing :) calm, quiet, gentle and comfortable, wisdom, i also see the wisdom of quaint folk, praise !!!! very healing the injuries brought by the city!

i prefer the temperament of the heroine when i don't deliberately dress up with light makeup! very clip! like! ^^
really done ... can stay away from the hustle and bustle for a while,
specific display ... it can be lived, simple, simple and natural, but also live neat and comfortable (although it is not easy)
being able to surround the mountains of gaoli water every day, the air is fresh, the mountains are full of flowers and precious medicinal materials, and the mountains are used to tell the mountains.
you can also choose intermittently .... contacted with today's scientific and technological life ...
if there is a harmonious companion, chun went to qiulai to support the old, this kind of life ... no demand !!!
looking ... watching .... live in the taiji gas field health ... this film is indeed ... rare soul health soup! thank you for sharing :)","编一辑这宁心的节目, 真不容易, 需要有接近的气场走在一起才能成就, 每一范畴每一个配合刚刚好, 
很好佷好, 多谢分享:) 从容, 恬静, 轻柔舒服, 智慧, 还见识到古朴民间的智慧, 赞!!!! 很治愈都市带来的伤!

较喜欢女主角不刻意装扮淡妆时的气质! 很夹! 赞!^^ 
真的做到了...可远离尘嚣一会, 
具体展现了...可以活得既古朴简单自然的同时, 又能整洁舒适不匮乏地生活着 (虽不太易) 
能每天环抱高山高丽水而居, 空气清新, 山峦满是鲜花鲜果及珍贵药材, 用画面诉说了靠山食山, 
又能间歇地选择....与现今科技生活联系着.....看日出观日落, 看银河晚星,! 依四时阴阳作息! 还何求!! 
若有位和谐伴侣春去秋来恩爱扶持到老, 这种生活...无求矣!!! 
看着...看着....活像进入了太极气场养生里...这片的确是...难得心灵养生汤! Thank you for sharing :)"
27958,UgxTdi-61dhlZcF-4Th4AaABAg,1,3 years ago,"she's so calm and pretty! 
wish i could live with her too :)","她是如此的镇定和漂亮！
希望我也能和她一起生活:)"
20914,UgxbKRpBovS4jA6rNqJ4AaABAg.946AnDac2eu95Az35X9lJp,1,3 years ago (edited),"i hate living in the cities. both my parents grew up on the countryside and got to grown their own food. i'm tired of this fake, ultra-processed food and the constant noise and pollution (light pollution too). from the summers i spent in my grandmother's village, life was so simple and calm. we got to eat real food and spend time in nature. i wish i could move out to the countryside. i want to have my own garden and maybe some chickens. i'm too young and don't have much money now, but one day in the future i will. i've noticed many people my age wanting to reconnect with nature again. i hope this becomes a revolution for our generation",我讨厌住在城市。我的父母都在乡村长大，并自己种植了自己的食物。我厌倦了这种假的，超级加工的食物以及持续的噪音和污染（也是光污染）。从我在祖母的村庄度过的夏天，生活是如此简单和平静。我们必须吃真正的食物，并花时间在大自然中。我希望我可以搬到乡村。我想拥有自己的花园，也许还有一些鸡。我太年轻，现在没有太多钱，但是将来有一天我会。我注意到许多我这个年龄的人都想再次与自然重新建立联系。我希望这成为我们这一代的革命
25513,UgwP6wIlywiVEl8E6Hx4AaABAg,1,3 years ago (edited),what is eating ? what is eating ..this is what i learned yesterday .. eating is the most natural way of connecting with nature ..what we eat comes from various places ..nature makes them ..and we need to know how and from where they come ..she is showing that exactly ..where the food comes from ..what process its going through ..and how it finally becomes a delicious food on our plate ..most of other youtubers does not show that ..they just show how to make food..but thats not the whole thing ..she is showing the nature ..she is representing the nature ..thats the reason people feel calm when they watch her content ..i feel the same ..cos i am not watching her .. iam watching the nature through her and connecting back where i belong ..thanks ..,吃什么？吃什么..这是我昨天学到的。饮食是与自然联系的最自然的方式。我们吃的东西来自各个地方。 ..她正在表明，完全是什么。做食物..但这并不是整个事情..她正在显示自然..她代表了自然。看着她.. iam通过她看着大自然，然后将我属于的地方连接起来..谢谢..
40850,Ugw00rEJ2axgUaD46Yt4AaABAg,1,4 years ago,"if you guys like this kind of healing video, i recommend you to watch 'little forest' movie, it has korean and japan version. and i also recommend 'hyori's bed&breakfast(hyori's homestay)' it's a reality show where shot in jeju island. those two show is very calming and relaxing to watch",如果你们喜欢这种治愈视频，我建议您观看“小森林”电影，它具有韩文和日本版本。我还建议“ Hyori's Bed＆Breakfast（Hyori's Homestay）”这是一个真人秀节目，在Jeju Island拍摄。这两个节目非常平静和轻松观看
31463,UgwWK6Un31GtLSZhyhB4AaABAg,1,4 years ago,her videos are so calming and full of nature. i love it,她的视频是如此平静，充满了自然。我喜欢它
41605,UgzkoiR7mdKgNvapDxJ4AaABAg,1,4 years ago (edited),life's not like this for everyone in china. i'm worried about that dude who makes iphones in a sweatshop.hope he gets some rest.no offence to this video person. she looks calm and serene and multi talented as well.,对于中国的每个人来说，生活不是这样。我担心那个在汗衫中制作iPhone的家伙。希望他会休息一下。她看起来很镇定，宁静，多才华。
31195,UgxPY7cO4hnGhbz1f594AaABAg,1,3 years ago,this is so calming and beautiful...,这是如此平静和美丽...
22181,Ugxg3JN84NsNcB0m6-14AaABAg.932uonigoZx933LsPi7Hvb,1,3 years ago,"as a result, the grandmother was calm, but she was scared to jump up",结果奶奶很淡定，自己却吓到跳起来
40859,UgxCCypwqv0nwr6OUEB4AaABAg,1,4 years ago,watching this calms my soul,看着这个平静我的灵魂
41944,Ugy8LEgIsXPUEu2Q8R94AaABAg,1,4 years ago,"beautiful stimulation of the senses, i could almost smell and taste the delicious food and the calmness around it .....",对感官的美丽刺激，我几乎可以闻到并品尝美味的食物和周围的平静.....
42134,UgwrIoeJODVyyOh7rzx4AaABAg,1,4 years ago,where i can find a place like this. feels so tender and calm..,我可以找到这样的地方。感觉如此温柔和平静。
25546,Ugwj2ioC88ap4v-FIqd4AaABAg,1,3 years ago,"if you are a japanese person, please explain the theme of this video.

i calm down and calm down, but i don't understand the purpose, so i can't calm down.","如果您是日本人，请解释该视频的主题。

我冷静下来并冷静下来，但我不明白目的，所以我无法冷静下来。"
28441,UgwqQHTiRvnC-FE8eJJ4AaABAg,1,3 years ago,"such a calm, amazing simple and happy life of her",她如此平静，惊人的简单和幸福的生活
26224,UgzajsTEzAVrFaHnSt94AaABAg,1,3 years ago,"very calming and peaceful to watch,",非常平静和宁静，观看，
19923,UgwkPdsaw3yf_Fuvbtp4AaABAg,1,3 years ago,calm relaxes. thanks god,冷静放松。感谢上帝
7951,UgzRaauX9ZHqp2BES_Z4AaABAg,1,2 years ago,i feel this true life is a calmness of harmony with nature and a comfort of mind,我觉得这种真实的生活是与自然和和谐的平静和舒适的心态
44948,Ugx032_0hCtX8I6MinN4AaABAg,1,4 years ago,calming ♡,平静♡
923,UgzTbHYq1eSpoiCGLxZ4AaABAg,1,7 months ago (edited),"i like your videos so much! they are saturated with kindness, sincerity, calmness โค๏ธ",我非常喜欢您的视频！他们充满了善良，诚意，平静❤️
34701,Ugyto9dEV3qPFoW7BT54AaABAg,1,4 years ago,"hello! can you please do tutorials on how you do your hair? 
your videos are so calming","你好！您能让您对您的头发做如何做教程吗？
您的视频太平静了"
3259,UgzS8pZY2WAAuhEB3l14AaABAg,1,1 year ago,"cici ziqi .... i hope you are always healthy and god always blessed you with happiness. i swear to miss your content that calms the heart, makes the spirit to learn to cook and love nature. love u always",Cici Ziqi ....我希望您永远健康，上帝总是以幸福祝福您。我发誓要想念您的内容，使您的心脏平静，使精神学会做饭和爱自然。爱你总是
3318,UgzgTLYJF1oyPeqXsSt4AaABAg,1,1 year ago,"thank you for you calming videos, i really appreciate it.",谢谢您的平静视频，我非常感谢。
3739,UgwFweXqY03yPbBiM2d4AaABAg,1,1 year ago,i feel calm when i see your viduha.✨,当我看到你的viduha时，我感到很镇定。
5912,UgwsgAGVT6w_udUvJ614AaABAg,1,2 years ago,"her videos makes me calm, relax and sleepy 's like a form of mind massage",她的视频使我冷静，放松和困倦
7336,Ugxbf2_7_rr9S72PRON4AaABAg.9JwzlYQW9wa9MfqeSz7AEK,1,2 years ago,"calm down , shakespeare",冷静下来，莎士比亚
7636,UgxTsNNf9pLZExY8Abt4AaABAg,1,2 years ago,amazing editing music so calm,惊人的编辑音乐如此平静
43394,Ugz2taGqJQunLOcDYwt4AaABAg,1,4 years ago,so calming.. watching before bed time.. fills me full of peace. makes all the stress and worries of the day fade away.. will sleep well.,如此平静..睡前看。使当天的所有压力和忧虑逐渐消失..睡得很好。
33373,UgySQDlCJEVxQTghijJ4AaABAg,1,4 years ago,looking at this is really calm,看着这个真的很平静
12059,UgzUQiRfalSMHAk6GbN4AaABAg.9DjjoaJ4Xdn9F4247cakRU,1,2 years ago,"yes!!

imagine if we all live such peaceful lives!!
and maybe rely on nature!
its would be so pretty, not really easy, but calm and happy","是的！！

想象一下，如果我们都过上如此和平的生活！！
也许依靠大自然！
它是如此漂亮，并不是很容易，但是平静而快乐"
29680,UgyVEe5HuRYjR7WmFqt4AaABAg,1,3 years ago,your video is calming me. i love the nature around you. i have a dream to live in this kind of place. i like planting and i love vegetables than meat. i'm so glad i found your channel youtube. i agreed with all the people's comments. you're deserve when we call you princess. stay healthy and you can continue making videos for us.,你的视频使我平静。我爱你周围的大自然。我有一个梦想在这种地方生活。我喜欢种植，我喜欢蔬菜，而不是肉。我很高兴找到您的YouTube频道。我同意所有人的评论。当我们称您为公主时，您应该得到。保持健康，您可以继续为我们制作视频。
18062,UgxzafYtYArD3bdkjQZ4AaABAg.97MsAFOk-5T97OUyXPPK08,1,3 years ago,@cateatinrat78 yep me too! it was really calming,@cateatinrat78也是我！真的很平静
16603,Ugw0HKfZE_TUwN1DZE54AaABAg,1,3 years ago,"this is the life i dream of.. simple and fulfilling.. close to nature, calm, and silent.. i love the feeling of living like this.. i wanna be simple and content like her too",这是我梦dream以求的生活..简单而充实..接近自然，镇定和沉默..我喜欢这样的生活的感觉。.我也想像她一样简单而满足
15129,Ugx7uy9U1ayeHWKgqqx4AaABAg,1,3 years ago,"today, a silly b driver rushed into the house, the car in the parking garage was hit, the wall outside the room also collapsed, the driver also ran away, the police recorded the grass, and felt that he was played by life. video, i feel a lot of calm mood. i will find a decoration company tomorrow.",今天一个喝醉酒的傻B开车冲进家里，停车库的车被撞了，屋子外的墙也塌了，肇事司机也跑了，警察记录草草了事，感觉被生活戏耍了，看了子柒的视频，心情平复很多，明天找装修公司的事明天说。
17857,Ugzh_z-gS7dZNOBYLS14AaABAg,1,3 years ago,i always play this video while trying to sleep. that music used to calm me down... now i lost it all and im stuck in my bed missing it :/,我总是在试图睡觉时播放此视频。那种音乐曾经让我平静下来...现在我丢了所有的音乐，我陷入了床上的遗失：/
43792,UgwxTImA8BFKzBnOnWZ4AaABAg,1,4 years ago,waw i love this life.. calm & charm,waw我爱这个生命..冷静与魅力
16719,UgzELOu79jMrGCOfTBZ4AaABAg,1,3 years ago,"it's very calm and the food is coming out very smoothly.""food in peace"":)
https://youtu.be/4bgmuzb3hrm","它非常平静，食物的流畅表现得非常顺利。“和平食物” :)
https://youtu.be/4bgmuzb3hrm"
31762,Ugyj_vauV5Ie3Re__2N4AaABAg,1,4 years ago (edited),"chinese people look so smooth like look at their skin and they always look skinny and have a calming voice and make great food <3 i give props to this race! actually nvm this goes to all asians also!
us caucasianโ€s are terrible at a healthy life style...","中国人看起来很光滑，就像看他们的皮肤一样，他们总是看起来很瘦，而且声音平静，吃得很好<3我为这场比赛提供道具！实际上，NVM也涉及所有亚洲人！
美国高加索人的生活方式很糟糕..."
18438,Ugx7_jw_xk8i7kSIBC54AaABAg,1,3 years ago,"this is just amazing. ma sha allah... so peaceful, relaxing and calming to watch. ❤️❤️",这真是太神奇了。马沙·阿拉（Ma Sha Allah）...如此宁静，放松和平静。 ❤️❤️
15421,Ugy5lFktCLCqCDsFLeF4AaABAg,1,3 years ago,"these videos are seriously such a lovely calming thing to watch, i saw the potato video and fell down a rabbithole because every video is equally as captivating!",这些视频非常认真地观看，我看到了土豆视频，并掉下了一个拉比索尔，因为每个视频都同样令人着迷！
31700,Ugz2pwkBICXdTbZHa2x4AaABAg,1,4 years ago,"this always reminds me of studio ghibli in a lot of ways. the simple life, the calming music, the day to day interactions with people. this is how i imagine ghibli movies to be like after the โ€movieโ€ part. happily ever after.",这总是让我在很多方面让我想起吉卜力工作室。简单的生活，平静的音乐，与人的日常互动。这就是我想象吉卜力电影之后的电影。从此以后快乐地生活着。
36506,UgyoBoFkzDK1bEhX-id4AaABAg,0,4 years ago,"itโ€s so nice to look, you canโ€t take your eyes off the picture, everything becomes peaceful and calmly in my soul. thank you!",看起来真是太好了，您无法将视线从图片上移开，一切都变得和平而平静。谢谢你！
36453,UgzUfX2QjSOsIev1h2R4AaABAg,0,4 years ago,so calming i can watch these all day ๐,所以平静我可以整天观看这些
36420,Ugzon4AMSHk6alWFM994AaABAg,0,4 years ago,this has got to be the most calming chnnel i have ever gone through,这一定是我经历过的最平静
36788,UgwRFo-eaYSHbYMC5yR4AaABAg.8uPQ7pNVLHx9-AnCw90nFq,0,3 years ago,"omg. your comment reminds me of that game. hahaha..the festival, 4 seasons, the calm music and everything !. reminiscing the child hood day with the ps2/1. hope to play that game again in android version.",我的天啊。您的评论使我想起了那场比赛。哈哈哈..节日，四个季节，平静的音乐和一切！用PS2/1回忆起儿童罩日。希望能在Android版本中再次玩该游戏。
36827,UgwlnqKZVXakzCsopK94AaABAg,0,4 years ago,"so calm, i love this",如此镇定，我喜欢这个
40840,UgwzGrh0NUavG9WtWhx4AaABAg.8s6GsnCI1AM8sFtuZ-Dzy1,0,4 years ago,"@minyanzheng5490 calm. it's good to quarrel and go to the program for a good son. recently, it seems that the piracy has been less. it should be a lot of people to help. in fact, it is difficult to avoid it completely, but those pirated numbers actually said that ziyi was a vietnamese indian, which was so disgusting that he couldn't bear it.",@minyanzheng5490 淡定。都是为子柒好就少吵架多走程序就好了。最近似乎盗版号少了点，应该是不少人帮着举报吧。其实也很难完全避免，只是那些盗版号竟然说子柒是越南人印度人，这太恶心下流了，不能忍。
36570,Ugxayp0WfZW_TwNPA-p4AaABAg,0,4 years ago,"i find this helps a lot with anxiety from everyday life
itโ€s calming, relaxing, interestingโ€”every thing that makes quality content","我发现这对日常生活的焦虑很有帮助
这是平静，轻松，有趣的 - 所有使高质量内容的事情"
39307,UgyfVli9loXNYJZmCLp4AaABAg,0,4 years ago,hahah that's so cute when she's startled to jump. but then there's grandma remain calm๐,哈哈，当她吓了一跳时，真可爱。但是随后有奶奶保持冷静。
36965,UgwFYQu0ZjqOQGWD12d4AaABAg.8uLfY_QL-Tn9AH75bU4wwi,0,2 years ago,"when watching these videos, i feel calm in my heart",看这些视频时，我感到内心平静
36993,UgzIdPLAtOjj36G0Qgx4AaABAg,0,4 years ago,most calm and peaceful videos i ve ever seen..,我见过的最镇定和和平的视频。
37981,Ugx84BexfOKw5k-yM494AaABAg,0,4 years ago,my day was too bad today.ur video made me smile.its make me feel soo calm and peaceful. eating and packing and doing all thing are really mind blowing and also little funny.thank u so much.,今天我的一天太糟糕了。视频让我微笑。它使我感到宁静与和平。饮食和包装和做所有事情真的很振奋，而且很有趣。谢谢。
38295,Ugwvx6fJl868LGdVd6h4AaABAg,0,4 years ago,"this our dream place, living in calm with animals, enjoying the fresh air and beautiful sight โค",这个我们梦dream以求的地方，与动物保持平静，享受新鲜空气和美丽的景象❤
40168,UgxaGWb4kl13Hx2_feV4AaABAg,0,4 years ago,"this is so calming.

hi. from philippines.","这太平静了。

你好。来自菲律宾。"
38523,UgxlLmtX0t5HxhDbujh4AaABAg,0,4 years ago,madam u are very calm,夫人你很镇定
40714,Ugw3Ph2rNga7WOsv4s54AaABAg,0,4 years ago,it's just me or at 5:17 kinda remembered me digimon song? and the video itself makes me feel like i'm in heaven since it's so calm and lovely. but i know that since i've been raised in a city i'll never survive normally like her. you are awesome <3,只是我还是5:17记得我的Digimon歌曲？视频本身使我觉得自己在天堂，因为它是如此平静和可爱。但是我知道，自从我在一个城市长大以来，我将永远无法像她那样正常生存。你很棒<3
38972,UgwHKjfAAmGKO1MULZ94AaABAg,0,4 years ago (edited),"this is so peaceful to watch. and the food must be delicious.i would like to live a life like that, without all the anxiety, the streets full of trash, the danger and the suffer, the gas smell, the killing,the money awareness, i just want to live a life that i will enjoy and make my soul calm and happy.",这真是太平了。食物必须很美味。我想过这样的生活，而没有所有的焦虑，街道上充满垃圾，危险和受苦的街道，气味，杀人，杀人，金钱意识，我只想生活我会享受的生活，使我的灵魂平静而快乐。
39103,Ugz9piOGZmmRZcHLX0l4AaABAg,0,4 years ago (edited),"this is by far the best 10 minutes i have ever spent on youtube ,lovely , calmfull and peacefull music .i am amazed with the way most recepies are done here but regarding the way the popcorn is made ..waaw ,never seen anything like it ... what is the name of the baric chamber where you pour the corn pips in ? anyone ?",这是我在YouTube上度过的最好的10分钟，可爱，冷静和和平的音乐。我对大多数回收的方式感到惊讶，但是关于爆米花的制作方式。.Waaw，从未见过这样的东西...倒入玉米的Baric室的名字是什么？任何人 ？
39684,UgzTK-aoEnRjaLByxyp4AaABAg,0,4 years ago,it's so calm and simple but beautiful ๐๐–ค๐–ค๐–ค,它是如此平静，简单，但美丽
306,Ugx7wQZBpReOTJ0Sjht4AaABAg,0,2 months ago,love it.. sooo much soothing and calming,爱它..太舒缓和平静了
40857,UgzLESjBFFiot1BZgMR4AaABAg,0,4 years ago,this vid is calming and entertaining at the same time,这个vid同时镇定和娱乐
40993,UgwUJFZLoX5C9c-BJ_B4AaABAg,0,4 years ago,"i don't think i'll ever get bored watching your videos. the food you make just looks too good, and the music is very calming.",我认为我不会无聊地观看您的视频。您制作的食物看起来太好了，音乐也很平静。
45657,UgwMi5nZn8-sCBoR7lp4AaABAg,0,4 years ago,i hope that my life would be like it is calm,我希望我的生活会像平静一样
45759,Ugw99ATdOTpfSLjz_BB4AaABAg.8r0DpRagQy88r2zcEjnos8,0,4 years ago,"@razerblade9508 bro, calm down. name calling will make you a troll. and i am sure you have good intentions. there is nothing wrong with being aware and observant. casting blame and being curious are two different things. i was being curious. the signs were all there, i wanted more ideas, if there were any. at all. there is nothing wrong with that. as i said, i am not accusing anyone, i freely admitted that i really liked them, despite my curiosity. and obviously, i will watch them when i feel like it. abusing someone on virtual platform doesn't make you virtuous. i am courteous about her videos, they are spectacular and her fans. even you. you went up on arms about nothing. i wished you actually had read and understood what i wrote. but that's not in my control. i think i have said all i needed to say. but you will obviously think whatever you want to. your prerogative. and you have done it beautifully. now that's sarcasm. wish you would learn it properly. but brother, chill. i wish the best to you.",@razerblade9508兄弟，冷静下来。名称通话将使您成为巨魔。而且我确定您有良好的意愿。意识和观察没有错。归咎于责备和好奇是两件事。我很好奇。这些迹象都在那里，如果有的话，我想要更多的想法。根本。没有什么不妥。正如我所说的，我没有指责任何人，我自由地承认，尽管我好奇，我还是真的很喜欢它们。显然，当我喜欢的时候我会看他们。在虚拟平台上滥用某人并不会使您善于良好。我对她的视频很有礼貌，他们是壮观的，她的粉丝。甚至你。您一无所有。我希望您实际上已经阅读并了解了我写的内容。但这不是我控制的。我想我已经说了我需要说的。但是您显然会想到什么。您的特权。而且您做得很好。现在是讽刺。希望您能正确学习。但是兄弟，寒意。祝你一切顺利。
45768,Ugw99ATdOTpfSLjz_BB4AaABAg.8r0DpRagQy88r9LsiHdSCf,0,4 years ago,"@designqq8905 hmm. okay, i see where my comment singed you. let me make it clear that you are reading a lot of things into it. no, i don't mean that if i see a joint project by china, i should jump to the conclusion that it is propaganda. that's your interpretation, i hope that you will admit your mistake when you see it. because that's not what i meant. 
when i said, 'knowing i shouldn't, if you are right....', i meant that i wouldn't disrespect or disregard or be ignorant of the hurt it might cause people who know the truth, whatever it may be, since i have no access to it, which is why, the former comment was followed by my desire of confirmation. don't conveniently choose to see one part and ignore the other. 
i can see your point that the subtitles are inconsistently strewn over videos, and had it been truly propaganda, it would have been differently so. wish you had said it sooner. 
as for me asking you to read the thread, i truly believed you didn't. since your comment about semantics was wrongly placed. i was talking about my language. however, i didn't mean to condescend to you, and if you felt bad about it, then i apologize. hope you will accept it. if you feel that, that was my intention, let me assure you it wasn't. and no, i don't mean that just because you belong from china, i see all chinese people that way. you have absolutely no grounds to base that upon. i merely enquired about it. and i am having a reasonably calm discussion with a stranger on a dangerous virtual platform, does that indicate that i am putting everyone in the same category? as for technology, i know for a fact that she has an imac, a professional editing machine. she edits her own videos. before you twist that as well, let me make it clear that she doesn't do it on her phone, is all i am saying. i can't help but feel like a lot of your feelings about my comments are culled from your perception of how the world sees china. and please stop seeing it from the angle that i am criticizing her videos. i can't press enough on the fact that i never did. i am very glad to know that she is a positive source of inspiration for the people of china. so please, i insist you stop dragging that cat through the mortar. i have been courteous to you, and apologized if your sentiments were hurt. i will have to request you stop misinterpreting my every word. and you did read things that you wanted to read. since i didn't mean them, i know i am speaking the truth. 
yes, every country does try to promote itself, and i will wager that a lot of it is actually propaganda. my country does it, so does the others. the difference is that the people have a right to prove them wrong on a public platform. we have the right to criticize them openly and call them on their misrepresentation. and here, the remark is about the government, not your culture or people. 
finally, i will reiterate that my intention was not to hurt your feelings. you think there was an ulterior motive. there wasn't. you think that i think the apples don't fall far from the tree. i don't. and my deduction was just that, presence of a crew. that could indicate a joint project of a political nature, but in this case, as you rightly suggested, it doesn't, since the subtitles are spare. 

now, i am tired of explaining things again and again. i hope you understand. and good day.","@DesignQQQ8905 hmm。好吧，我看到我的评论在哪里唱歌。让我清楚地表明您正在阅读很多东西。不，我并不是说，如果我看到中国的联合项目，我应该得出这样的结论：这是宣传。那是您的解释，希望您在看到错误时会承认自己的错误。因为那不是我的意思。
当我说：“知道我不应该，如果你对... ，由于我无法访问它，这就是为什么，前者的评论之后是我对确认的愿望。不要方便地选择看到一部分而忽略另一部分。
我可以看到您的观点是，字幕在视频上不一致，如果确实是宣传，那将是不同的。希望您早日说。
至于我要你阅读线程，我真的相信你没有。由于您对语义的评论被错误地放置了。我在谈论我的语言。但是，我并不是要屈服于您，如果您对此感到难过，那我深表歉意。希望你会接受。如果您觉得那是我的意图，让我向您保证不是。不，我并不是说仅仅因为您属于中国，我都会看到所有中国人。您绝对没有理由以此为基础。我只是询问它。而且我正在与一个危险的虚拟平台上的陌生人进行相当平静的讨论，这是否表明我将每个人都属于同一类别？至于技术，我知道她拥有一台专业编辑机器的iMac。她编辑自己的视频。我只说，在您扭转这一点之前，让我清楚地表明她不在手机上做到这一点。我忍不住想像您对世界如何看待中国的看法，您对我的评论的许多感觉都被淘汰了。并且请不要从我批评她的视频的角度看到它。我从未做过的事实不足。我很高兴知道她是中国人民的积极灵感。所以，我坚持要你停止将那只猫拖到砂浆上。我对你很有礼貌，如果你的情绪受伤，道歉。我将不得不要求您停止误解我的每个单词。您确实阅读了想阅读的东西。由于我不是他们的意思，所以我知道我在说实话。
是的，每个国家都试图提升自己，我会敢打赌，其中很多实际上都是宣传。我的国家也这样做，其他人也这样做。不同之处在于，人们有权在公共平台上证明他们是错误的。我们有权公开批评他们，并致电他们的虚假陈述。在这里，言论是关于政府的，而不是您的文化或人民。
最后，我将重申我的意图不是伤害您的感受。您认为存在别有用心。没有。您认为我认为苹果不会落在树上。我不。我的推论就是，船员的存在。这可能表明一个政治性质的联合项目，但是在这种情况下，正如您正确建议的那样，这不是，因为字幕是备用的。

现在，我厌倦了一次又一次的解释。我希望你明白。和美好的一天。"
46001,UgxCYFHj4gDEgF_eDTh4AaABAg,0,4 years ago,i always think your video is calm,我总觉得你的视频很平静
46133,UgxYncM32Yg9lTRZzMp4AaABAg,0,4 years ago,nyalk on is life and calm,尼克（Nyalk）是生活和平静
46172,UgwdOqV8XNRIrZFlnyt4AaABAg,0,4 years ago,"a calm life or everything natural foodstuffs, picturesque nature, calmness in the movements, yasalam",平静的生活或一切天然食品，风景如画的自然，动作中的平静，Yasalam
46412,UgwLgH79_7jMwfSBoth4AaABAg,0,4 years ago,i love your channel so much! it’s so relaxing and calms my anxiety.,我非常爱你的频道！太放松了，让我的焦虑平静。
46445,UgzMIPvg3LiufB-irVt4AaABAg,0,4 years ago,mother -in -law is more calm than miss 233333333,婆婆比小姐姐还淡定233333333
46468,Ugwoj2mz2njKuPqKuyZ4AaABAg,0,4 years ago,"really nice video and such a calming song, could somebody tell me the name or link it. thanks in advance and happy chinese new year :d",真的很不错的视频和如此平静的歌曲，有人可以告诉我这个名字或链接它。预先感谢和春节快乐：D
46469,UgxWJcsJndxnajsISq54AaABAg,0,4 years ago,calm. .,冷静的。 。
47261,Ugwfk3xdPivGshq8FhZ4AaABAg,0,4 years ago,"essence essence essence essence just finished the glory of the king, and the teammates like pigs were so angry that i was going to die. after watching your video, my heart calmed down",。。。。刚打完王者荣耀，被猪一样的队友气到要死，看了一下你的视频，心中冷静下来了
47410,Ugz0DjIcpLXWz747vtN4AaABAg,0,4 years ago,so many delicious treats from fresh naturally grown real foods by a very creative and able person. thank you for another interesting and calming vid. happy lunar new year to all involved in the creation of this vid and to those who watch it!,如此富有创造力和能力的人会从新鲜的天然食物中获得如此多的美味佳肴。谢谢您的另一个有趣而平静的视频。所有参与创建这个vid的人以及观看它的人！
48033,UgxoBbXIAfrGOXP0IWF4AaABAg,0,4 years ago,such a wonderful channel in youtube and the best.. u make me calm... thank u for this video,在YouTube和最好的频道中如此出色的频道..您让我冷静...谢谢您的视频
48295,UgyWO-K4v5ZxAtoK9uB4AaABAg,0,4 years ago,"ziyi helped grandma covering her ears, and she was frightened by herself. the grandmother was calm. so cute!",子柒帮奶奶捂住耳朵，自己被吓了一大跳，老奶奶镇定自若。太可爱了！
48945,UgxPo6kOuA3LFBXzzNN4AaABAg,0,4 years ago,best videos u make awesom grl !! but cannot download ur videos so that i can watch them whenever i find calm so sad about it !,最好的视频，你做得很好！但是无法下载您的视频，以便每当我发现这么镇定时都可以看它们！
50080,UgwkdwTTSjX8IzSOD0p4AaABAg,0,4 years ago (edited),"i honestly thought that at 3:37 she was going to start making fondant ! lol
who thought the same?

i love these videos. it brings me so much calmness.","老实说，我以为在3:37她将开始制作软糖！哈哈
谁也是如此？

我喜欢这些视频。它给我带来了很多镇定。"
50316,Ugz-3TCEVWgpBQCjHBJ4AaABAg,0,4 years ago (edited),"glad i found you. your videos make me calm, happy, hungry and amazed all at the same time. if you ever ran a 7 day tour to just hang out with you doing your daily activities i would sign up no doubt! ❤",很高兴我找到了你。您的视频使我同时冷静，快乐，饥饿和惊讶。如果您曾经进行为期7天的巡回演出，只是与您一起进行日常活动，我将毫无疑问！ ❤
50541,Ugxb0VOZGxt6LSzwYZl4AaABAg,0,4 years ago,your videos r truely amazing....soo calm n soothing..lots of love from india,您的视频真是太神奇了。
52601,UgyVK-hm92xqwMpJLIh4AaABAg,0,4 years ago,i always wonder why they don't touch the skin of that fruit. is it itchy or something? please tell me in a nice way. tsk. anyway. your video is great! thank you for uploading such a wonderful video. it calms me down. i love you. :),我总是想知道为什么他们不碰到那种水果的皮肤。是痒吗？请以一种很好的方式告诉我。 TSK。反正。您的视频很棒！感谢您上传如此精彩的视频。它使我平静下来。我爱你。 :)
45557,Ugyu-VE4pJfty3FzP1F4AaABAg,0,4 years ago,"i love watching your vedio,so calm and relaxing.",我喜欢看着你的吠陀，如此镇定和放松。
45464,UgyCs026JuFENoKnt3t4AaABAg,0,4 years ago,"i love to see your videos, they are so calm and relaxing and awaken my appetite hahaha i would like to know their country.",我喜欢看您的视频，他们是如此的镇定和放松，唤醒了我的食欲哈哈哈，我想知道他们的国家。
45369,UgxlhimWspu85X5_hcR4AaABAg,0,4 years ago,"those are sunflower seeds not melon seeds, right? i truly love the peacefulness to the cinematic video editing and soothing background music! esp when she picked that pomelo with the perfect shaped basket fruit picker lol it was so calming to watch",那些是葵花籽而不是瓜子，对吗？我真的很喜欢电影视频编辑和舒缓背景音乐的和平！特别是当她用完美形状的篮子拾取器大声笑挑选pomelo时，这真是太平静了
41769,UgwpkJwyBhQsW3C-Ye14AaABAg,0,4 years ago,i felt really calm watching this,看着这个我真的很镇定
41169,UgylE4uo0YEmGY2zhaZ4AaABAg,0,4 years ago,the sound in life calms down. this video told me,人生中的声音平静下来。这个视频告诉我
41206,Ugyok7yMokXDZn5pAOh4AaABAg,0,4 years ago,this was very calming <3,这很平静<3
41288,UgyNutchIw1ImAPwC014AaABAg.8s-Bf-O9ew08s0RdLJywQ0,0,4 years ago,there is a funny heart under the calm appearance!,平静的外表下有一颗逗比的心！
41336,UgzijMLvZxWVecjK9mR4AaABAg,0,4 years ago,"this video makes me feel peaceful, calm and relaxed because of the music and views that are served are extraordinary .. keep up to make more videos like this girl ...",这段视频使我感到和平，镇定和放松，因为音乐和景色是非凡的。。。。。。。。。。。。。。。。。。。。。。
41424,UgxsMCrQE50JSyvuTLJ4AaABAg,0,4 years ago,i dont know but i feel so calm,我不知道，但是我感到很镇定
41444,UgxHAlswM0ZoMxfKCJt4AaABAg,0,4 years ago,"your videos transmit a lot of peace and very calm before sleeping, it is incredible. <3",您的视频在睡觉前会传播很多和平与镇定，这是令人难以置信的。 <3
41675,UgxscKMPHaI_HYbeK7R4AaABAg,0,4 years ago,"i could spend my whole life looking at yours.
its so calm and chill, thank you for sharing.","我一生都可以看着你的。
它是如此的冷静和寒意，谢谢您的分享。"
41726,Ugw5L7WR7L14mxgorOx4AaABAg,0,4 years ago,your video í just so calm and peaceful,您的视频是如此镇定和和平
42960,UgxP73KmZcwB8sVj7SJ4AaABAg,0,4 years ago,"beautiful! ❤thank you for sharing this amazing atmosphere, it gives calmness and peaceful joy. but where all that incredible organic sweets are going, to local market?",美丽的！ ❤感谢您分享这种令人惊叹的气氛，它带来了平静和和平的喜悦。但是，所有这些令人难以置信的有机糖果都在哪里？
45267,UgwWan8YdXuOkbpnVQp4AaABAg,0,4 years ago,i like to look at his videos brings me very calm aoy from bolivia greetings arigato,我喜欢看他的视频给我带来了来自玻利维亚问候Arigato的非常冷静的Aoy
43131,UgwsAAmF32iciyrwI1F4AaABAg,0,4 years ago,what track did you use for this video? it was so calming,您在此视频中使用了什么曲目？太平静了
43336,UgxQMti6IDosL-DoE594AaABAg,0,4 years ago (edited),'allah she is as nice and very calm as allah gives me a pious woman!,她像真主给我一个虔诚的女人一样友善，非常镇定！
36260,UgwUgqvTdcVZ8splJ2B4AaABAg,0,4 years ago,these vids are so calming love themโฅ๏ธ,这些视频是如此平静，爱他们♥♥
43421,Ugw5ZfLsHf38fsjWIHB4AaABAg,0,4 years ago,"the delicacy and strength she puts ... the disposition, the calm in her eyes ... it's all so perfect!",她所说的精致和力量……倾向，在她眼中的平静……一切都很完美！
43596,UgypccLmAjvuUlcvp214AaABAg,0,4 years ago,this looks like little forest. it is so calming,这看起来像小森林。太平静了
43813,UgxQbq7s1v11SAuFXSZ4AaABAg,0,4 years ago,i find this series so beautiful :) so fascinating and calming,我发现这个系列是如此美丽:)如此有趣和平静
44385,UgwZtS0tNraZH_srgo14AaABAg,0,4 years ago,wow... this is fresh content. asmr-calming and just satisfying? how do i describe this. it's like a high quality movie production! this is better than a documentary! is this like a calming vlog-cumentary??? i love this but idk how to describe it,哇...这是新鲜的内容。 ASMR镇压和令人满意？我如何形容这个。就像一部高质量的电影制作！这比纪录片好！这就像一个平静的视频博物馆纪录片吗？？？我喜欢这个，但是idk如何形容它
44861,Ugyr-8GcwBZKbD64xoh4AaABAg,0,4 years ago,i love her videos so relaxing and calm and peaceful to watch. love the nature and animals.,我喜欢她的视频，非常放松，镇定和宁静。爱大自然和动物。
36363,Ugz4FNoGCGmGUhUMBMR4AaABAg,0,4 years ago,i'm mad for the past few days but now i'm calm after watching this๐๐’๐’๐’๐ธ๐€๐ท๐๐๐บ,过去几天我很生气，但是现在看这句话后我很冷静
30427,UgwKEQDVT2SyUsdXhOB4AaABAg,0,3 years ago,thank you for your video it makes me happy calm and work more harder to make healthy wood for my family,谢谢您的视频，这使我感到高兴，并更加努力地为我的家人制作健康的木材
36105,UgxHbkoz2Sd38HXTDRp4AaABAg,0,4 years ago,"there are no words, only admiration and positive emotions, all the same, they say correctly ""the east is subtle."" such a video is unusual. so much calm. interesting solutions. and most importantly, what a lovely dog โ€โ€and a kid. thanks a lot.",他们没有言语，只有钦佩和积极的情绪，都是一样的，他们正确地说：“东方是微妙的”。这样的视频很不寻常。如此平静。有趣的解决方案。最重要的是，多么可爱的狗和孩子。多谢。
13798,UgwzvHqpX7ez7NMlyUV4AaABAg,0,2 years ago,calms ....,平静....
9685,UgxOVkgsEa8PDGZqaBd4AaABAg,0,2 years ago,very nice calm i like this life thanks i'm from morocco,非常好平静，我喜欢这一生，谢谢，我来自摩洛哥
9860,UgyS-TRasIwP1HEUrGx4AaABAg,0,2 years ago,calming..,平静..
9879,UgxTHK4Si6g6euV8MYJ4AaABAg,0,2 years ago,the music reminds me of pokemon and my childhood:) so calming to watch!,音乐让我想起了口袋妖怪和我的童年:)很平静地观看！
10216,UgxFyybmA7zSf8wsOkN4AaABAg,0,2 years ago,"after reading it, i feel a lot calm in my heart",看完感觉心里平静许多
10428,Ugzd_cZLFAk7q78P_Sd4AaABAg,0,2 years ago,this is so calming to watch ๐,这真是太平静了
10520,Ugz6DyPfaxrhe5Xsr6h4AaABAg,0,2 years ago (edited),"chinese-this video is too calm. i hope our world is like this

english-this video is so people and beautiful i wish our world was like this","Chinese-这段视频太平静我希望我们的世界就像这样

English-This video is so peaceful and beautiful I wish our world was like this"
13140,UgyqNY4eCbTI0fRjf9t4AaABAg,0,2 years ago,idk why but liziqi's videos are so calming,idk为什么，但是利兹奇的视频很平静
13282,UgwfGs812EPtsJsG5O54AaABAg,0,2 years ago,i am sick and i watched your video...it was so calm and peaceful,我病了，看过你的视频...太镇定和宁静了
13764,UgwVL1TaJCnd6vHdUph4AaABAg,0,2 years ago,enough to live my life calmly like this,足以像这样平静地过着我的生活
15261,UgzoO872gRGqdrVp1Ah4AaABAg,0,3 years ago,the music is calming too,音乐也很平静
20641,UgyQwCV8nSWWwQ4NZ0F4AaABAg,0,3 years ago,something so calming about these video clips.....๐ค”๐ค”๐ค”๐ค”,这些视频片段如此平静的东西.....
15853,UgxKHaY1dUJ56tX8EA54AaABAg,0,3 years ago,i really want to there .. so calm and peace,我真的很想在那里..如此镇定与和平
17002,UgwlmmML2YEwF9iP4IJ4AaABAg,0,3 years ago,you have no idea how quickly i would pay to order your hand wrapped candy and or beef jerky. your videos are amazing and so calming i just wanted to say thank you.,您不知道我要付出多快来订购您的手包裹的糖果和 /或牛肉干。您的视频很棒，很平静，我只是想说谢谢。
17041,Ugxb7Ottx_VbYP3cnwZ4AaABAg,0,3 years ago,too calm,太平静了
17255,UgzJKDymEHAa1g-4V9p4AaABAg,0,3 years ago,i can't stop watching this videos. so calm and relaxing!!!,我不能停止观看此视频。如此镇定和放松！！！
18306,UgwqKaxK2rxe2EA2R8x4AaABAg,0,3 years ago,"just imagine living far away from crimes,loud noises and factories..so calming",试想一下，生活远离犯罪，大声的噪音和工厂。
18487,Ugx2SZ4T614NTByQWvl4AaABAg,0,3 years ago,why are her videos so calm with the music and the sound ?:),为什么她的视频对音乐和声音如此镇定？:)
19238,UgwbA1Ebq7gA1t_O9md4AaABAg,0,3 years ago (edited),"i'm really loved your vdo, made all calm down and learning how to survive with all stuff around you. and i do like to grow herb, vegetables and build all things byself around our house and in the garden too, love closed with the nature. #fc thai living in netherland.",我真的很喜欢您的VDO，使所有人平静下来，学习如何与周围的所有东西一起生存。而且我确实喜欢种植草药，蔬菜，并在我们的房子和花园里也用自己建造万物，爱与大自然结束了。 #FC泰国居住在荷兰。
19797,Ugy6DX0oIS-TO-hH54B4AaABAg,0,3 years ago,"i love her videos, they’re so peaceful and calm. the wholesome part of youtube.",我喜欢她的视频，他们是如此和平与平静。 YouTube有益健康的部分。
19812,UgyK0v5bMxAyUGUKMM94AaABAg,0,3 years ago,"子 漆 ahh i don't know what to do so much that i'm bored and i'm overwhelmed, most importantly, i'm tired, i don't want to think about it anymore, what a calm and simple life would be good.",子子啊，我不知道该怎么做，以至于我感到无聊，我不知所措，最重要的是，我很累，我不想再考虑一下，一种平静而简单的生活会做好。
9393,UgwZ7ufzX2G7H73HWHl4AaABAg,0,2 years ago,so calming,如此平静
9225,UgyO6xn3QShFWfqJ8Ql4AaABAg,0,2 years ago,puppies and a lamb follow her... is she heidi of the mountains .... she is so adorable and her videos calm me down.,幼犬和一只羊羔跟着她...她是山上的海蒂。。。
9220,Ugx0CSckEQzt2EQoY2x4AaABAg,0,2 years ago,"john 14:6 kjv, ""jesus saith, i am the way, the truth, and the life: no man cometh unto the father, but by me.""

1 peter 2:24 niv, ""he himself bore our sins in his body on the tree, so that we might die to sins and live for righteousness; by his wounds you have been healed.""

john 3:16 kjv, ""for god so loved the world, that he gave his only begotten son, that whosoever believeth in him should not perish, but have everlasting life"". 

romans 3:23-24 niv, ""...for all have sinned and fall short of the glory of god, and all are justified by his grace through the redemption that came by christ jesus"".

john 8:12 kjv, ""i am the light of the world: he that followeth me shall not walk in darkness, but shall have the light of life"". 

jesus is the only way to god, the truth of salvation, and the breath/bread of life. 

accept jesus christ as your lord and saviour. sins separate us from god because he's holy. all sins will be forgiven and erased through faith in christ jesus. god ♥ you, is alive, merciful, faithful, truthful, and is waiting with his arms wide open for you! for jesus did not come to establish a religion, but to become a mediator between god and men.

through the grace of god, jesus was given to us by paying the price at the cross at calvary. repent and confess from your sins to jesus and ask him to forgive you. a sinner cannot save a sinner, only a sinless person can. that sinless being is jesus christ himself.

through the faith in christ jesus, the sick was healed; everywhere he went, he healed the blind, the mute, the deaf, the demon-possessed, raised the dead, as well as performed many miracles; he also walked on water, turned water into wine, calmed the storm with his command, and was raised up from the dead. miracles are still being seen today! jesus is our helper, our healer, our refuge/protection, and our strength for when time gets tough.

god is standing and knocking at the door waiting for your answer right now because the kingdom of heaven is coming.","约翰福音14：6 KJV，“耶稣说，我是道路，真理和生命：没有人会给天父，而是我。”

1彼得2:24 NIV，“他本人在树上的身体中犯了我们的罪过，这样我们就可以死于罪恶并为公义而活；通过他的伤口，您已经得到了治愈。”

约翰福音3:16 KJV，“因为上帝如此爱世界，以至于他赐给了他唯一的儿子，以至于谁相信他的人不应该灭亡，而是永生的生活”。

罗马书3：23-24 NIV，“……因为所有人都犯了罪，并没有上帝的荣耀，所有人都通过基督耶稣的救赎而被他的恩典所辩护。”

约翰福音8:12 KJV，“我是世界之光：跟随​​我的人不会在黑暗中行走，而应具有生命之光”。

耶稣是通往上帝的唯一途径，救赎的真理以及生命的呼吸/面包。

接受耶稣基督为你的主和救主。罪与我们与上帝分开，因为他是圣洁的。通过对基督耶稣的信仰，将宽恕和抹去所有罪。上帝♥你，活着，仁慈，忠实，真实，他的手臂宽大地等待着你！因为耶稣不是来建立宗教，而是成为上帝与人之间的调解人。

通过上帝的恩典，耶稣是通过在Calvary的十字架上付出代价的。从你的罪向耶稣身上悔改并承认，请他原谅你。罪人不能拯救罪人，只有一个无罪的人才能。那无罪的是耶稣基督本人。

通过对基督耶稣的信仰，病了。他到处走了，他治愈了盲人，沉默寡言，聋人，恶魔，抚养了死者，并表现出了许多奇迹。他还在水上行走，将水变成葡萄酒，用他的命令使暴风雨平静下来，并从死里复活。今天仍在看到奇迹！耶稣是我们的助手，我们的治疗者，我们的避难/保护，以及时间变得艰难时的力量。

上帝正在站着并敲门，因为天国即将到来，所以现在等待您的回答。"
9070,UgwWcJfRjEK9GBzRtAF4AaABAg,0,2 years ago,"life is fine, a calm life is such
i like it .. if i would like such a life too","生活很好，平静的生活就是这样
我喜欢它..如果我也想要这样的生活"
669,UgxF1-2IEr5-hr8_1dl4AaABAg,0,5 months ago,a feeling of calmness and comfort,一种平静和舒适的感觉
1090,Ugz5BcTdSW3zNkjcV7Z4AaABAg,0,8 months ago,i hope you can comeback soon. your video is calming. โค๏ธโค๏ธ,希望您能尽快回来。您的视频很平静。 ❤️❤️
1137,UgyZuSlGw5J9rs3_Y3F4AaABAg,0,9 months ago,you make me calm just watching you ๐,你让我冷静，只是看着你
1192,UgznQVcMtnrpq0-2ByB4AaABAg,0,9 months ago,"thankyou liziqi, your content so beautiful, makes my heart calm and comfortable every time i see your video",谢谢您的liziqi，您的内容如此美丽，每当我看到您的视频时
1382,UgzAygWXi-7MJIP3m9J4AaABAg,0,10 months ago,"the scene looks calm, remind me of my childhood, thank you",场景看起来很平静，让我想起了我的童年，谢谢你
1401,UgyViic4uLs7YiCUga14AaABAg,0,10 months ago,"god willing, a wonderful and calm life",上帝愿意，美好而平静的生活
1493,UgwQYO0F_EFOc4CBzVB4AaABAg,0,11 months ago,i don't know why whenever i m back in your channel.. how much time went by.. but i just fell calm and content ๐…,我不知道为什么每当我回到您的频道中。
1644,UgzeyPTRlMes3247MsB4AaABAg,0,1 year ago,they have a lot of food.so inspiring 's my calmness,他们有很多食物。
2094,Ugw-Ue50cmSabJQfLqt4AaABAg,0,1 year ago,"do not from the sky. renewal (life of life, memory, time), objectized thinking (mirror opposite, ability to oppose, confrontation of mind, messenger and non -me), self -consciousness, is a trap. (no matter who sets the trap. no matter it is related to the second law of thermodynamics.) it is a robbery.
the diversity of life is complicated, so that ""the mirror is unchanged, and the phase variant is unchanged. so as a rosary."" i, i, i, ... "". is it inevitable? is it considered a progress or evolution, and there is no need for discussion. (even science is fans. fans from all walks of life can't offend)
with me, i lost my own (so -called me, my self -definition: i have it, there is no need to read me.)
freedom often, no need to find.
riding a donkey to find a donkey, looking for his head, anxiety, nervousness, and pain (to crazy). this should be a common sense and cannot be avoided. even if you do n’t go to the school to receive instilling (the ancient and modern chinese and foreign instills are paste, big witch and small witch, fifty steps and hundred steps, the same), and being named by the parents at the “niang gow”. essence
this may be the price that the so -called civilized progress (or the so -called prosperity development) must be paid.
the concept noun, according to ""a brief history of humanity"", is a powerful weapon for the wins of the homo sapiens.
it now appears that this is a double -edged sword.
human beings are about to (or have already) so crazy to destroy this world (this prison, this corner field, the fighter field)
anyway, each ownership (there are all kinds of promises. including nothingness, or even absurdity, each have their own fans.)
go to see marx, go to see the ancestors .......
the so -called conflict of civilization is not just the dispute between the conceptual dispute, the mixed geographical skin color and even the habit of dispute, etc.
there are unified thoughts, standardization, simplification, part -time, systematic, modern, and global blessings. these war machines cannot stop.
this may be a disaster that will usher in the evolution of life.
i got a hint from a great place many years ago. unexpectedly, it is so obvious now. (at least for me, it is obvious)
the effort to try to try with the mud has long failed, but now it has been verified that this is basically a car.
let's practice it. only practice.
xin zhai did not, the cliffs were scattered, and he fell into the darkness at all, admitting ignorance. (from a song from pu shu)
or can get new life. heaven and man are one, and the tao is not out of the foreigner. it is often sufficient. as a result, calmly, facing the ending of life and even the universe.
(but pay attention: unequal mind and easy to enter the magic.)

renewal: continuity. it was mainly inspired by the story of the knowledge of knowledge (good and evil differences) by the temptation of the snake.
some people say that adam's original sin originated from eve's lying. in fact, there is no snake, it is eve to seduce adam himself.
i wrote a short article to refute this absurd interpretation. (yi zhongtian believes that this snake is related to reproductive worship. it is more than this more than this.)
see ""adam's original sin (eve did not lie)"" 6park.com
""diamond sutra"": ""no one, no one, no one, no beings, no life.""
generally explained as equal treatment. not bad. but what is the ""life""?
some people say that it is a fake word of ""suffering"", and those who have no sufferings depends on the appearance of through the body. it is also easy to say, but it is not coherent with the context.
i think: the so -called life, regardless of longevity and shortevity, and those who have a life span. (not only beings, not life, but also life.)
the actual feiya is not moving, fang sheng fang died, fang dead fangsheng (zhuangzi) has a life span, which is the illusion or illusion that memory brings us (like visual retention) 6park.com
regarding memory phase and time, please see ""congenital first reason (background and source)"" 6park.com
regarding the trap of objectization thinking and self -consciousness, please see ""objective thinking (self -conscious trap)"" 6park.com
mirror opposite is a metaphor, which is more important. it can be said: everyone (even all perception sentient beings) is a bright mirror that is the same.
(the dimension is pushed. we are a two -dimensional plane in front of us. it is not three -dimensional. three -dimensional logic from our straight logic. what we see is illusion. we can't see the actual space. it's bent.)
including the body, it is just a mirror image.
where did this sensory mirror come from? no one knows.
at least i don't know, i can only guess. at present, my recommended conjecture is: energy conservation, energy first.
if you have energy, you must light up your consciousness, and even the so -called non -organism. it is definitely not self -conscious, or even if it is, it is extremely vague and extremely unstable. 6park.com
the metaphor of a rosary, like snakes, seduces selfish self -cultivation.
on one occasion, a netizen asked me: why did he feel that he had many previous lives and died in the same nanjing massacre.
i made an analogy. zhuangzi: fang sheng is dead, fang dead. for example, the mahjong card stacked together.
the difference is just stacked neatly. there is still the next life, and it still has to be empty and it is not worth pursuing. 6park.com
regarding the second law of thermodynamics, due to the lack of professional knowledge, it cannot be accurately judged. at present, it is considered that: uniform distribution is an orderly. the complexity and diverse life (each gene is different, including twins, including clones, there are somewhat places to copy wrong homework, and there is no mutation or evolution), which is disorderly.
therefore, there is no contradiction between the laws of thermodynamics and the evolution of species. it cannot be misleading because someone wrote this book or made a prophecy, thinking that the world should live like this, and it is better to destroy it. see the contradiction between the second law of thermodynamics and evolution? ""6park.com
if we face a disaster, we do not from heaven, the crazy from our own, and the cause is the self -loss that must be caused after self -awareness.
找不到真正的自己，必然要攀援（执着于镜中像，例如身体或金钱，笔杆子，刀把子，等等等等）或妄想（执着于对于镜的猜想，各种名词之争，以至于the so -called civilization conflict, at the expense of destroying this world, must also maintain your beliefs)
this may not be avoided. 6park.com
collective, it is mainly bad in the modernization of standardization industrialization.
the so -called civilization, the so -called cultural circle, has become a war machine that has become unified.
(western advocating personality is an illusion. actually, the family cannot standardize it into a screw, which is not conducive to industrialization. see ""another brick on the wall"")
this simple and orderly repeatting is a reactionaries that violate the heavens, not a variety of complicated life.
energy is conservative, life will not be cut off, and the big deal will change the form. the standardization of the systemic and the cold war machine will inevitably be destroyed.
i kept at the nuclear winter.
(genghis khan's war machine is also very ""modern"".
establish officers such as functions and so on. and the whole people can be equipped with a quota, without any troubles such as three crickets.
is the winner more advanced? ) 6park.com
(there is no determination to go to the end of the hundreds of millions of people, and there is no spirit of swallowing the ten directions in the lone peak, and talk about the real awakening.
even if it is a praying arm blocking the car, the wind is not shining anyway, try it again. .

personally, you can practice xinzhai's inaction and let the cliffs let it go.
dharma: foreign interest (let go of my persistence, like persistence), there is no breath in the heart (letting go of the law, the mirror persistence)
this is the mind, not in the external behavior, meditation or standing piles, running or sleeping, let alone practice unnecessary asceticism.
altar scriptures: there is no need for righteousness and evil. long extension lying on his feet.
one foot evil, that is, obsessed with foreign ministers, one foot is positive, that is, imagine the infinite perceptual body (it is too easy to enter the magic, because there is no difference between good and evil)
don't do the so -called good things, let alone do bad things (not chinese culture too much sauce cylinder, some people are dull by themselves)
the method of inaction is the principle of leverage, the alternative use of cathode and yang (see ""alternative application of leverage principles"")
be careful of all the so -called proofs, especially the sudden sensitivity, such as suffering from a sense of purity, sober, clear and clean ...
there is no need to do thousands of miles in life experience. this does not become a test, mainly depending on the inner and unequal (see ""equal equality and entering the magic"")","劫不从天外来。相续相（寿者相，记忆相，时间相）、对象化思维（镜像对立、能所对立、心物对立、我与非我的对立）、自我意识，是个陷阱。（无论是谁设的陷阱。无论与热力学第二定律有没有关系。）更是一个劫。
生命之多样复杂，以至于敏感到“像变镜不变，相变体不变。从而串起一条念珠。“我，我，我,.......”. 是不是演化的必然，算不算进步或进化，也没有讨论的必要。（连科学也是有粉丝的。各路粉丝都得罪不起）
有了个我，反而失去了本我（所谓本我，我的自我定义：本就有的，没必要念的我。）
自在常在，无须寻找。
骑驴找驴，迷头觅头，焦虑紧张烦恼痛苦（以至于疯狂），这应该是人之常情，也无法避免。即便不去学校接受灌输（古今中外灌输的都是浆糊，大巫小巫，五十步与百步，一样的），被父母指着“娘生褂”起个名字，就已经是迷失的开始了。
这也许是所谓文明进步（或所谓繁荣发展）必须付出的代价。
概念名词，据《人类简史》，是智人胜出的有力武器。
现在看来，这是柄双刃剑。
人类快要（或已经）疯到要不惜毁去这个世界（这个监狱，这个角斗场、斗兽场）
反正各有各的归属（各有各的应许之地。包括虚无，甚至荒诞，也各有各的粉丝。）
去见马克思，去见祖宗.......
所谓文明的冲突，不止于理念之争宗教之争，混杂了地域肤色甚至习惯之争等等等等
有统一思想、标准化、简单化、零件化、系统化、现代化、全球化的加持，这些战争机器是停不下来的。
这或许是生命演化出自我意识后，就必将迎来的一劫。
我很多年以前就从某位大能处得到暗示。没想到如今已如此明显。（至少对我来说已经很明显了）
试图和稀泥的努力早就失败，如今不过再次验证这基本上是螳臂当车。
还是实修吧。也只有实修了。
心斋无为，悬崖撒手，不惜坠入黑暗，承认无知。(出自朴树的一首歌）
或能获得新生。天人本一，道不外人，常在具足。从而自在从容，潇洒面对人生乃至宇宙的ending。
（但是要注意：心不平等易入魔。)

相续相：连续感。主要受夏娃被蛇诱惑吃了知识果（善恶分别果）的故事的启发。
有人说亚当的原罪源于夏娃的撒谎。其实没有蛇，是夏娃自己要诱惑亚当。
我曾写了篇短文反驳这种荒唐的解读。（易中天认为这蛇与生殖崇拜有关。也比这强了不止一点。）
参见《亚当的原罪（夏娃没有撒谎）》 6park.com
《金刚经》：“无我相，无人相，无众生相，无寿者相。”
一般解释为要平等对待。大抵不差。但何谓“寿者”？
有人说是“受”的通假字，无受者，就是说要看穿身体这个表相。也说得通，但与上下文不太连贯。
我认为：所谓寿者，不分长寿短寿，有寿命可计的都是寿者。（不仅是众生，非生命，也是寿者。）
而实际飞矢不动，方生方死，方死方生（庄子），有寿命可算，是记忆带给我们的错觉或幻象（好比视觉暂留） 6park.com
关于记忆相与时间相，请看《先天第一因（背景与源头）》 6park.com
关于对象化思维与自我意识陷阱，请看《对象化思维（自我意识陷阱）》 6park.com
镜像对立，是个比喻，比较重要。可以这么说：人人（乃至所有的知觉众生）都是一面同样圆满的明镜。
（维度是推想出来的。我们眼前是个二维的平面。不是立体的。三维来自我们笔直的逻辑。我们看到的是幻象。实际的空间我们看不到的。按物理学来说不是平直的是弯曲的。）
包括身体，都只是镜中像。
这个知觉镜到底从哪里来的，没人知道。
至少我不知道，只能猜。目前我比较推荐的猜想是：能量守恒，能量第一性。
有能量必然点亮知觉，连所谓的非生物也是一样。只是肯定没有自我意识，或即便有，也是极其模糊极其不稳定的。 6park.com
一串念珠这个比喻，和蛇一样，都是引诱人自私自利修来世的。
有一次，某位网友问我：为什么他觉得自己有很多前世，都是死于同一场南京大屠杀的。
我打了个比方。庄子：方生方死，方死方生。好比叠在一起的麻将牌。
区别只是叠得整齐不整齐。来世下面还有来世，还是要清空了重来，不值得追求。 6park.com
关于热力学第二定律，由于缺乏专业知识，无法准确判断。目前倾向于认为：均匀分布是一种有序。生命的复杂多样，（每个基因都不同，包括双胞胎，包括克隆，都多少有抄错作业的地方，没有变异就没有演化或进化），是一种无序。
因而，热力学定律与物种演化论并无矛盾。不能因为有人写了本书或做了个预言，就被误导，认为世人活该如此，毁灭了更好。参见《热力学第二定律与进化论矛盾吗？》 6park.com
如果我们面临一劫，不从天外来，来自我们自己的疯狂，究其因，就是自我意识产生后必然造成的自我迷失。
找不到真正的自己，必然要攀援（执着于镜中像，例如身体或金钱，笔杆子，刀把子，等等等等）或妄想（执着于对于镜的猜想，各种名词之争，以至于所谓文明的冲突，不惜毁了这个世界，也要维护自己的信念）
这未必不能避免。 6park.com
从集体来说，主要坏在标准化工业化现代化全球化，
所谓的文明，所谓的文化圈，已经各自成为统一了思想的战争机器。
（西方崇尚个性是个幻象，实际是家庭无法规范成一个个螺丝钉，不利于工业化。参见《墙上的另一块砖》）
这种简单有序的重复灌输才是违反天道的反动派，不是多样复杂的生命体。
能量守恒，生命不会断绝，大不了换个形态，标准化零件化体系化的热战或冷战机器必然覆灭。
自己不停就止于核冬天。
（成吉思汗的战争机器也很“现代化”，百夫长千夫长万夫长的连排制度，从各部落独立出人质建立近卫军，
以职能设立军官等等等等。而且全民皆兵，可以配给配额，没有三饷从哪里来之类的烦恼。
胜利者一定比较先进吗？） 6park.com
（没有虽亿万人吾往矣的决心，没有独居孤峰顶一口吞尽十方的气魄，奢谈真正的觉醒。
哪怕是螳臂挡车，反正风吹不动光，再试试吧。）

从个人来说，可以修习心斋无为，悬崖撒手。
达摩：外息诸缘（放开我执，像执），内心无喘（放下法执，镜执）
这是心法，不在于外在的行为，打坐还是站桩，跑步还是睡觉，更不要去修什么无谓的苦行。
坛经：正邪俱不用。长伸两脚卧。
一脚邪，即迷恋外相，一脚正，即想象无限大的觉性本体（过分了容易发狂入魔，因为本无大小善恶之分）
所谓好事都不要做，更不要说做坏事了（不是中国文化太酱缸，是有的人自己愚钝）
无为心法，是杠杆原理，阴极而阳的另类使用（参见《杠杆原理的另类应用》）
要小心一切所谓的证明，特别是突然过于敏感，例如突获清净感、清醒清晰干净......
人生历练不一定要行万里路。本不成为考验，主要看内心平等不平等（参见《心不平等易入魔》）"
2183,Ugxp7LRbYYothu-ahth4AaABAg,0,1 year ago,"a good sweet girl, i look at you and calm down a bit. and in ukraine, the war of russia attacked on 02.24.22 bombing cities, killing a civilian population, more than 100 children were killed only, we live in basements and bomb shelters. today, they barely got out of kharkov where hundreds of houses were destroyed by rockets. no water, light and food. but we pray for our people and our defenders that they do not let the nazis from russia to ukraine ... russians carry death!",一个好可爱的女孩，我看着你，冷静一点。在乌克兰，俄罗斯战争在02.24.22轰炸城市袭击，杀死了平民，只有100多名儿童被杀，我们住在地下室和炸弹庇护所。今天，他们几乎没有离开哈尔科夫，那里的数百座房屋被火箭摧毁。没有水，轻和食物。但是，我们为我们的人民和捍卫者祈祷，他们不会让纳粹从俄罗斯到乌克兰...俄罗斯人死亡！
3172,UgxKq81hcXp85hdZt3t4AaABAg,0,1 year ago,"great videos to calm down, stay away from a little mess.",很棒的视频可以冷静下来，远离一团糟。
3380,UgyAZdkUQktQMdfccUl4AaABAg,0,1 year ago,psychological comfort and a beautiful calm ...*,心理舒适和美丽的平静...*
3564,Ugx7dbagMKbTqNzSe7R4AaABAg,0,1 year ago,"i need this life, calmness, nature and sweet things with ❤️",我需要这种生活，平静，自然和甜蜜的事物❤️
3856,UgyPSQpLzjDRYtapf0p4AaABAg,0,1 year ago,the video really calms the ours of the salam.,该视频确实使我们的萨拉姆语平静了。
5148,Ugy6njVOotWnt_8xnYV4AaABAg.9PQjFaIfJ-u9QVIvGaLmml,0,1 year ago (edited),"@vannerriper8328 this is the validity of the delicacy of al -fidaoat, calm, and obedience, especially animals.",@vannerriper8328这是Al -fidaoat，镇定和服从，尤其是动物的美味的有效性。
5341,UgzEzpX9c9MFmAuB0hN4AaABAg,0,1 year ago,so calming,如此平静
6711,UgzcVydoKO4mk6LWJlN4AaABAg.9LNokyFv-9N9LOCpJQ1jzM,0,2 years ago,lmao that's unnecessary. this is the life of ordinary villagers in the beautiful sichuan area. ziqi and her team have the skill and aesthetics to present it in a calming way.,lmao是不必要的。这是美丽四川地区普通村民的生活。 Ziqi和她的团队具有以平静的方式呈现的技巧和美学。
6958,Ugwsyhkg9bts16AO7F94AaABAg,0,2 years ago,how calm to do things,做事多么平静
6984,UgwBUuT7csel8mKbS1x4AaABAg,0,2 years ago,so calming,如此平静
19816,Ugz8c7e-Ivcq8I6aH6J4AaABAg,0,3 years ago,"whenever i watch her videos,it always calms me",每当我观看她的视频时，它总是让我平静
20951,UgzifV3i5_ovGXuOoVh4AaABAg,0,3 years ago,i wish life was like this. peaceful calm but full of adventures in the country.,我希望生活就是这样。和平平静，但充满了冒险。
36057,Ugwrlgf7P-xDFDe6iAx4AaABAg,0,4 years ago,"how much i would give to live this old of life ๐๐ makes me so calm, the scenery is beautiful",我会付出多少生活，让我如此镇定，风景很美
33689,UgyDOWyz9wj73vv6ioB4AaABAg,0,4 years ago,"i love your vids, and these are just so calming and makes me fall asleep and the little animals are sooooo โ€awwwwwโ€ ๐๐๐๐โบ๏ธ๐",我爱你的视频，这些都是如此平静，让我入睡，而小动物很“ awwwww”
31460,UgzUJ-OKAIwGHrYjEpJ4AaABAg,0,4 years ago,"this is how life should be, calm and simple.",这就是生活应该如何平静而简单的方式。
31593,UgxHN1QGUpOjulabIVZ4AaABAg,0,4 years ago,video made me calm lmao,视频让我平静了lmao
31624,UgxcaLGUEX9oLHYTiMd4AaABAg,0,4 years ago,this reminds me of the studio ghibli movies simple and calming,这让我想起了吉卜力工作室的电影简单而平静
32069,Ugy2U0fgGZKTboGum_14AaABAg,0,4 years ago,iโ€m so speechless.shes so talented and calming and nice.i wish her the best and her grandma,我是如此无言以对。
32070,UgxUkqZ20gLOAzKzv9x4AaABAg,0,4 years ago,this videos calm my anxiety,这段视频使我的焦虑保持镇定
33006,UgzEIv5n5ggOpn9wZcd4AaABAg,0,4 years ago,"this, to me, is true wealth. these videos are so calming...",对我来说，这是真正的财富。这些视频太平静了...
33296,UgyosBstA_-lq_YXgYd4AaABAg,0,4 years ago,"want to have a mini, calm and peaceful, spices and vegetables in planting around the backyard and the roses are beautiful, i like it ,,",想要一个迷你，平静与和平，在后院种植的香料和蔬菜很漂亮，我喜欢它，
33368,UgwB7I1O8vLoso6nNFt4AaABAg,0,4 years ago (edited),omg what in the world...this is the most beautiful video i've watched...so peaceful n calming...what a life...i love it..made me smile,天哪，世界上什么...这是我看过的最美丽的视频...如此宁静的镇静...真是个生活...我爱它..我的微笑
33432,Ugy11aUE51S66879JXR4AaABAg,0,4 years ago,"at 6:00, look at the white puppy and the corner, it just vanished in thin air lol. but seriously, this is one calm video",在6:00时，看着白色的小狗和角落，它在稀薄的空气中消失了。但是说真的，这是一个平静的视频
34157,UgwwsJPvwbrWOMAkqUF4AaABAg.8v9qZycm_Xh8vT3W_f8zQP,0,4 years ago,"top you up. after watching her video, i was very calm. today's society is too impetuous.",顶你上去。看了她的视频，心情特别的平静。当今的社会太浮躁了。
21924,UgwoKZyJwDPuftfchEJ4AaABAg,0,3 years ago,how calming,多么平静
34201,Ugycmv-ZeR4qEofKQRZ4AaABAg,0,4 years ago,"all i see is love,peace, calm and the lovely village life.. love it.. oh and nice foodddds",我所看到的是爱，和平，平静和可爱的乡村生活..爱它..哦，不错的食物
34252,UgzBvhMlnB3lEO4nofV4AaABAg,0,4 years ago,i feel so calm watching this video,看这部影片我感到很镇定
34259,UgygBtS7uvP_YsX2ZDZ4AaABAg,0,4 years ago,"omg. i think i really want to live like this. like, if you want to eat you just go to the garden or smtn else and eat. it's a big effort but i like calm life. you know",我的天啊。我想我真的想这样生活。就像，如果您想吃饭，您只需去花园或SMTN吃饭。这是一项巨大的努力，但我喜欢平静的生活。你知道
34310,UgwvRs9npBY3rlqI9XZ4AaABAg,0,4 years ago,"wat a cool and calm video ,,,love it",一个凉爽而平静的视频，很喜欢它
34690,Ugxr4f9uB5tH9ahiJnZ4AaABAg,0,4 years ago (edited),"i would like to live like this with two puppies and a lamb,it looks so happy and calm. life goals",我想和两只幼犬和一只羊肉一样生活，看起来很快乐和镇定。生活目标
34938,UgzQPLUvrKuV5UDMhm14AaABAg.8unpoe81NFo8uxpXNcBlWv,0,4 years ago,"@zoefoxbonnie9066 yes! it is very calming, greetings ๐",@zoefoxbonnie9066是的！这很平静，问候
35508,Ugw8xcih4wjtobsKYTF4AaABAg,0,4 years ago,"she makes working so hard look easy and calming. love watching how beautiful her videos are. and the baby animals..uuugghhhh, so freaking cute!!",她使工作变得如此轻松而平静。喜欢看她的视频有多美丽。还有小动物.. uuugghhhh，太可爱了！
35643,Ugzpsr4gRiYVmbkAFX54AaABAg,0,4 years ago (edited),"biggest mangoes i've ever seen!!! its so funny how your fruit is on such a different schedule than american fruit. this is so cute and sweet and calming. those little animals love her so much, you can tell she's a kind person. i could watch her do random chores all day.",我见过的最大芒果！！！您的水果与美国水果的时间不同，真是太有趣了。这是如此可爱又甜美。那些小动物非常爱她，你可以告诉她她是一个善良的人。我可以看着她整天做家务。
35941,Ugyw4DsnAgTFk9wM5g54AaABAg,0,4 years ago,"her life must be very peaceful and quiet. she works hard for herself and her family. it must be tough living there but iโ€d also like to experience that. no noise, no claustrophobic buildings and last but not atleast no gadgets or wifi. although iโ€m not sure if thatโ€s entirely true since theyโ€re using a camera. even just for a day or a week, i hope i can experience a calm and peaceful time with her or just like her.",她的生活必须非常和平与安静。她为自己和家人努力工作。那里一定是艰难的生活，但我也想体验到这一点。没有噪音，没有幽闭恐怖的建筑物，最后但至少没有小工具或wifi。尽管我不确定这是否完全正确，因为它们正在使用相机。即使只是一天或一个星期，我也希望我能与她或像她一样经历平静而和平的时光。
31295,UgzOTqHSPTLF-tcLCUV4AaABAg,0,3 years ago,"im from philippines im so liking her video..so calming, even if im warching it again and again!!",我来自菲律宾，我很喜欢她的视频。
31292,Ugx6F58_bo_OxhXvdRh4AaABAg,0,3 years ago,why is this so calming,为什么这么平静
30790,UgzVRPl0eg6mfgNGKu14AaABAg,0,3 years ago,idk but watching you do your thang makes me calm and collected,idk，但看着你做你的thang让我冷静并收集
30704,Ugwnr_XC4PAIQxyC90t4AaABAg,0,3 years ago,i love living in this place its so relaxing and calm,我喜欢住在这个地方，它是如此放松和镇定
24644,Ugz4JBpF3CdSFC3m4hJ4AaABAg,0,3 years ago,why did this video feel so much faster?? i like it when it's calm and slow,为什么这个视频感觉如此之快？当它冷静而缓慢时，我喜欢它
25079,Ugwj6Seym7usuaYYM2F4AaABAg,0,3 years ago,"you are very sweet !!! you are super !!! i rest when i look at you! you are calm and peacefulness at once! you are prosperity! thank you, i only put thoughts with you in order !!!",你很可爱！你是超级！我看着你时我休息！你一次镇定和宁静！
25371,Ugx1zsicdvb1O_iD7Q94AaABAg,0,3 years ago,glory be to god for this nature and for this beauty and calm is not more beautiful than nature,荣耀归于上帝的本性，而这种美丽和镇定并不比自然更美丽
25447,UgzHwxhrqT378g5GeBF4AaABAg,0,3 years ago,your videos calm me ๐,你的视频平静我
25711,UgxJ2yof1N0E_CtYl2p4AaABAg.9-4Tcm-zPzx9-N1H5W1mov,0,3 years ago (edited),calm patience youโ€re clearly the ignorant one. gordon is one of the most down to earth people iโ€ve ever seen as a celebrity. heโ€s his famous rude self to those who claim to be professionals and on his level but consistently fail to achieve what they claim they are capable of. go watch videos of his mentor. 100x worse. stay butthurt if you want but heโ€s a world class chef as well. heโ€s got credentials to back up his attitude.,平静的耐心你显然是无知的人。戈登是我看过是名人的最脚踏实地的人之一。他是那些自称是专业人士并在他的水平上，但始终无法实现自己声称自己有能力的人的著名粗鲁自我。去看他的导师的视频。 100倍更糟。如果您愿意，请留下Butthurt，但他也是世界一流的厨师。他拥有支持他的态度的证书。
25954,UgyoIFtd3hqs0vNfvz94AaABAg,0,3 years ago,"hmmm, she made foods looks so yum, the music so calm and she is so beautiful.",嗯，她使食物看起来好像，音乐如此平静，她是如此美丽。
26544,Ugz4x9jZf79qtb1MNMB4AaABAg.8zkpfxZ3kEy9C7Xhf2dCXZ,0,2 years ago,thats great stay calm and healthy...love your life,多数民众赞成在镇定和健康...爱你的生活
27314,UgwoBK95SLTCe-m60uJ4AaABAg.8zKMCb-XwpB92xN2Pay149,0,3 years ago,the videos are beautiful and so is she. i don't believe she does everything by herself but i don't really care if she does or not. i still love the videos. they are calming and inspirational.,视频很漂亮，她也是如此。我不相信她自己做所有事情，但我不在乎她是否做到了。我仍然喜欢这些视频。他们平静而鼓舞人心。
27741,Ugylkf844fMJfxqpyr14AaABAg,0,3 years ago,calming video better than watching davie playing bass,平静的视频比看戴维弹音更好
28339,Ugw9IvNCN51gQtZRcGB4AaABAg,0,3 years ago,ur life is so simple and calm i wish i ever had a chance live like u,您的生活是如此简单和镇定，我希望我有机会像你一样生活
28782,Ugzgzq-KzHXDMyB8fHd4AaABAg,0,3 years ago,if only life was calm. happiness like that,如果只有生活很平静。那样的幸福
28879,UgyteHlUgmi5RpAidqt4AaABAg,0,3 years ago,calm and peaceful.... i just love what she does,冷静与和平....我只是爱她所做的
29065,Ugx2jOrCB7xJqjP4dul4AaABAg,0,3 years ago,her videos are very calming and well made,她的视频非常平静且制作精良
29266,Ugzgbu78Oe3wkNMSiaN4AaABAg.8xvBNvcsoqE8y1yU91K8eD,0,3 years ago,"it was really loud when the flying burst! but my mother -in -law may be older and her ears are not good, but her mother -in -law is more calm. she was frightened by herself. i watched it repeatedly and laughed!",飞翔 那个爆的时候确实很大声！可是婆婆可能年纪大了、耳朵不好吧，反而婆婆淡定多了。倒是她自己吓到跳了起来，我反覆看了好几次，笑死了！
29390,UgxYHsIIKmSyaN4mYbZ4AaABAg,0,3 years ago,why i remind this as a harvest moon.. it really makes me calm.. ๐ฅบ,为什么我提醒这是收获月亮..这真的让我冷静..
29501,UgxTERFu4zrUhvpO3nZ4AaABAg.8xhoXsQGX8B8xnOoOceRQ1,0,3 years ago,@leianishimoto2285 it's a compliment geez calm down,@leianishimoto2285这是一个赞美geez镇定
29652,Ugzdc6owPqAgY_wy3SV4AaABAg,0,3 years ago,this video is so calming,这个视频是如此平静
29658,UgxYT3tKv1oBYOBw4Tp4AaABAg,0,3 years ago,"the are around her house and her home must be huge. i doubt she manages everything herself, it's too large an area. so beautifully kept. this part of china has very rich soil. she is so talented and works so hard but still gives off an aura of calm and beauty. she honours the traditions of her country but is also modern as she has internet and other commodities.",在她的房子周围，她的家一定很大。我怀疑她自己管理着一切，这太大了。如此美丽。中国的这一部分拥有非常丰富的土壤。她是如此有才华，努力工作，但仍然散发出一个平静和美丽的光环。她尊重自己国家的传统，但也是现代的，因为她拥有互联网和其他商品。
30042,UgzprMyp8AM3Prh50JR4AaABAg,0,3 years ago,i love these videos calms all the good brazil,我喜欢这些视频平静所有好巴西
52872,UgyPtSCSjH1mCfKP52x4AaABAg.8qlJlbWN48C8qlSzmk96IE,0,4 years ago,@yanicalmone6190 helo,@yanicalmone6190 Helo
