,cid,votes,time,含lol,含lol中文翻译
36749,UgwRFo-eaYSHbYMC5yR4AaABAg,5000,4 years ago,she's already on like year 99 of her harvest moon playthrough lol,她已经在收获月球发挥的99年大声笑了
16947,UgypOOuHQC0ytLcmXcJ4AaABAg,358,3 years ago,am i the only person who wants to see gordon ramsay’s reaction to her? lol,我是唯一想看到戈登·拉姆齐（Gordon Ramsay）对她的反应的人吗？哈哈
32343,UgzJjoNh95w-gpe6dch4AaABAg.8vuWgu4W6ZM8w15EJhWCZD,181,4 years ago,great...now she is stuck on a island with you. what did she do to you? lol,太好了...现在她和你一起被困在一个岛上。她对你做了什么？哈哈
4232,UgybaqlaPDXgQ89PPld4AaABAg.9Re070FLoFc9STfrGwo5_8,145,1 year ago,@diogomelo3705 lol she has a whole team behind her. i think she has her own brand in china tho.,@diogomelo3705大声笑她在她身后有整个团队。我认为她在中国有自己的品牌。
13831,UgzYMETrJFhhBjdRHM54AaABAg,90,2 years ago,those snacks look so professionally packaged. i thought she was gonna sell them. haha lol wow...shes amazing.,这些小吃看起来如此专业。我以为她会卖掉它们。哈哈大声笑...她很棒。
48934,Ugy_Uy_ejNzufvE5Irx4AaABAg,82,4 years ago (edited),wow. she is a hardworking young lady and beautiful. she was so cute when she went to cover her grandmas ears. then she was the one who jumped. lol.,哇。她是一位勤奋的小姐，很漂亮。当她去遮住祖母耳朵时，她真可爱。然后她是跳跃的人。哈哈。
7291,UgwJhCZEXvwvXgR5keB4AaABAg,36,2 years ago,everything she does looks so graceful and adorable while i look like a damn malfunctioning tank lol,当我看起来像个该死的故障坦克大声笑时，她所做的一切看起来都很优雅和可爱
48696,UgxHgsxUdoWbzmYMmvB4AaABAg,33,4 years ago,i could still remember the old ways people made popcorn.. lol so loud and scary...,我仍然记得人们制作爆米花的旧方式..大声笑这么大声而恐怖...
34592,UgwsmwvcLDkPPQyKcIB4AaABAg.8uzOrtFqjkV8vHX-i6j1Bd,28,4 years ago,"@pnoplyr14 you probably never seen it before, it makes a huge sound when you open that thing. this video did something to limit the volume but it is actually pretty loud sounds like a bomb tho. lol",@pnoplyr14您可能以前从未见过它，当您打开那件事时，它会发出巨大的声音。该视频做了一些限制音量的事情，但实际上它的声音很大，就像炸弹。哈哈
46908,Ugxt_UgIcBmTXIOOGpt4AaABAg,24,4 years ago (edited),"i love this episode the most! especially when she go cover her grandma ear lol. happy chinese new year to you and your grandma!

scene that you may miss the small cute details
0.42 when she crack the chestnut and puppy feet try to steal it. great shot!
3.33 i guess everyone who cook would want to get that wooden ingredient tray! 
5.55 when they open the popcorn pot 
8.47 the pomelo street look like a fairy tale but you all know that you should not eat those fruit on the floor. (except chestnut and ginko of course!) 
9.30 the puppies look like they gonna jump into fire! and her grandma giggle is adorable! 
9.48 you can see all the love in there","我最喜欢这一集！尤其是当她去遮盖奶奶耳大声笑时。在春节快乐，祝您和您的祖母！

您可能会想念小的可爱细节的场景
0.42当她破裂栗子和小狗时，试图偷走它。好球！
3.33我想每个厨师都想得到那个木制成分托盘！
5.55当他们打开爆米花锅时
8.47 Pomelo Street看起来像个童话，但大家都知道您不应该在地板上吃那些水果。 （当然除了栗子和银杏！）
9.30幼犬看起来像是要跳火了！她奶奶咯咯笑！
9.48您可以看到所有的爱"
13553,Ugw73Arzndi8SStLopd4AaABAg.9BhwngNN21u9Bwu8FM_4Ue,23,2 years ago (edited),"kuber star lol unfortunately her “big” team only have 3 people, include the camera man.",不幸的是，Kuber明星大声笑她的“大”团队只有3个人，包括相机人。
4211,UgyKc23AuiJNHvuCVi14AaABAg,22,1 year ago,"i am still baffled how citrus fruits can grow there when they actually have cold winters. if that's the case, why can't these fruits grow in tennessee, usa bc it's something i want to plant lol.",我仍然感到困惑的是，当柑橘类水果实际上有冷冬季时，它们如何在那里长大。如果是这样，为什么这些水果不能在美国田纳西州，不列颠哥伦比亚省田纳西州生长。
16178,Ugz2Gjpul13TiuoJj9F4AaABAg.98rhLA7jw4W99SDkClPufp,19,3 years ago,because this is what allows her to make money lol,因为这就是让她赚钱的原因
38041,UgwNz57LmVDeT1qu-RJ4AaABAg,19,4 years ago,"nice life
it looks like a story!
the food looks delicious, but the small items used are wonderful.
cat -shaped kamado, i laughed too cuteness lol","美好的生活
看起来像个故事！
食物看起来很美味，但是所使用的小物品很棒。
猫形的卡马多，我笑了太可爱大声笑"
37030,UgyEGa7S8OEs6vHDGF14AaABAg.8uKAG1ThWGP8uYJ_PvY3O5,18,4 years ago,"itz m i see you everywhere lol

yeah, if i could live life like this, i would be happy to give up internet and technology. i feel like it makes us unhappy in the end","我到处都看到你大声笑

是的，如果我能像这样生活，我很乐意放弃互联网和技术。我觉得这让我们最终不开心"
26965,Ugy8RAAnp_ZBpY9JrQ94AaABAg.8zYY1-WDGEr8zoKJmrzH9t,17,3 years ago,"r. f. staged? lol pets will follow you no matter what, even if it was staged. they donโ€t know. theyโ€re animals.",R. F.上演？大声笑宠物无论如何都会跟随您，即使它是上演的。他们不知道。他们是动物。
16968,UgypOOuHQC0ytLcmXcJ4AaABAg.98HJEXDK_vg98cr9bnHU1P,16,3 years ago,lol i imagine he would try to yell at her and then get spooked but the strange sensation of tranquility emanating from her. then turn around leaving confused on a bus with some tasty morsel she gave him.,大声笑我想他会试图对她大喊，然后被吓到，但是从她身上散发出的奇怪感觉。然后转过身让她在公共汽车上和她给他的一些美味的杂物感到困惑。
12564,UgyDYTKXiEQyhi9m2ll4AaABAg.9CyVJLQm4YV9D3GCy1r4vz,16,2 years ago,"martha marceline it is lol, she actually does this and videos it to sell her products, people have been doing stuff like this for thousands of years and some people still do it today",玛莎·马塞琳（Martha Marceline
4095,Ugx3UbEZOeUdEJllAtN4AaABAg,16,1 year ago,"japanese subtitles are increasing again! i'm happy! ✨
chinese mountain inspector and sugar sweets i saw on the way home from work today, i stopped getting lost, but i should have bought it ...! lingering
when i saw leeko's work, i wanted to eat it. lol ✨✨
i can't wait for a new video ... ✨","日本字幕再次增加！我很高兴！ ✨
我今天下班回家的路上看到了中国山区检查员和糖甜点，我不再迷路了，但我应该买...！挥之不去
当我看到Leeko的作品时，我想吃它。大声笑✨✨
我等不及一个新视频了... ✨"
28381,UgwAmh9mwbsNn2MrK6F4AaABAg.8y_gWQmCqaX8ywzTEK-Vaf,15,3 years ago,lol so true,大声笑如此真实
7386,UgzczK4U63zaEs2u7k94AaABAg,15,2 years ago,"there is a saying in china: sk invents everything, but china invents sk.
lol","中国有句话：SK发动了一切，但中国发明了SK。
哈哈"
19040,UgyUvOyOo_MY2ntappp4AaABAg,14,3 years ago,"so freaking cute..lol..i love how those puppy’s and that baby lamb (who probably thinks it’s just another dog..lol) follows her every where she goes....i love watching liziqi, she has inspired me to live a much simpler life, i have a huge back yard that i plan on converting to a garden, won’t be easy i know this, but i have such a passion to help others out especially families with small children and the elderly...where i come from fruits and vegetables are ridiculously expensive that we (most people) cant afford it, so i do without (lost my husband to als so having only 1 income makes it virtually impossible to buy what my body needs...good nutrition) so why not plant my own, unfortunately i don’t know how well it will work or succeed as winters here last 6 months out of the year, summers are an average 3 months long, then it cools off....but i’m going to give it a college try!",太可爱了..大声..我喜欢那些小狗和那只小羊羔（可能认为这只是另一只狗..-大狗）跟着她的每一个去的地方....我喜欢看Liziqi，她启发了我活着一个简单得多的生活，我有一个巨大的后院，我打算转换为花园，这并不容易，但我非常热衷于帮助别人，尤其是有小孩和老年人的家庭...我来自水果和蔬菜的地方是我们（大多数人）负担不起的昂贵的，所以我没有（我的丈夫失去了丈夫，只有1个收入，因此几乎不可能购买我的身体需要的东西...好营养）那么为什么不种自己的种植，不幸的是，我不知道它在一年中六个月的冬天，夏季的冬天，平均有3个月的时间，然后冷却了。。。 '我会尝试大学！
36769,UgwRFo-eaYSHbYMC5yR4AaABAg.8uPQ7pNVLHx8uYJ8b4cKJm,14,4 years ago,"lol omg the throwback reference
that game spent wayy too much time in my n64 lol","大声笑omg throwback参考
那个游戏在我的N64大声笑中花了太多时间"
32267,UgwNKyzvJhA9VeLx53l4AaABAg,14,4 years ago,"these videos make me feel like i'm missing out on a lot 

i know what i'm doing with my money and time when i get to my settling down phase lol","这些视频让我觉得我错过了很多

我知道我在安顿下来的阶段大声笑时我会用我的钱和时间做什么"
22885,Ugw7n-S9APzI_XbY0YJ4AaABAg,14,3 years ago,3:22 a cat oven with a bone shaped door lol,3:22带有骨头门的猫烤箱大声笑
35640,Ugw7LQhGb6SOie6LajJ4AaABAg,13,4 years ago,the music in the background reminded me of harvest moon lol,背景中的音乐使我想起了收获月亮大声笑
26125,UgwQdehRp_7a7Gz3Xz94AaABAg.8zoNNAQmde-9--Npxk-JY5,13,3 years ago,"@user-sc8cy5qc6e there is nothing wrong with that lol i certainly support whats she's doing 

honestly people hate on anything it could be a puppy just being cute and there will be haters.","@user-sc8cy5qc6e毫无错，我当然支持她在做什么

老实说，人们讨厌任何东西，这可能是一只很可爱的小狗，会有仇恨者。"
33782,UgxQ4obKp7Mzrv-Mbi54AaABAg.8vAAkm2tSd48w5TgvN3r4z,9,4 years ago,"kathaleen wood โ€try being niceโ€ while you insult them for just stating their opinion? of course you can state yours too but your comment speaks against itself lol

people getting triggered so much these days (including me haha)","凯瑟琳·伍德（Kathaleen Wood）侮辱他们的意见时，“尝试变得友善”？当然，您也可以说明自己的评论，但您的评论反对自己大声笑

这些天人们被这么多触发了（包括我哈哈）"
22457,Ugzk2hZzSJPMNCq5HPR4AaABAg.92v_huHNonN93N-OpVdmYy,9,3 years ago,"โ€ @theroyalfight lol, she's a wealthy lifestyle blogger nowadays. a video with 1 million views can make $3000 โ€“ $7000 in adsense and she gets several million views per upload along with accumulating views. so that's a little bit of a stretch to act like shes actually roughing it, but nevertheless i love her and shes very talented and her and her grandmothers land is beautiful.",@theroyalfight大声笑，她是当今富裕的生活方式博客作者。一百万次观看次数的视频可以使$ 3000 - $ 7000的Adsense录制，她每个上传获得数百万次观看次数以及累积的观看次数。因此，这有点像她实际上是在粗糙的，但是我爱她，她非常有才华，她和她的祖母的土地很美。
37123,UgwA-4glOyOblf3Vlat4AaABAg.8uJNdG3PRmb8uVljRY-D1d,8,4 years ago,"@len7946 lmao why you mad? what i mean is, look, she looks not worrying about murderers, crimes, she looks happy with her life. that's what i am trying to say lol",@len7946 lmao为什么生气？我的意思是，看，她看起来不必担心凶手，犯罪，她对自己的生活感到满意。那就是我想说的大声笑
10791,Ugx4u9VPgMhIGNRsNHB4AaABAg,8,2 years ago,many people think shes from japan but the truth is sheโ€s from china lol,许多人认为她是日本的，但事实是她来自中国
36986,Ugys5HUZ3Qn6uKkPGj14AaABAg.8uLTm1B6D-P8uXUAaejNF8,7,4 years ago,"it easy to say than done. coming from someone who asked for it and my father was like ""lol aight"" and sent me to the village he was born. i lived with my grandma and pa and i couldn't even survive for 2 days dkfjfjjf ๐ญ๐’€๐’€ (i lived around the mountain regions but i gotta tell ya, the view was prettyโค๏ธ)",说出比完成的容易。来自一个要求它的人，我父亲就像“大声笑”，然后把我送到了他出生的村庄。我和奶奶和宾夕法尼亚州住在一起，甚至无法生存2天DKFJFJJF
16576,Ugz1Wc9vM9ZHfkxa85N4AaABAg.98bPkd9Z2En995XgCnI6rT,7,3 years ago,"lol, they follow her just because they wanted food",大声笑，他们跟随她只是因为他们想要食物
33819,UgxQ4obKp7Mzrv-Mbi54AaABAg.8vAAkm2tSd48yTYnQj1TXo,6,3 years ago,"@cessdejesus620 - hi, i'm sorry that it made you cry. i have seen all of her videos since, but this particular video made me miss my childhood. you see my family lived in l.a., california and at 11 we moved up to washington state. we moved around a few times until we found the community that suited us and we became strawberry farmers. we had 1 milk cow and a handful of chickens, but the acres upon acres of strawberries made us farmers. lol. i was a pre-teen and i wanted money to have nicer things, so my parents gave me an acre to tend and all benefits were mine.
the hard work and solitary times allowed me to grow up intellectually. i miss those days because everything i did yielded the effort i put into it and i had physical proof of my efforts. that is to say the first year yeilded poor results because i only wanted to be a teenager, yet the second year produced beautiful premium strawberries because i didn't want the worth of my efforts to be so unsavory. i learned and did a lot of different farming activities as we expanded to a year around farm, but having the best strawberries at 13 made the life style a landmark in my maturity and gave me my best ""self"" at the age of 13.
i am reaching my elderly years now and i have lived my life in many different places, but i am once again in washington state and deep down, i know that this is how life is actually suppose to be. we yeild from life what we put into life.","@cessdejesus620-嗨，很抱歉它使您哭泣。从那以后，我看到了她所有的视频，但是这个特殊的视频使我想念我的童年。您会看到我的家人住在加利福尼亚州洛杉矶，我们搬到了华盛顿州。我们大约几次，直到找到适合我们的社区，并成为草莓农民。我们有1只奶牛和少量鸡，但是英亩的草莓上的英亩使我们成为了农民。哈哈。我是青春期前的，我希望钱能拥有更好的东西，所以我的父母给了我一英亩的趋势，所有的好处都是我的。
艰苦的工作和孤独的时期使我能够在智力上成长。我想念那些日子，因为我所做的一切都付出了我所做的努力，并且我有身体上的努力证明。也就是说，第一年的成绩不佳，因为我只想成为一个少年，但是第二年就生产出了美丽的优质草莓，因为我不希望自己的努力如此不愉快。当我们扩展到农场周围的一年时，我学习并做了许多不同的农业活动，但是在13岁时拥有最好的草莓使生活方式成为我的成熟度中的地标，并在13岁时给了我我最好的“自我”。
我现在已经到达了我的老年，我已经在许多不同的地方过着自己的生活，但是我再次在华盛顿州和深处，我知道这就是生活实际上应该是的。我们从生活中付出的一切。"
48883,UgxUxrzh2_nXib9I-4h4AaABAg.8qmM3fEmDnz8qnBCVto6hA,6,4 years ago,lol who cares about the dog. stupid people,大声笑谁在乎那只狗。愚蠢的人
12633,UgwT1gDAxj3u5Py3Xn14AaABAg.9Cu4gC8q40r9D0h6vmZLWZ,6,2 years ago,sandou3 anyways wasn’t meant to generalize. i know black people stood up for the asian community as well but seeing articles of asians get beat up to the point of needing surgery just breaks my heart hence the rant lol bye,无论如何，Sandou3并不是要概括。我知道黑人也支持亚洲社区，但是看到亚洲人的文章被殴打到需要手术的地步，这让我心碎，所以大声笑了
21589,UgySwho-EzdlrZj87G94AaABAg.93VtNQiyGug93dCkyGfuL5,6,3 years ago,lol.. nice idea! ghibli should make a movie of her,大声笑..好主意！吉卜力应该拍她的电影
33572,Ugwi6MPmUUHVJiZrO-V4AaABAg.8vCZsi2p9r28vzYUWFqwT-,5,4 years ago,@runboy135 lol,@runboy135大声笑
25219,UgxOXO3kt8tJ_2r-cxB4AaABAg,5,3 years ago,this is once of my favorites! i've always wondered what snacks and desserts there were in chinese culture. i know they don't consume as much calories as we americans do! lol yummy,这是我的最爱！我一直想知道中国文化中有哪些小吃和甜点。我知道他们不如美国人消耗的卡路里！大声笑美味
16247,UgwdeyQ88kiMPHoX9Et4AaABAg,5,3 years ago,"no, how to make a good popcorn lol",不，如何制作一个好的爆米花大声笑
32362,UgzJjoNh95w-gpe6dch4AaABAg.8vuWgu4W6ZM8wA3czVQHEo,5,4 years ago,"cinnamonsanimations ye the thing is, i donโ€t think she speaks much english. so it would be hard to communicate, but other than that itโ€s a flawless idea lol.",cinnamonsanimations是的，我认为她不会说太多英语。因此，很难交流，但除此之外，这是一个完美的想法。
31019,UgzF-bTIu0PQa86x5gB4AaABAg.8w_-YWVrkVC8x9jWpIavQi,5,3 years ago,"enthonnedy ....
evide poyalm malayalam aanllolo ...
๐๐๐๐๐๐๐๐๐๐๐๐๐ ๐๐๐๐๐๐๐๐๐๐๐๐๐","Enthonnedy ....
Evide Poyalm Malayalam Aanllolo ...
"
27819,Ugx8L8UDX9uEfI3uuKZ4AaABAg.8z2BKhwCUrw8zHATie8zPN,5,3 years ago,but then she kind of run cause the the noise that make her death lol,但是后来她有点奔跑会导致使她死亡的噪音大声笑
8661,Ugzdxe_mFMAwvKE9tid4AaABAg,4,2 years ago,her covering her gma only to jump back in fright from the popcorn 'splosion is the absolute most adorable thing i have ever witnessed lol she's the best.,她掩盖了她的GMA，只是从爆米花的“碎片”中惊恐地跳回去，这绝对是我见过的最可爱的东西，她是最好的。
46739,UgyOUssndE0VZgxNk6B4AaABAg.8qrt3VhOP998r2-8hIYbN9,4,4 years ago,@xiaohan feng i lol at your response did i say anything bad for you to call me stupid? please read my comment clearly.,@xiaohan Feng i在您的回复中我说什么不好，让您称我为愚蠢？请清楚地阅读我的评论。
45138,UgxtfLsCPi3isVs1CBl4AaABAg,4,4 years ago,"in the rice column here, there are too many people from various countries to know what they are writing lol





even so, this person is really beautiful.","在这里的稻米专栏中，来自各个国家的人太多，无法知道他们在写什么大声笑





即便如此，这个人还是真的很漂亮。"
26054,UgykseWH7UTGTZPQEhZ4AaABAg,4,3 years ago,tbh i'd love a life like this. simple life is way better than city life slaving at work to pay taxes to the government paying bills and still broke lol. this is how lifes supposed to be. no social media....love how her cute pets follow her everywhere.,TBH我会喜欢这样的生活。简单的生活比城市生活奴役在工作中要缴纳税款的税款要好得多，但仍然破产。这就是生命应该的样子。没有社交媒体。...喜欢她可爱的宠物如何在任何地方跟随她。
16152,Ugwi1Prixo6AoC6UCtR4AaABAg,4,3 years ago,the way she covered her granny ears but she was scared herself lol so cute,她遮住了奶奶耳朵的方式，但她很害怕自己，大声笑，太可爱了。
42338,UgwObPwQmu1LJv-8qYt4AaABAg,4,4 years ago,"so satisfying video,no one like her she is extra ordinary girl..lol",如此令人满意的视频，没有人像她一样，她是一个超级普通的女孩。
6870,UgyreNtMVZQeXrquvRZ4AaABAg.9Kum6K17yQD9L9xm0fFHBi,4,2 years ago,"@crabvakho lol why you so eager to throw mud at her?are you just being madly jealous of her?please make no mistake,her work is not what you can discredit,errrrrr how pathetic.",@crabvakho大声笑为什么你这么渴望向她扔泥？你只是疯狂地嫉妒她吗？请不要误会，她的工作不是你能抹黑的，errrrrrr多么可悲。
25658,UgzsuyYqpWh-NROlzkF4AaABAg.9-6D8C6Q_lL9-aIt34Xrll,4,3 years ago,lol welcome to sichuan province of china. sheโ€s here.btw pandas here too!!,大声笑欢迎来到中国四川省。她在这里。
48878,UgxUxrzh2_nXib9I-4h4AaABAg.8qmM3fEmDnz8qmj-ATJEq0,4,4 years ago,they sure love to follow her lol,他们肯定喜欢跟随她大声笑
37061,UgyEGa7S8OEs6vHDGF14AaABAg.8uKAG1ThWGP8w1xx6PG2LW,4,4 years ago,"@deemah4219 lol i make videos not even a little bit this nice and if you think she does these by herself, you're nuts. the editing alone would take days.",@deemah4219大声笑我做的视频甚至不那么好，如果您认为她自己做这些，那您就疯了。仅编辑将需要几天。
32877,Ugzgwm6NH_amKwK3UEt4AaABAg,4,4 years ago,"i love your grandma's hat. and i like your videos, just one problem, the captions are to fast i don't have time to read them lol",我爱你奶奶的帽子。我喜欢您的视频，只是一个问题，标题是快速我没有时间阅读它们
27215,UgwoBK95SLTCe-m60uJ4AaABAg.8zKMCb-XwpB8zmnuCie7Eb,3,3 years ago,@hussain111 lol very well said,@hussain111大声笑说得很好
16189,UgyHf3bTzZQpCN1be7p4AaABAg,3,3 years ago,"i remember how i’d steal rock candy from the highest cabinet in my grandparents’ place when i was younger with my brother and cousins! good memories! we were given them when we behaved or asked, but obviously not a whole lot cause they’re basically sugar lol so sometimes we kids couldn’t hold back our desire for more and would find ways to get the rock candy jar while another one of us was on the look out in case we needed to abort the mission",我记得我年轻时和哥哥和堂兄弟姐妹时，我如何从祖父母的最高橱柜里偷摇滚糖果！好的记忆！当我们表现或被问到时，我们得到了他们，但显然不是很多，因为它们基本上是糖，所以有时候我们孩子们无法忍受我们对更多的渴望，并且会找到方法来获取岩石糖果罐，而另一个如果我们需要中止任务
36719,UgzhgXVpL3E3YQ3N9FN4AaABAg.8uQDMNq4TTQ8uU2WlT98uW,3,4 years ago,omg lol same its 1am,OMG大声笑，凌晨1点
22503,Ugw93MiOcqW02pI7bJx4AaABAg.92v2O1F4NaK92wyaqBhJg0,3,3 years ago,"tian right. watching this makes me want to farm lol. i hope i could. anyway, good for china developing their culture",天右。看着这个让我想耕种。我希望我可以。无论如何，对中国发展他们的文化有益
29696,Ugz2osJ6t4O4pU0KmR54AaABAg,3,3 years ago,tag yourself. i'm the puppy tryin to snatch a bite lol.,标记自己。我是小狗，试图抢一口大声笑。
22031,UgyS33oVL5uvn_UYE_F4AaABAg,3,3 years ago,it's so cute when she run to close her grandma's ear from loud sound but instead she's the one who shocked lol,当她跑来闭上祖母的耳朵从大声的声音上闭上耳朵时，这真是太可爱了，但是她是一个震惊的大声笑的人
6871,UgyreNtMVZQeXrquvRZ4AaABAg.9Kum6K17yQD9LBJb_ybRIM,3,2 years ago,"@crabvakho lol 'explained'?you were just talking sh*t about her and don't even dare to admit it,that's the truth.shame on you loser,your entire life is worthless.just keep on being a shameless rumourmonger ,that's what you do best in your pathetic life.",@crabvakho lol'解释'？您在可悲的生活中所做的最擅长的事情。
4257,UgybaqlaPDXgQ89PPld4AaABAg.9Re070FLoFc9UTmwhzAk4k,3,1 year ago,"lol because she doesn’t, there’s a whole film crew and they’re all making millions off these fake videos",大声笑，因为她没有，所以有整部电影剧组
31795,UgxL-fjCbDcECDnrR6N4AaABAg.8w3uKmhPnnN9GxCczVgXfy,3,2 years ago,@lolaveneziana6999 i noticed it too a while ago. i also noticed how she treats the pups and cats at times. i saw a recent video with an injured dog โน๏ธ. i like her other content but what you said is always in the back of my mind while watching her videos. i hadn't watched for a while until today and what you said confirms my suspicion. i feel concerned about the animals when i see them๐”.,@lolaveneziana6999我也有一段时间。我还注意到她有时如何对待幼犬和猫。我看了最近有一只受伤的狗☹️的视频。我喜欢她的其他内容，但是您所说的总是在观看她的视频时在我的脑海中。直到今天我还没有看过一段时间，您说的话证实了我的怀疑。当我看到动物时，我会担心这些动物。
31496,Ugwn5TcDGHBx0IDMEYx4AaABAg,3,4 years ago,i love how she eats one of each thing as she packs it all up lol,我喜欢她在打包所有东西时如何吃每件事之一
50900,UgwgdxkzLocvnrsCmMF4AaABAg.8qlbwQdOZYk8qnIZPeck97,3,4 years ago,@echosu5793 there are some similar food. but most of korean food are totally different from china's. i'm sure that i like chinese food more than korean. lol,@echosu5793有一些类似的食物。但是大多数韩国食品与中国完全不同。我敢肯定，我比韩国更喜欢中国菜。哈哈
7043,UgzlNZBVJDcoFK5LV3R4AaABAg,3,2 years ago,"i've been doing anything so far, so i wasn't good at eating the last time, lol",到目前为止，我一直在做任何事情，所以我上一次不擅长吃东西，大声笑
16484,UgzO7Q9LG_oAD2wUg3p4AaABAg.98fdQ3AeW6l99BiitmgLS8,2,3 years ago,"i want this life, but i have no idea where to begin lol",我想要这一生，但我不知道从哪里开始大声笑
26328,Ugz4x9jZf79qtb1MNMB4AaABAg.8zkpfxZ3kEy92z7fih3Vo4,2,3 years ago (edited),for those of you who still need something to help with depression check out empower plus vitamins from truehope they changed my life. good on you bug bug it takes a big person to admit to the public something like that. isn't it amazing how seeing someone living so purely how you instantly recognize the worth in it ? shes the most inspiring woman i've ever seen in almost 50 years on this earth. i'm sooo jealous of the man in her life lol,对于那些仍然需要一些东西来帮助抑郁症的人，请查看Empower和TrueHope的维生素，他们改变了我的生活。在您的错误方面很好，一个大人需要一个大人才能向公众承认这样的事情。看到某人如此纯粹地看着您如何立即认识到它的价值，这并不令人惊讶吗？她是我在地球上近50年来见过的最鼓舞人心的女人。我很嫉妒她一生中的男人
7813,UgykxnwFHQcNdtcTpVF4AaABAg.9JNs6vbdvmr9JQ06ibsDra,2,2 years ago (edited),"​ @user-uu7ep1ok6v in world war ii you abolished chinese 
your country flag even are chinese the eight diagrams (eight combinations of three whole or broken lines formerly used in divination) lol","@user-uu7ep1ok6v在第二次世界大战中取消了中文
您的乡村旗甚至是中国的八个图表（八个以前用于占卜的三个或损坏的线的组合）大声笑"
23544,UgwrTvJI7cj9ru8jEZ14AaABAg.92JzZdPSB8g92qazuWebTl,2,3 years ago,"until some jackass from earth invades his planet, attack and restrain him while cooking for dinner. cut off his hand in proses and finally beheading him with axe. what wonderful life lol ๐ 




https://youtu.be/dwfcw1v8zbs ๐ฏ๐ต๐ฏ๐ต๐ฏ๐ต๐๐‘","直到地球上的一些公驴侵入他的星球，在做饭时攻击并约束他。切断他的手，最终用斧头斩首。多么美好的生活大声笑




https://youtu.be/dwfcw1v8zbs"
16448,UgzShS_TdCNk4AaiYZJ4AaABAg.98g2_m4a6ks991qEn8sDJ8,2,3 years ago,large fan lol,大型粉丝大声笑
31752,Ugzed-M2hjC-6YZSZPB4AaABAg.8w4oDA-v0Vt8wk6K9ypdT_,2,3 years ago,jovani kimble iโ€m saying!!!! i need me a woman such as her. lol absolutely my favorite place on youtube also.,Jovani Kimble我说的！我需要一个像她这样的女人。大声笑也绝对是我在YouTube上最喜欢的地方。
39668,UgwRiXCjFPETa0VP34t4AaABAg,2,4 years ago,"she is so busy in her life and enjoying her life 
other girls are busy and crying for boys relationship problems lol this is not a life 
this is life that she is living... heaven place โฅ๏ธ","她的生活很忙，享受着自己的生活
其他女孩正忙着哭泣男孩关系问题大声笑这不是生活
这就是她过着的生活...天堂之地♥♥"
4266,UgybaqlaPDXgQ89PPld4AaABAg.9Re070FLoFc9UfyFmwf9Me,2,1 year ago,"so if she gets rich before this and her point is to show people the rural life which she chose so whats the problem you said it yourself there alot of millionaires out of poverty so whats the difference with her videos. her videos showing culture, old style cooking a lifestyle. lol... fake? why would you call fake if she can really do all those things you said it yourself even if you did not finish highschool you can still be millionaire and she did that",因此，如果她在此之前变得富有，而她的观点是向人们展示她选择的乡村生活，那么您自己说的问题是什么，这是有贫穷的很多百万富翁，所以与她的视频有何不同。她的视频显示文化，旧式烹饪生活方式。大声笑...假吗？如果她真的可以做所有这些事情，即使您没有完成高中，为什么还可以打电话给假货，您仍然可以成为百万富翁
7015,UgznSZ0R2KcguJOeJ6R4AaABAg.9KaDDAq3zQV9KbgVPojTyl,2,2 years ago,lol.joke.,大声笑。
10618,UgzjqCUUoBsbSh3rOOJ4AaABAg.9FmhlkJRvX_9GjOCXqlJWN,2,2 years ago,@robertpace901 it's her pet!!!lol,@robertpace901是她的宠物！！！
17102,UgxIm2cLMq9lziWb_wZ4AaABAg,2,3 years ago,the music in this video makes me feel like watching asian drama when the main female lead is a girl like that working hard in life lol,这段视频中的音乐使我感觉就像看亚洲戏剧时，当主要女主角是一个像这样努力工作的女孩大声笑
36771,UgwRFo-eaYSHbYMC5yR4AaABAg.8uPQ7pNVLHx8uZl49RANGJ,2,4 years ago,yooooo lol,yooooo大声笑
49011,UgxEsk6FRnKVRFLQgc54AaABAg,2,4 years ago,"happy chinese new year from the florida keys!!!!'m a rooster...lol...you are a superwoman, preparing all that!!!",佛罗里达钥匙的农历新年快乐！！！！！！！！！！！！！！！！！！！！！！！！！！！！！！！！！！！！！！！！！！！！！！！！！！！！！！！！！！！！！！！！！！！！！！！！！！！！！！！！！！！！！！！！！！！！！！！！！！！！！！！！！！！！！！！！！！！！！！！！！！！！！！！！！！！！！！！！！！！！！！！！！！！！！！！！！！！！！！！！！！！！！！！！！！！！！！！！！！！！！！！！！！！！！！！！！！！！！！！！！！！！！！！！！！！！！！！！！！！！！！！！！！！！！！！！！！！！！！！！！！！！！！！！！！！！！！！！！！！！！！！！！！！！！！候）
20231,UgzV4DNCTtBWjzkqTCB4AaABAg.94nOZTTSF069LnpH4DyupK,2,2 years ago,@lolaveneziana6999 stereotype,@lolaveneziana6999刻板印象
37431,Ugye5OteAFIDB5cQexF4AaABAg,2,4 years ago,"i could marry her... lol! 
the food is so amazing!!!","我可以嫁给她...大声笑！
食物真是太神奇了！！！"
17932,UgzDvK01DKLdUHKPc-54AaABAg.97SFFb4Mpvv98B67uaEOb6,2,3 years ago,"@cookinlikeachefima5starmic747 ummm... i was complementing them? bada** is a compliment, and i was saying how they're different but still amazing. i wasn't throwing a tantrum lol nor was i disagreeing with angelica. i was just providing an alternative explanation. also if you have a problem with swearing then maybe you should go to youtube kids? this site is for 13 y/olds and older so content on here can include cuss words lol. and when i do swear i never do so to insult others. :) 


also i'm personally a felix stan lol.","@cookinlikeacheachefima5starmic747嗯...我在补充它们吗？ Bada **是一种称赞，我是在说它们与众不同，但仍然很棒。我没有发脾气大声笑，也不同意当归。我只是提供另一种解释。另外，如果您对宣誓有问题，那么也许您应该去YouTube孩子们？该网站适用于13 Y/OLDS及以上的年龄较大，因此这里的内容可以包含Cuss Words大声笑。当我发誓时，我从不侮辱他人。 :)


我个人也是Felix Stan Lol。"
10262,UgwVzIQ3hjqcp4yWIBN4AaABAg.9GGneDumlLS9GOOpfBsBWm,2,2 years ago,the chinese way lol my family is like that too,中国人大声笑我的家人也就是那样
28510,UgzVXcV1_D1t8Zi286h4AaABAg,2,3 years ago,"sahara dessert - hi, i'm sorry that it made you cry. i have seen all of her videos since, but this particular video made me miss my childhood. you see my family lived in l.a., california and at 11 we moved up to washington state. we moved around a few times until we found the community that suited us and we became strawberry farmers. we had 1 milk cow and a handful of chickens, but the acres upon acres of strawberries made us farmers. lol. i was a pre-teen and i wanted money to have nicer things, so my parents gave me an acre to tend and all benefits were mine.
the hard work and solitary times allowed me to grow up intellectually. i miss those days because everything i did yielded the effort i put into it and i had physical proof of my efforts. that is to say the first year yeilded poor results because i only wanted to be a teenager, yet the second year produced beautiful premium strawberries because i didn't want the worth of my efforts to be so unsavory. i learned and did a lot of different farming activities as we expanded to a year around farm, but having the best strawberries at 13 made the life style a landmark in my maturity and gave me my best ""self"" at the age of 13.
i am reaching my elderly years now and i have lived my life in many different places, but i am once again in washington state and deep down, i know that this is how life is actually suppose to be. we yeild from life what we put into life.","撒哈拉甜点 - 嗨，对不起，这让你哭了。从那以后，我看到了她所有的视频，但是这个特殊的视频使我想念我的童年。您会看到我的家人住在加利福尼亚州洛杉矶，我们搬到了华盛顿州。我们大约几次，直到找到适合我们的社区，并成为草莓农民。我们有1只奶牛和少量鸡，但是英亩的草莓上的英亩使我们成为了农民。哈哈。我是青春期前的，我希望钱能拥有更好的东西，所以我的父母给了我一英亩的趋势，所有的好处都是我的。
艰苦的工作和孤独的时期使我能够在智力上成长。我想念那些日子，因为我所做的一切都付出了我所做的努力，并且我有身体上的努力证明。也就是说，第一年的成绩不佳，因为我只想成为一个少年，但是第二年就生产出了美丽的优质草莓，因为我不希望自己的努力如此不愉快。当我们扩展到农场周围的一年时，我学习并做了许多不同的农业活动，但是在13岁时拥有最好的草莓使生活方式成为我的成熟度中的地标，并在13岁时给了我我最好的“自我”。
我现在已经到达了我的老年，我已经在许多不同的地方过着自己的生活，但是我再次在华盛顿州和深处，我知道这就是生活实际上应该是的。我们从生活中付出的一切。"
31212,UgxBPmGw0xIG1aIl6ZF4AaABAg.8wR1zKZ8whC8x5T3udCIT6,2,3 years ago,"@nono-oe2ou lol. yeah agreed. not all of them though. another thing that sometimes piss me off is the pushing, not getting in line and being so loud in the public places such as train.",@nono-oe2ou大声笑。是的。并非所有人。有时我会惹恼我的另一件事是推动，没有排队，在火车等公共场所如此大声。
30513,UgyySwGmDvOFkuceh9F4AaABAg.8wygo0jMHYk8xEa64EJu40,2,3 years ago,hongwei geng lol nice youโ€re breaking the law,Hongwei Geng大声笑很好，您正在违反法律
33054,UgyTWmyBvRkc3cSrLPF4AaABAg.8vVYJy8QOaA8vyCRAZCEOL,2,4 years ago,@chhuang6278 lol ๐thanks! i just saw what i spelt,@chhuang6278大声笑
22454,Ugzk2hZzSJPMNCq5HPR4AaABAg.92v_huHNonN93BKHMwlA1I,2,3 years ago,@realityqueen3173 so true lol,@RealityQueen3173如此真实大声笑
31020,UgzF-bTIu0PQa86x5gB4AaABAg.8w_-YWVrkVC8x9kMHUqu4I,2,3 years ago,evde nokkiyalm nammal analllo lolรก,evde nokkiyalm nammalanallloLolá
8292,UgyPEtx1I1K_El6KiY54AaABAg,2,2 years ago,5:58 lol,5:58大声笑
10615,UgzjqCUUoBsbSh3rOOJ4AaABAg.9FmhlkJRvX_9GcXJHETnX5,2,2 years ago,@robertpace901 idk lol ๐,@robertpace901 idk大声笑
32611,UgzB8g7xi9aMF1JVfs94AaABAg.8vj7Fl_oJ-U8wDS2MDGQsN,2,4 years ago,and a goat lol,还有山羊哈哈
22152,UgwSWFEg6MtU7NJ88UN4AaABAg.933fknFXf2E93CHEZUx9WS,2,3 years ago,omg i saw ur comment while watching that part ๐ and we have the same mind lol ๐คฃ,天哪，我在看那部分
30306,UgxKAP8_rwDN0DRJQ8x4AaABAg,2,3 years ago,the sheep following her as well...lol,也跟随她的绵羊...大声笑
36775,UgwRFo-eaYSHbYMC5yR4AaABAg.8uPQ7pNVLHx8u_Z75fUJ6_,1,4 years ago,lol i was thinking about this too,大声笑我也在考虑这个
33265,UgwsdHQcutXvvu7jHZR4AaABAg,1,4 years ago,8:56 was that a big grape fruit?! thatโ€s so huge i want one lol,8:56那是大葡萄果吗？太大了，我想要一个大声笑
32145,Ugws1v9WiGelWPJscu54AaABAg,1,4 years ago,she now takes the whole puppy and drops it into the pot lol,她现在把整个小狗扔进锅中大声笑
36872,Ugw8D1JqA_ulBm8hq0p4AaABAg.8uMPiaqIMPI8uOy3tAQ7h0,1,4 years ago,"i know theres candied apples, and dried mango, and i just learned the stacked candied fruit on the stick is called tanghulu and made of hawthorn. i'm def not an authority and just did some googling, but i came down here hunting for the same thing lol",我知道有蜜饯的苹果和干芒果，我刚刚得知棍子上堆积的蜜饯被称为Tanghulu，由山楂制成。我不是权威，只是谷歌搜索，但我来这里寻找同一件事大声笑
36772,UgwRFo-eaYSHbYMC5yR4AaABAg.8uPQ7pNVLHx8uZn13ThFl0,1,4 years ago,lol,哈哈
31955,Ugx-IiD8x3qRbrFROu54AaABAg,1,4 years ago,lol o loved how the sheep and those two dogs stay with her the whole time she was finding chestnuts,大声笑o喜欢绵羊和那两只狗在发现栗子的整个过程中如何与她在一起
32127,UgyBw9TSEHksuex50114AaABAg.8vyKXyhdAro8w0NPtheelN,1,4 years ago,more like instead of sleeping lol,更像不是睡觉大声笑
22667,UgyBT7lL44bJijTqXmd4AaABAg.92oYGg24oay92rdCYH_EBR,1,3 years ago,jasmine mckenzie lol but it true,茉莉·麦肯齐（Jasmine McKenzie）哈哈，但这是真的
23802,UgytdYbMoKlDK-8cyr94AaABAg,1,3 years ago,wtf a chinese youtuber? i'm going to die in peace now lol,WTF中国YouTuber？我现在要和平死了
22205,UgxkEROHtVtRfDk7j2Z4AaABAg,1,3 years ago,hello lol,你好大声笑
22362,Ugxqt4ueE7Dc_vGDu9t4AaABAg,1,3 years ago,5:55 i was exactly the same as her lol. they make the popcorn in the traditional way which reminds me of my childhood. but i have never see this after grown up. kinda miss this๐ญ,5:55我和她的大声笑完全一样。他们以传统的方式使爆米花使我想起了我的童年。但是长大后我从未见过。 Kinda想念这个
32742,UgwCTLy_g_m0R31-0q94AaABAg,1,4 years ago,when i was a kid there was a chestnut tree in my front yard and backyard and for chores iโ€d always have to pick all them damn prickly things up barehanded haha then when i got older lol i realized ughh all those wasted chestnuts!!!! ๐ญ๐… this was so relaxing to watch i wish i could experience this preparation it looks fun!,当我还是个孩子的时候，我的前院和后院里有一棵栗子树，对于杂务，我总是必须拿起所有这些刺刺的东西，然后裸照哈哈，然后当我变老时，我意识到所有这些浪费的栗子！！！呢
22536,UgygwOhxoIK0WvV-apZ4AaABAg.92u6-M3hgI392vbux6oCgN,1,3 years ago,lol i was searching for this comment ๐…,大声笑我正在寻找这个评论
33334,UgwAGADMqgzYcrx9gP94AaABAg,1,4 years ago,wow this lovely lady is amazing! i gladly make an exception and watch all her ads.lol,哇，这位可爱的女士很棒！我很乐意做一个例外，看着她所有的广告。
37367,UgxYaYuVplenZA3rlLp4AaABAg,1,4 years ago,the nerve of this woman to make me feel so useless lol,这个女人的神经让我感到如此无用的哈哈
31923,UgwJewGP5Uc6immC0rR4AaABAg,1,4 years ago,why do i feel so motivated to do something with my life lol,为什么我感到如此动力去做我的生活大声笑
32580,Ugy6tqTZWCjGYefnGox4AaABAg,1,4 years ago,i had a digimon flashback lol,我有一个数码兽闪回大声笑
37654,Ugybo1aW9yypcpNAyfp4AaABAg,1,4 years ago,"she's like, the ideal girl to marry, lol!",她就像是结婚的理想女孩，大声笑！
37666,Ugz7tP1WsfaxFD8K0114AaABAg,1,4 years ago,"i was looking in the comments to see if anyone had cried, but i guess i'm the only one, maybe it is because i'm on my period lol",我正在看评论，看看是否有人哭了，但我想我是唯一的人，也许是因为我在我的时期里大声笑
22245,UgwQ7WDYolTa7nuM0OB4AaABAg,1,3 years ago (edited),"i have to say it's a good job lol
good job ๐‘ ๐‘ ๐‘","我不得不说这是一件好事大声笑
好工作"
30124,UgwuZpYWUJmsZqmhdLh4AaABAg.8xJbLxxntd79IRik3A9gWt,1,2 years ago,c hromberriesใท can she fight? no. she only cooks and cleans. lol.,c hromberriesシ她可以打架吗？不，她只做饭和清洗。哈哈。
31921,Ugz24KIj7A12pI_ISLd4AaABAg,1,4 years ago,lol i was not expecting the popcorn maker to do what it did,大声笑我没想到爆米花制造商会做自己的事
26479,Ugz4x9jZf79qtb1MNMB4AaABAg.8zkpfxZ3kEy98zh9JmLc_p,1,3 years ago,lol so do i,大声笑我也是
30093,UgwuZpYWUJmsZqmhdLh4AaABAg.8xJbLxxntd78y3qAsbu3qK,1,3 years ago,misty sisco she should be the one to play mulan lol,薄雾sisco她应该是玩木兰大声笑的人
29622,Ugwd58Lq5MiSnfbP8CZ4AaABAg,1,3 years ago (edited),"11,000 women caught their man watching liziqi. lol","11,000名妇女抓住了自己的男人看着利兹奇。哈哈"
35033,UgyoQ22FTE7CBFzC4qx4AaABAg.8ukF8x1n6m-8vECXYZmA0Z,1,4 years ago,"lol, hi my fellow trash",大声笑，嗨，我的同伴垃圾
35076,UgyoQ22FTE7CBFzC4qx4AaABAg.8ukF8x1n6m-8w0Dv8U_2GU,1,4 years ago,dude relax it's a big production lol but still you can do learn stuff,杜德放松一下，这是一个很大的制作大声笑，但您仍然可以学习一些东西
28089,UgwleWdrN0W_bi5cpf14AaABAg,1,3 years ago,5:57 i replied it 5 times lol,5:57我回答了5次大声笑
34384,Ugy9Gua_ThhMeAwifHN4AaABAg.8v49t1LxqD68v_uaewDC3L,1,4 years ago,"dont blame them, they got a jealous wife lol",不要怪他们，他们有一个嫉妒的妻子大声笑
28018,UgyyrbUKYWOw4sOzJgt4AaABAg.8ytwvQwB2C48yuDZLN3FNL,1,3 years ago,same!! i'm having a marathon now lol,相同的！！我现在正在马拉松大声笑
22120,UgxBVh5GSTzJnepl3MB4AaABAg.9349BorE-pI934L2Ew7sz-,1,3 years ago,arthur huynh lol! i was thinking the same thing. she seems to be a master crafts woman in many fields!,Arthur Huynh哈哈！我在想同样的事。在许多领域，她似乎是一名大师手工艺女人！
27645,UgyjtbWu3F0KZDJJAOd4AaABAg,1,3 years ago,i dont inderstand how her oven is working..lol,我不劝告她的烤箱的工作方式。
30543,UgyySwGmDvOFkuceh9F4AaABAg.8wygo0jMHYk8xapn722Wrt,1,3 years ago,"odee if you believe chinese government behind this, go for it. but you can't deny the video does look ""appealing"" to you. lol",ODEE如果您相信中国政府背后的政府，请继续前进。但是您不能否认该视频确实对您来说确实是“吸引人”的。哈哈
31189,UgyQGXjkHl-L6vxFEV94AaABAg,1,3 years ago,"lol when she takes the oranges and the big yellow fruit from the orchard, she looks like she's trying to run off before someone catches her stealing their fruit. also what was with the explosive popcorn?",大声笑时，当她从果园那里拿走橙子和大黄色水果时，她看起来好像在试图逃跑，然后有人抓住她偷走了他们的水果。还有爆炸性爆米花是什么？
35736,UgxQkDInYdIrmGDvFdJ4AaABAg,1,4 years ago,"what kind of bgm is this lol
this video is too artificial, unnatural and dramatic
(all those angles, bgm, actress etc)
thatโ€s why it gets so many dislikes","这是什么样的BGM
该视频太虚假，不自然和戏剧性
（所有这些角度，BGM，女演员等）
这就是为什么它如此不喜欢的原因"
35802,UgwSyp5fk9b4YDBUlmp4AaABAg,1,4 years ago,am i the only one thinking how cute the puppies and baby ๐ was lol,我是唯一一个想小狗和婴儿多么可爱的人
36310,Ugwf1l7NucAk9dJoDkF4AaABAg,1,4 years ago,5:54 lol๐,5:54大声笑
26440,Ugz4x9jZf79qtb1MNMB4AaABAg.8zkpfxZ3kEy98-3IcNSHET,1,3 years ago,took a shower lol,洗个澡
36628,Ugxm8VmuqlhI1T8Dn2Z4AaABAg.8uRmcVJ_cGD8u_QtWijuE0,1,4 years ago,i thought the same lol. i was like wait i saw a dried sunflower heart. i guess it was both ?,我以为同样的大声笑。我就像等了，我看到了一颗干燥的葵花籽心。我想这两个是吗？
26415,Ugz4x9jZf79qtb1MNMB4AaABAg.8zkpfxZ3kEy96wIR2rTAsc,1,3 years ago,lol ๐,大声笑
26335,Ugz4x9jZf79qtb1MNMB4AaABAg.8zkpfxZ3kEy935VP72yXYT,1,3 years ago,"iโ€m so sorry, but i laughed, i get it, at least this is what we can do to show her the respect right? lol",我很抱歉，但我笑了，我明白了，至少这是我们向她展示尊重的能力吗？哈哈
26323,Ugz4x9jZf79qtb1MNMB4AaABAg.8zkpfxZ3kEy92rOz0N8QPm,1,3 years ago,wow lol,哇，大声笑
31271,Ugyi5_37zwAlHVzbdzN4AaABAg,1,3 years ago (edited),"her relationship with her grandma reminds me of my relationship with myself lol jk

it reminds me of my grams , and liziqi reminds me a lot of grandma . my grandma a bad ass","她与奶奶的关系使我想起了我与自己的关系大声笑JK

这让我想起了我的克，Liziqi让我想起了很多奶奶。我奶奶是一个坏屁股"
31392,Ugy2NrYiF0vRaT6QnUJ4AaABAg,1,4 years ago,iโ€ve seen this video at least 5 times lol,我至少看过5次这段视频大声笑
26191,UgxFsG0sH8rQKFyg4r54AaABAg,1,3 years ago,lol that bear shaped oven xd....,大声笑的烤箱XD ....
33729,UgzJlti5cDY5HE3_XVl4AaABAg,1,4 years ago,absolutely love these videos. nothing quite compares to them. i would love to know the recipes for your creations. i'm hungry just watching lol,绝对喜欢这些视频。没有什么比他们比较了。我很想知道您的创作食谱。我饿了，只是看大声笑
26142,UgwQdehRp_7a7Gz3Xz94AaABAg.8zoNNAQmde-9-NZapZ2nam,1,3 years ago,those who dont have confident to try one of her activities in her videos can dislike easily and simply... lol.,那些没有自信的人在视频中尝试其中一项活动的人很容易不喜欢……大声笑。
26071,UgwbcBgUdIfXWeQE-SZ4AaABAg.8zpxgw6y6kQ8zuozXVXgqy,1,3 years ago,i was just kidding lol :d iโ€d sure like to have one like this that follows me around and is also cute and cuddly but idk if iโ€m responsible enough. i used to keep a pet rabbit and it pooped so much and i hated to having to clean it up. so pets are out of the question for me! xd,我只是在开玩笑：D：D我肯定会有这样的人跟随我，也很可爱，也很可爱，但如果我足够责任，则IDK。我曾经保留一只宠物兔子，它大便了很多，我讨厌必须清理它。所以宠物对我来说是不可能的！ XD
26069,UgwbcBgUdIfXWeQE-SZ4AaABAg.8zpxgw6y6kQ8zun3ytxNvs,1,3 years ago,lol why not?,大声笑为什么不呢？
26056,UgzMckzmL9d1yIG16Wp4AaABAg,1,3 years ago,awww cute puppy lol nice video๐ค—๐ค—๐ค—๐ค—๐ค—๐ค—๐ค—๐๐๐๐๐๐๐,awww可爱的小狗大声笑漂亮的视频
25818,Ugw7nuDNo9mifqSzSEZ4AaABAg,1,3 years ago,"how wonderful it is that she's able to live off of the land and have tiny animals that follow her around everywhere!! lol 

this is so precious. ๐","她能够生活在土地上，并在各处跟随她的小动物是多么美妙！！哈哈

这太宝贵了。"
36442,UgzrPpPpJaTWoIGCkdt4AaABAg.8uUnURwgJql8uZoPF2YWHR,1,4 years ago,lol,哈哈
31848,Ugx-MTvnUSk3qbIwsuF4AaABAg,1,4 years ago,this video make me happy lol,这个视频让我开心大声笑
53052,Ugxy4weUigl7BpZ1LFl4AaABAg.8qlJNiijARo8qlK8kT8Pl7,1,4 years ago,mik lol,Mik大声笑
33239,UgyAu-rIF13i7hTZPw54AaABAg,1,4 years ago,popcorn or a bomb? 5:59 lol,爆米花还是炸弹？ 5:59大声笑
47697,UgxVLaRdVsKdAsuwfEN4AaABAg.8qoChMDm9Eg8qqsmjLqSkq,1,4 years ago,no 't'here，lol,不，大声笑
17592,UgzZJQLfxZmjWJC-CE94AaABAg.97mGEjwYYmP98D1-zrnsE2,1,3 years ago,"@shiva basir ,
follow her lead all day long? beta female lol 
how about take the lead?","@shiva basir，
整天跟随她的潜在客户？ beta女性哈哈
领先怎么样？"
48407,UgxFR6K19eEc6NJcB7p4AaABAg.8qn1nCx033v8qoXtLjzXSk,1,4 years ago,it grew to 707. those people didn't like her for not using any gloves. lol,它长到707。这些人不喜欢她不使用任何手套。哈哈
41260,Ugy-RZABDk58xEdqRNx4AaABAg,1,4 years ago (edited),5:57 lol so cute of her covering her grandma's ears xd,5:57大声笑，她覆盖了奶奶的耳朵XD的可爱
46743,UgyOUssndE0VZgxNk6B4AaABAg.8qrt3VhOP998rQak8BaQV8,1,4 years ago,@llhg lol i'm european and we don't eat dogs nor cats so you can stop,@llhg大声笑我是欧洲人，我们不吃狗或猫，所以你可以停下来
18331,Ugw80zM44ACWUv2fPGx4AaABAg.973uol_JdfB97n9-QGXrsq,1,3 years ago,no kidding! that basket of ponkan alone is probably like 3-4 of the boxes of ponkan that i haul over cny lol,没有开玩笑！只有那篮庞坎篮可能就像我在cny上拖着的3-4盒庞坎盒
17940,UgzDvK01DKLdUHKPc-54AaABAg.97SFFb4Mpvv9925_YvMcOE,1,3 years ago,just watch any ghibli movie lol,只需看任何吉卜力电影大声笑
7114,Ugz7k5U8bWxy6uT4-gl4AaABAg,1,2 years ago,"definitely enjoy the videos and effort, but that popcorn looked weak. lol",绝对喜欢视频和努力，但是那个爆米花看起来很虚弱。哈哈
8864,UgwOaz2v0AfQAZrIAYl4AaABAg,1,2 years ago,"gosh, i feel like such a useless bum, lol. i worked from home at my dining table, ate dinner, watched judge judy and knocked out only to come on here and suddenly find her channel. she's really impressive - a special lady! and now i'm craving kung pao chicken & red bean cakes. you go girl!!",天哪，我觉得像是一个无用的屁股，大声笑。我在餐桌，吃晚餐的家里工作，看着朱迪法官，然后撞倒了这里，突然发现了她的频道。她真的很令人印象深刻 - 一位特别的女士！现在，我渴望功夫鸡肉和红豆蛋糕。你去女孩！
41795,Ugx6ZVJLnuxcK0AkkaB4AaABAg.8rsShYaq7o88s3NXqBqehN,1,4 years ago,"except there's none of those in this video, lol.",除了该视频中没有一个，大声笑。
7295,UgwJhCZEXvwvXgR5keB4AaABAg.9JyZ5Lnf1X79KY3Jovab1j,1,2 years ago,same lol,同样大声笑
17672,UgxxeyCAUXmSYNAcCnV4AaABAg,1,3 years ago,5:59 what the hell lol. did you guys saw it?,5:59什么人大声笑。你们看到了吗？
13806,Ugx3bP1pSZ7-tezrdiZ4AaABAg.9BQ5sAt3AMG9BVc95OYhgf,1,2 years ago,we have almost the same names lol,我们的名字几乎相同
48941,UgzsOjASgBkdTYzhzEJ4AaABAg,1,4 years ago,what the popcorn cannon lol so funny,什么爆米花炮大声笑如此有趣
14391,UgxvyMSzge8FOcBmUmt4AaABAg,1,2 years ago,i don't really like to cook but i like watching this young woman. her work ethic is inspiring. i hope that she gives all that food away and not trash it. it's not possible that she and her grandma eat all that. lol but i really enjoy li's videos.,我真的不喜欢做饭，但我喜欢看这个年轻的女人。她的职业道德令人鼓舞。我希望她把所有的食物都放弃，不要垃圾。她和她的祖母不可能吃掉所有这些。大声笑，但我真的很喜欢李的视频。
14814,Ugzk4fbAwjYhvDZbJht4AaABAg,1,2 years ago,the dog at the end is literally me lol,最后的狗实际上是我大声笑
17103,UgwWSS3LWINrYh9qBNR4AaABAg,1,3 years ago,that sheep eating grass lol so cute,那只羊吃草大声笑真可爱
16966,UgypOOuHQC0ytLcmXcJ4AaABAg.98HJEXDK_vg98Vnt69YSZ8,1,3 years ago,lol same,大声笑
47456,Ugz7TjZ5k9M1VwACM6V4AaABAg,1,4 years ago,ohh wow i love ur videos always makes me happy and hungry everything u make looks so delicious i want to try everything u make lol please keep it up,哦，哇，我爱你的视频总是让我开心，饿了你看起来如此美味的一切，我想尝试所有你做的一切
47402,Ugz-nOnIvznU0flFJth4AaABAg.8qoonAvAO4d8qtaZz_Cmcq,1,4 years ago,dann s. lol. that cut of meat is way too thick to have come from that tiny lamb.,Dann S.大声笑。那块肉太厚了，无法来自那个小羊肉。
16106,Ugz6h70ujNZ-ytMMhgV4AaABAg.98ujKMXr4Hk99CclCp19LT,1,3 years ago,"is! this is really good!
i like to cook personally with this person's video, so this is a lot lol lol","是！这真的很好！
我喜欢用这个人的视频做饭，所以这很多大声笑"
43037,Ugw9GZs9TOFagMN7TCV4AaABAg.8rSFVREWTcL8ri1UabU4ef,1,4 years ago,@arthuryan3577 lol xd,@arthuryan3577大声笑xD
8081,Ugzvt6N7_0BRB6y6U_h4AaABAg,1,2 years ago,thats a round ass mango lol,多数民众赞成在一个圆形的屁股芒果大声笑
43708,UgxNzJ6PZiQymaiNV3R4AaABAg.8rIvoP8deLE8rOqeR8rfKS,1,4 years ago,@malakaya9732 yeah i've worked there for a week in chengdu then traveled to a town qionglai. no lack for sweet girls in both cities and villages lol.,@Malakaya9732是的，我在成都工作了一个星期，然后去了Qionglai镇。在城市和村庄中，可爱的女孩都不缺乏。
48816,UgzwliKJ2AJFSgeNaF54AaABAg,1,4 years ago,lol @ that jump at the explosion.,大声笑 @那爆炸。
48708,UgzqdfPs4fIS9O9-1Et4AaABAg,1,4 years ago,new here! and omgggg so glad i found you! ive been sleeping on this channel lol,新来的！ Omgggg很高兴我找到了您！我一直在这个频道上睡觉大声笑
4848,UgzFK5jHBzSGnLD-FNl4AaABAg,1,1 year ago,"06：00 ,the 2 puppys and liziqi are all scared to jump up when the popcorn have a big bang!!!!lol",06:00，当爆米花有一个大爆炸时，两只小狗和利兹奇都害怕跳起来！
4264,UgybaqlaPDXgQ89PPld4AaABAg.9Re070FLoFc9UfxlaS70XY,1,1 year ago,@jackham4407 lol... did you reas how she rise up and how she started do you expect her to have already dslr at that time did you know how she started in chinese version in youtube and almost no one saw the video until one agency posted in and it blew up then she got bigger and bigger. lol...,@Jackham4407大声笑...您是否放心她是如何起床的，她如何开始您，您希望她当时已经拥有DSLR，您知道她在YouTube中使用了中文版本，直到一个机构发布了一个机构，几乎没有人看到该视频进去，然后炸毁了，然后她变得越来越大。哈哈...
21140,UgzOXOzfVHv9u9629LJ4AaABAg,1,3 years ago,typo-scenes lol,错字大声笑
21137,UgxGpBIjKZ_ntzbxeHx4AaABAg,1,3 years ago,every animal loves her lol.,每个动物都爱她。
12024,Ugz89tYyq0m2H1Jzojl4AaABAg.9DmOIl4dMTi9Ee5F-wNJof,1,2 years ago,ak7_ak7 lol,AK7_AK7大声笑
38835,UgxYDfqHX8Ew3Lf6pUh4AaABAg,1,4 years ago,"lol we have these in wisconsin. we used to pelt each other with them before they split open. they hurt, but it's fun.",大声笑我们在威斯康星州有这些。我们曾经在他们拆开之前与他们互相挤压。他们很痛，但这很有趣。
50737,UgxmHz2Bx392lIn6b1x4AaABAg,1,4 years ago,the dogs are so cute lol! and that sheep that think it’s a doggo,狗真可爱！那绵羊认为这是狗狗
20621,Ugx0QOHPU_RJfo4C5HF4AaABAg,1,3 years ago,snacks to eat all winter? you can cover the dessert shop. lol,整个冬天吃零食吗？您可以覆盖甜点店。哈哈
20191,UgzR7Rw_H0b9jDBS5Rx4AaABAg,1,3 years ago,they are stocked with snacks for the month lol,他们有一个月的小吃大声笑
12652,UgwT1gDAxj3u5Py3Xn14AaABAg.9Cu4gC8q40r9DVbq60jRXA,1,2 years ago,"princess mae i understand and it’s totally fine, but aq2388k (prev. pandateasalad) replied so rudely to me first hence i returned back the attitude lol",梅公主我理解，这完全很好，但是AQ2388K（pandeasalad）对我很粗鲁地回答，因此我回到了态度
10838,UgzkmVM5IF7ddoTzMvd4AaABAg,1,2 years ago,i enjoy these videos so much and i get lost in the beauty of nature that i keep forgetting to hit the thumbs up. lol,我非常喜欢这些视频，我迷失了自然之美，我一直忘记击中大拇指。哈哈
9886,UgzxEwsVsKUkwv8YJcR4AaABAg,1,2 years ago,is this snack for a 100 years lol,这是100年的小吃大声笑吗
39909,UgzPSUcSgTgvUolS4hZ4AaABAg,1,4 years ago,"lol, ever17 music",大声笑，Ever17音乐
40351,UgxdqJuA-KfNI5VxsNZ4AaABAg,1,4 years ago,"is she mary has alittle lamb,and it follows her wherever she goes....i'm just loving her videos,soso beautiful and mind blowing,all that nature.i'm going nuts,get it nuts lol.",她是玛丽的羔羊，无论她走到哪里，都会跟随她。...我只是喜欢她的视频，soso美丽而震惊，所有的大自然。我很疯狂，让它发疯。
49499,UgyFlrsMf3CKtYFHomd4AaABAg.8qm5iRpzT658qmhQXYoBZB,1,4 years ago,guess chinese was translated by google translate? lol,猜猜中文是由Google翻译翻译的吗？哈哈
21709,UgyxHdX1PteDpZI6CEZ4AaABAg,1,3 years ago,chest nuts ๐.i ate the entire shell . it was silly and had no clue . i was offered a second. no thanks .lol .i told my sister and she busted out laughing .,胸坚果
15485,Ugxacz_hVEnZ7hIAlld4AaABAg.99WjGMbS_t299WjjkJQyWJ,1,3 years ago,china has been leading in the telecom department. lol.,中国一直在电信部门领导。哈哈。
34289,Ugy2vjcvaIVIQHh_IG54AaABAg,0,4 years ago,"jie jie, can you give me some of those, please? 
lol i'm drooling right now๐","Jie Jie，你能给我一些吗？
大声笑我现在流口水"
46741,UgyOUssndE0VZgxNk6B4AaABAg.8qrt3VhOP998r5xWiGKwI3,0,4 years ago,"@ceeenloud7957 lol it's not racist to criticize a kpop lover. no race is mentioned. btw, there are koreans who eat dogs too.",@ceeenloud7957大声笑，批评KPOP爱人不是种族主义者。没有提及种族。顺便说一句，有些韩国人也吃狗。
34631,UgwgJzrlzb4DhuaI47x4AaABAg,0,4 years ago (edited),"can i come over and get a plate? that looks good asf ๐ฉ






i'm so hungry lol","我可以过来买盘子吗？看起来不错的ASF






我很饿"
45618,Ugy_GiPvAdmN5In22WB4AaABAg,0,4 years ago,she can make a movie out of this lol.,她可以通过这部大声笑拍电影。
45625,Ugzq4-B_QlecXpz__g14AaABAg,0,4 years ago,i love that she got an oven mitt halfway through the video lol,我爱她在视频中途得到了烤箱手套大声笑
47017,Ugza64nSfNLaO2-tclN4AaABAg,0,4 years ago,"wow!! magical lady!!
i wished my chestnuts would unshelled themselves in 5 seconds 3:40–3:45 lol","哇！！神奇的女士！
我希望我的栗子能在5秒内脱下自己的脱落3：40–3：45大声笑"
34787,UgyQpM0HVnaBQhUMEap4AaABAg.8usp0Ub-hJg93RdzsuDfwj,0,3 years ago,exactly me right now not even joking lol,正是我现在甚至都没有开玩笑
34351,UgzK9sukEY61PnFyqKZ4AaABAg,0,4 years ago,even i wanna marry her~ lol where is it place!,即使我想嫁给她〜大声笑在哪里！
45609,UgwadGDIuNalvzlSG7d4AaABAg,0,4 years ago,"should i point out that what was labelled as ""roasted melon seeds"" was actually very obviously sunflower seeds? that part was a bit weird.
apart from that, i loved watching this, and have watched many other vids of yours, and they're all so beautiful! 
you're living in a dream village that ever so many people wish they could escape to - such is the stressful complexity of our lives.
i legit expected totoro to show up or something, lol! that's how surreal your lifestyle is to the rest of us. :) 
thank you for sharing! your camera person is on point! :)","我是否应该指出，标有“烤瓜子”的标签实际上是非常明显的葵花籽？那部分有点奇怪。
除此之外，我喜欢观看它，并且已经看过您的许多其他视频，而且它们都很漂亮！
您住在一个梦想中的村庄，有很多人希望他们能逃脱 - 这就是我们生活中压力很大的复杂性。
我合法期望托托罗出现，大声笑！这就是您的生活方式对我们其他人的超现实。 :)
感谢你的分享！您的相机人在点！ :)"
47059,UgzEzbBHgQyfOh0y8Xt4AaABAg,0,4 years ago,so relaxing to watch lol,放松观看大声笑
45369,UgxlhimWspu85X5_hcR4AaABAg,0,4 years ago,"those are sunflower seeds not melon seeds, right? i truly love the peacefulness to the cinematic video editing and soothing background music! esp when she picked that pomelo with the perfect shaped basket fruit picker lol it was so calming to watch",那些是葵花籽而不是瓜子，对吗？我真的很喜欢电影视频编辑和舒缓背景音乐的和平！特别是当她用完美形状的篮子拾取器大声笑挑选pomelo时，这真是太平静了
34574,UgxVYUnsT151eQrq-Kh4AaABAg,0,4 years ago,can someone tell me what's her name in pinyin. lol. can't read chinese.,有人可以告诉我她在拼音中叫什么名字。哈哈。不能读中文。
34234,Ugw2qMjwG_DrnDR_9AV4AaABAg.8v8HKTfW7bs8vPHWCj9Tam,0,4 years ago,.....lol it seems like a stresssful life,.....大声笑似乎是一种压力很大的生活
34262,UgxVutejOJZnfGCdD314AaABAg,0,4 years ago,im so glad she finished cooking that meat lol,我很高兴她吃完那肉大声笑
38472,Ugwtqcgu7jURm2ORmY94AaABAg.8tXcYsJS5TQ8tioGlEd8e1,0,4 years ago (edited),john smith get to youtube. lololololololollllolol,约翰·史密斯（John Smith）到YouTube。大声笑
47252,UgyGqPDtUXIIN1puXrZ4AaABAg.8qpRZCUEzcD8qpRuTAeNFM,0,4 years ago,and the big ones are apples not tomato lol,大的是苹果而不是番茄
47656,UgyhaveZ9MpiIhk4srJ4AaABAg,0,4 years ago,lol! the jump scare moment!,哈哈！跳跃恐慌时刻！
51452,Ugznsn2xG9W2Z_BQZ_p4AaABAg,0,4 years ago,will try it next year.lol,明年会尝试
51382,UgyhAEqiSdcw-3fa_2F4AaABAg.8qlWjpPNezZ8qlqQtq5WeP,0,4 years ago,@amniamaninaofficials lol,@AmniaManinaOfficials大声笑
33332,Ugw1jS7OCV7_Uon5t894AaABAg,0,4 years ago,wow childhood memories of fried rice! lol,哇 童年回忆炸草米！笑死了
50822,UgzcTzhK5BBds6HJyZV4AaABAg.8qld0zlkwk68qlq8ipstrV,0,4 years ago,"@andyc1885 some guys said it's manyang (??) xichuan's dialect. lol, i'm not chinese obviously..",@andyc1885有些人说这是Manyang（??）Xichuan的方言。大声笑，我显然不是中国人..
50819,UgwCg8LPn_TP7wg7aOF4AaABAg,0,4 years ago (edited),lol when the popcorn boom,大声笑时爆米花繁荣
50638,UgzIkhCV3elocb4bkT94AaABAg.8qlgDiN-XkC8qlh9wUKC3B,0,4 years ago,i wanted to say to you* not your * actually. lol.,我想对你说 *不是你的 *。哈哈。
33432,Ugy11aUE51S66879JXR4AaABAg,0,4 years ago,"at 6:00, look at the white puppy and the corner, it just vanished in thin air lol. but seriously, this is one calm video",在6:00时，看着白色的小狗和角落，它在稀薄的空气中消失了。但是说真的，这是一个平静的视频
33494,UgxFbiYwPb_wRq_jwEd4AaABAg,0,4 years ago,"we were supposed to live life like this, simple, peaceful and productive. now here we are, a fee years away from a dangerous pollutant air and global warming lol",我们应该过这样的生活，简单，和平与富有成效。现在我们在这里，距离危险的污染物和全球变暖大声笑了几年
50080,UgwkdwTTSjX8IzSOD0p4AaABAg,0,4 years ago (edited),"i honestly thought that at 3:37 she was going to start making fondant ! lol
who thought the same?

i love these videos. it brings me so much calmness.","老实说，我以为在3:37她将开始制作软糖！哈哈
谁也是如此？

我喜欢这些视频。它给我带来了很多镇定。"
49591,Ugxy0kb-8HBtWxfYNIp4AaABAg,0,4 years ago (edited),i love this her three babies fallow her everywhere lol,我爱这个她的三个婴儿，她到处都是春节！！！
33498,UgzdRS2PhLjzP4kswIJ4AaABAg,0,4 years ago,whenever i want to start chores i always watch her vids first. makes my cleaning and washing a small feat to finish lol,每当我想开始做家务时，我总是会先看她的视频。让我的清洁和洗个小壮举完成大声笑
49390,UgwUfBYcUudNiMdJEp54AaABAg,0,4 years ago,lol popcorn cannon scared the crap out of the puppies hahaha,大声笑爆米花大炮吓到了幼犬的废话哈哈哈
33543,Ugx04eEjyCyFKBbA9xd4AaABAg,0,4 years ago,the digimon music in the background was kinda off for me lol,背景中的Digimon音乐对我来说有点不满意
33603,Ugwi6MPmUUHVJiZrO-V4AaABAg.8vCZsi2p9r2934Q7sxnoLl,0,3 years ago,"lolololol, same here.",大声笑，在这里。
48384,UgyVAn31ZHNqE1i6UNp4AaABAg.8qn3RtKeHEN8qp4yk2J3Jn,0,4 years ago,@dexlldroid3958 its called corn/rice amplifier...lol,@dexlldroid3958它的名为玉米/米饭放大器...大声笑
47848,Ugwg5_FHOlBN7g_4Msx4AaABAg,0,4 years ago,lol,哈哈
34964,UgwYRZY6gH74geqCist4AaABAg,0,4 years ago,this was put up in january and already has over 20 million views! wow! i am not the only person finding this so interesting to watch! hello everyone else! lol,这是在一月份提出的，已经有超过2000万观看次数！哇！我不是唯一发现这个有趣的人！大家好！哈哈
33847,UgxQ4obKp7Mzrv-Mbi54AaABAg.8vAAkm2tSd4906664YFNcd,0,3 years ago,"@syncmaster915n - hi, it just goes to show that we were moved. albeit in different directions at times. this is the first comment that i have ever left that i didn't think about before posting, i usually edit a half dozen times in my head and even more times before i pushed the button. i check back now and again to see what people write, but i didn't think about the ""likes"" until i was confronted by an angry person who i decided to ""call out"" for what she was accusing me of doing.
""like""(s) are something i hit on every video i watch, no matter what. so they really didn't mean much, well... that was until i was accused of writing what i did for ""likes"". lol.... i was accused of pushing people to suicide because i liked her""fake"" content and wrote the original comment. 
lol. ... i was going to erase this and not push send, but i thought what the hell.","@syncmaster915n-嗨，它只是表明我们被移动了。尽管有时会朝不同的方向发展。这是我留下的第一个评论，我在发布之前没有考虑过，我通常会在脑海中编辑六次，甚至在我按下按钮之前进行更多的次数。我会不时地检查人们写的内容，但是直到我面对一个愤怒的人，我决定“呼唤”她指责我做什么之前，我才想到“喜欢”。
无论如何，我在观看的每个视频中都打了“喜欢”（S）。因此，他们真的没有什么意思，好吧……那是直到我被指控写我为“喜欢”做的事情。大声笑....我被指控促使人们自杀，因为我喜欢她的“假”内容并写了原始评论。
哈哈。 ...我要删除这一点，而不是推动发送，但是我想到了什么。"
33885,UgxQ4obKp7Mzrv-Mbi54AaABAg.8vAAkm2tSd494la7nGlGyA,0,3 years ago,@funwithfood7451 lol,@funwithfood7451大声笑
33961,UgxQ4obKp7Mzrv-Mbi54AaABAg.8vAAkm2tSd49ByBWIQKJhJ,0,2 years ago,"john - my family actually had a strawberry farm with two cows, chickens , hay, clover and christmas trees and more.
i was born in los angeles, california my family lived in the city until i was 11. my parents wanted us to have a better and safer life, so decided to take us to washington state. i love washington, it is so beautiful and no matter where you live you can have deer walking across your lawn in the wee hours of the morning. i loved farming even though it was very difficult and strenuous for a city kid, but it felt like a place that i could call home. it's quite funny looking back now and remembering how my mother had to chase the cow in order to milk it. you could never tell where she was going to be from one day to the next because the cow chose the location... lol. we have a little black angus calf that we named lucky and that crazy little calf like biting people's butts. i never did like the chickens they are vicious when you tried to take their eggs, but they're not nearly as aggressive as geese. anyway, i loved it .","约翰 - 我的家人实际上有一个草莓农场，里面有两头奶牛，鸡，干草，三叶草和圣诞树等。
我出生于加利福尼亚州洛杉矶，我的家人住在这座城市，直到我11岁。我的父母希望我们过上美好，更安全的生活，因此决定带我们去华盛顿州。我爱华盛顿，它是如此美丽，无论您住在哪里，都可以在早晨的凌晨穿过草坪上行走。我喜欢耕种，尽管对于一个城市孩子来说非常困难和艰苦，但感觉就像我可以叫回家的地方。现在回顾过去，想起我母亲是如何追逐牛来挤奶真是太有趣了。您永远无法分辨她从一天到另一天的何处，因为牛选择了位置...大声笑。我们有一个小的黑安格斯小牛，我们叫幸运，那个疯狂的小牛像咬人的屁股一样。当您试图取鸡蛋时，我从来没有喜欢过它们的鸡，但是它们的侵略性不如鹅。无论如何，我喜欢它。"
34212,Ugyw64mGiMbVKYHy4bV4AaABAg.8v8nVpiddY88vQ5xDoNTY3,0,4 years ago,jonni ishka lol,乔尼·伊什卡（Jonni Ishka）哈哈
34946,UgyIUCZbX55yJ93aARN4AaABAg,0,4 years ago,"i need the recipe to these like....asap lol she is so awesome, i watch her at work when i should be working, on break, on my way home and before i go to bed. she is what keeps my anxiety down but the treats look really good i wanna try some๐’๐’๐’๐’",我需要这些食谱。她是让我焦虑的原因，但是我想尝试一些痛苦，我想尝试一下
35576,UgwvFNzx_Dw23m-O3Ox4AaABAg,0,4 years ago,07:46 love her hat lol,07:46爱她的帽子大声笑
34990,UgyFPf0UvsRXX6i9XCN4AaABAg,0,4 years ago,love how she always makes sure to get a little piece everything as she makes it lol.,爱她总是确保在她制作的那样，确保所有的东西。
36366,UgxicoAdDK7uAhAeB9R4AaABAg,0,4 years ago,mary me girl! lol,玛丽我的女孩！哈哈
36684,UgylTM1tk7rRFvWtYkJ4AaABAg.8uRIOVFo2EQ8ucKqP5q0oG,0,4 years ago,tianxing yuan lol๏ผits just not real chinese rural๏ผbut it still have to work hard physicallyใ€the rich people you talk about are just dont want give up their rich life,tianxing yuan哈哈，它不是真正的中国农村，但它仍然必须在身体上努力工作。
41669,UgzRKyB27xqUokmoM6l4AaABAg,0,4 years ago,i can just set and watch her all day long for the rest of my life lol she is so cute.,我可以整天整整一生，大声笑，她真可爱。
41661,UgxP_Cj06aZmLa2bSqp4AaABAg.8ruzrnHtE3L8s8J-JW9yTS,0,4 years ago,"@romonabruno search it up on google you'll find, can't guarantee you will understand it though lol",@romonabruno在Google上搜索它，您会发现，不能保证您会理解它
41563,UgwRvPfIJAvg1Ae0m-t4AaABAg,0,4 years ago (edited),lol am i the only one thinking that it’s the music from digimon at 5:16,大声笑我是唯一一个认为这是Digimon在5:16的音乐
41208,UgzalwxOsQqUtnVB3Wh4AaABAg,0,4 years ago,too much sweetness i am gonna get diabetes lol,我会吃太多甜蜜的糖尿病大声笑
36794,UgwRFo-eaYSHbYMC5yR4AaABAg.8uPQ7pNVLHx9Avk8E43tjp,0,2 years ago,lolll๐,lolll
41119,Ugw4TwFAGoLyNaUJC3R4AaABAg,0,4 years ago,lucu.. wedhuse melu² :d its so lol.. the sheep is following that girl haha,卢西.. wedhusemelu²：d its so hol ..绵羊跟着那个女孩哈哈
41012,UgwyrsnkqIVdmGswFxl4AaABAg,0,4 years ago,when ur dogs are best friends with a goat lol,当你的狗是最好的朋友与山羊大声笑
41006,Ugy4H8djwaLQbkCx3wN4AaABAg,0,4 years ago,that explosion tho 6:00 just for popcorn lol same,爆炸6:00只是为了爆米花大声笑
40832,UgzU1fRFenq0ujdJfi94AaABAg,0,4 years ago,anyone notice the background music of this video in the first digimon series? lol starting from 5:17,有人在第一个Digimon系列中注意到该视频的背景音乐吗？大声笑从5:17开始
40782,UgyvjKx2pSv-t5RzL_h4AaABAg,0,4 years ago,"a hardworker,may i marry her lol ...",一个勤奋的人，我可以嫁给她哈哈...
40120,UgxJI_osYOUChuEkD9B4AaABAg,0,4 years ago,"hhhhhhhlola
loa
hhhhhhhhhhhhhhh","hhhhhhlola
loa
hhhhhhhhhhhh"
37158,UgwvPmM57EftZiRHSBl4AaABAg,0,4 years ago,"""chinese chestnut"" lol isn't it just chestnut",“中国栗子”大声笑不仅仅是栗子
39749,UgyIu1wOppHLPVIh8W94AaABAg,0,4 years ago,lol i'm hungry ๐…๐,大声笑我饿了
37535,UgxMnJjSTRCIRdPxFh94AaABAg,0,4 years ago (edited),can i live here??? and damn good camera man or woman. and i reaaaallllly appreciate your wifi signal here ๐ and dammnnn that big ass mangoes lol. but why didn't you just pick that yellow fruit on the ground they seem okay still.,我可以住在这里吗？？？和该死的好相机男人或女人。我在这里感激您的wifi信号
37567,Ugyzltn0xHcx90iW01x4AaABAg,0,4 years ago (edited),"those are just conckers in the uk lol, not chestnuts.",这些只是英国的康普克斯大声笑，而不是栗子。
39710,Ugz7Gs9iJQG8ZOEBYUV4AaABAg.8slpNh--Mvi8uNprF6T7ht,0,4 years ago,bts is unstobbable atleast i'm not the only one lol,BTS是不可动作的，至少我不是唯一的一个大声笑
39709,Ugz7Gs9iJQG8ZOEBYUV4AaABAg.8slpNh--Mvi8uNpl6nXxRP,0,4 years ago,@eputra25 relaxation at its finest lol sorry hope you and your phone is alright..,@eputra25最好的放松大声笑，对不起，希望您和您的手机还可以。
39621,UgyJgm-XX9KjK9RI6dN4AaABAg,0,4 years ago,"propaganda!
go see in china if you see that lol","宣传！
如果您看到那个大声笑，去中国去看"
39561,Ugyq0UjeWhSBQgi7luV4AaABAg.8spU6MGGnmN8tRGCj00XbC,0,4 years ago,@blakevortex1 lol make videos i'd watch,@blakevortex1大声笑我要看的视频
39482,UgznA6ivnkDZ4HPYIbh4AaABAg,0,4 years ago,i want you to cook for me every day lol,我要你每天为我做饭
38716,UgyKjVM_6Ptx9xw0xIt4AaABAg,0,4 years ago,i thought this was a scene from a k-drama for a moment lol,我以为这是来自K戏剧的场景
38280,UgyvIMuA5rtGYeWKW6h4AaABAg,0,4 years ago (edited),"wow this woman is on another level, well done youtube for finally recommending something decent, cant stop watching the rest now lol what a life โคโคโคcan you imagine if this was a retreat dont think id ever want to come home ๐ค”๐๐‘๐ป",哇，这个女人在另一个层面上，YouTube做得很好，终于推荐了一些体面的东西，现在不能停止观看其余的人，大声笑了，您可以想像这是一个静修会，如果不认为ID想回家
38631,Ugx7gnb2_LJxWk3HE8h4AaABAg,0,4 years ago,"i wish i had a mother like her, lol. also, that place is fucking stunning...",我希望我有一个像她这样的母亲，大声笑。另外，那个地方真是令人惊叹...
38299,UgxEAT0GQ7ZsR8TJ8EB4AaABAg,0,4 years ago,can i live with you?? lol,我可以和你住吗？哈哈
36579,UgzOfhqvRWK-7vL9dT94AaABAg.8uSa5KcumS58uVGlzClGBR,0,4 years ago,"yueming wu oh, ok because i was wondering why she was making so much food when it was mostly just her and her grandmother lol! thank you for the info! (^u^)",Yueming Wu哦，好的，因为我想知道为什么她和她的祖母大声笑了，为什么她会做这么多食物！谢谢你的信息！ （^u^）
41839,UgzNSqtFeUYIyOSa1zV4AaABAg.8rrPBCGkdMp8sB-bnrntoi,0,4 years ago,"@dgua2917 appreciate the response but no...so she has no technology or western appliances to prepare food with so she's doing things that takes like 3 and 4 days to do...but she has adobe photoshop, a laptop, computer, high quality camera, tripods, editing equipment .... lol",@dgua2917感谢这一回应，但没有……所以她没有技术或西方电器可以用来准备食物，所以她做的事情需要3和4天，但是她有Adobe Photoshop，笔记本电脑，计算机，高高优质的摄像头，三脚架，编辑设备....大声笑
45041,Ugz35dVqBi0jxGET5Zd4AaABAg,0,4 years ago,watching her makes me wanna live in a country side lol. everything about this video aesthetic.,看着她让我想住在一个乡村方面。关于此视频美学的一切。
36354,UgxycVrj50mbX5LKuqx4AaABAg,0,4 years ago,i bump into your vids and suddenly fall in love lol...,我碰到你的视频，突然坠入爱河哈哈...
35041,UgyoQ22FTE7CBFzC4qx4AaABAg.8ukF8x1n6m-8vGOmj5SEs7,0,4 years ago,@therewasnochill8997 lol and what can you do with your education?,@thenwasnochill8997大声笑，您该怎么办？
35052,UgyoQ22FTE7CBFzC4qx4AaABAg.8ukF8x1n6m-8vUKB7bfLVh,0,4 years ago,@maryj7423 lol......listen...its never too late๐๐,@maryj7423大声笑......听...它永远不会太晚
44986,UgxF6fHp5nG5Nh5CLnp4AaABAg.8r9-keU1qqd8rGaWa7cao3,0,4 years ago,literally no one said french has the best cuisine lol,从字面上看，没有人说法国最好的美食大声笑
44976,Ugzkyht9GJ-UWBb8pBV4AaABAg.8r90JNhQgYy8rFHOgSVsNP,0,4 years ago,silver bat the last two emojis are so true lol,银蝙蝠最后两个表情符号是如此真实大声笑
35236,Ugz579MTG80QPtkdukd4AaABAg,0,4 years ago,just wanna hear her say something in english lol...๐…,只是想听听她用英语说些什么哈哈...
44820,UgzX0Ljxz0uv6alGN_d4AaABAg,0,4 years ago (edited),was that sheep supposed to be eating that stuff at 1:10? lol and those puppys never seem to grow,那羊应该在1:10吃那东西吗？大声笑，那些小狗似乎从来没有生长
35507,Ugw0G0NNW93Rq3CBwkN4AaABAg,0,4 years ago,and who taught her all these amazing skills? she looks 14 years young. lol! i'm so glad i found her videos!,谁教她所有这些惊人的技能？她看起来14岁。哈哈！我很高兴找到她的视频！
35548,UgxCG8VduKJsP6B3nnt4AaABAg,0,4 years ago,mygod i already love her she can do almost everything. can you adopt me lol,mygod我已经爱她，她几乎可以做所有事情。你能收养我吗
35579,UgzSTD3zoK3Ifq9OxS94AaABAg,0,4 years ago,what a life u lead..it looks like work every day but wholesome like um rewarding i miss it but i've never even lived it except in books lol,你过着什么生活..每天都在工作，但是有益健康，像嗯，我想念它，但我从来没有生活过，除了书中，大声笑
44738,Ugxq7Cq7t5BGuHaP88F4AaABAg,0,4 years ago,youtube suggested it for me... lol.. youtube knows what i like,YouTube为我建议...大声笑.. YouTube知道我喜欢什么
44634,UgzB92aBu1Uow9qGNot4AaABAg,0,4 years ago,wow!!! the original air fryer! lol,哇！！！原始的空中油炸锅！哈哈
35595,Ugxw88D797s_041a9ql4AaABAg,0,4 years ago,you know those modern-day cooking asmr cooking videos where you just hear the high def sounds? this is the old-school version lol hehe,您知道那些现代的烹饪ASMR烹饪视频，您只是听到高def的声音吗？这是老式版本大声笑
44585,UgyuszWqQ4dBFx_p5Ft4AaABAg,0,4 years ago,future wife lol,未来的妻子大声笑
44404,UgwRE62a2ZycSWiUA5V4AaABAg,0,4 years ago,you chinese people dont know how much we loves u..the lifestyle..everything..lol from rest of the country.,你们中国人不知道我们有多爱你。
36094,UgxkdQdv0uPvbJ3Gkzx4AaABAg,0,4 years ago,lolllll the way she dropped the vegetables ๐๐๐๐๐๐๐,她掉下蔬菜的方式lolllll
36103,Ugw7Q3qqs08TZACx3E14AaABAg,0,4 years ago,that baby goat stay chewing on everything lol,那只婴儿山羊保持咀嚼的一切大声笑
36255,UgwUNGCDC04jot9otiV4AaABAg,0,4 years ago,5:56 she's so cute lol <3,5:56她是如此可爱大声笑<3
44228,UgxRdSC0vOt5e41GiXF4AaABAg,0,4 years ago,@9:29 grandma's hat. lol. too cute!,@9：29奶奶的帽子。哈哈。太可爱了！
43254,UgzwnZCYP96f_23Hcl94AaABAg,0,4 years ago,"i love when they're popping the corns and she's all frantic while grandma is just there, all smiles and chilling. lol they both so cute!",我喜欢当他们弹出玉米时，她都疯了，而奶奶就在那儿，所有人都笑着很寒意。大声笑他们俩都这么可爱！
42691,Ugzz0b_ei7MfIbpQyaJ4AaABAg,0,4 years ago,i love this vid.. funny with the pop corn.. lol,我爱这个vid ..与流行玉米一起有趣的
42571,UgwoIfT7CTwBAY9MdWZ4AaABAg.8ray6aB50jy8rkz1vA2tD0,0,4 years ago,prathima chowdhary lol,Prathima Chowdhary哈哈
42283,UgyQoT4InHc0Z8rWo7J4AaABAg.8rhspoPdYK98rtGL2_vu-E,0,4 years ago,lol,哈哈
42096,UgxC4DeXloh2_0eMSuJ4AaABAg,0,4 years ago,lol the stone furnace/oven looks like a cat ! haha omg so cool,大声笑的石炉/烤箱看起来像猫！哈哈，好酷
42059,Ugx44jqDQWWAv9h38WR4AaABAg,0,4 years ago,ooo i need to marry with her.lol,哦，我需要和她结婚。
42054,UgwJVEe1ZCIE5XiL4hB4AaABAg,0,4 years ago,"lol 5:57 i love how she flinches, but her grandma doesn't move.",大声笑5:57我喜欢她如何退缩，但她的祖母没有动。
38477,Ugxuf_90Qgj3ak3pZct4AaABAg,0,4 years ago,it is sooo cute to have two dogs and a sheep looking after you lolol.. its sooo cute,有两只狗和一只绵羊照顾你，真是太可爱了。
43,Ugw-fIY0frHjplsdm9d4AaABAg,0,10 days ago,omg the popcorn maker.. all i can think about is stephanie soo video about it lolol,天哪，爆米花制造商..我所能想到的只是史蒂芬妮·索（Stephanie Soo）
32945,UgyjnPdf06woaBOecd94AaABAg.8v_M-2g7Ul18vb844Z52D7,0,4 years ago,lol. those are beef. don't worry.,哈哈。那是牛肉。不用担心。
15582,Ugz6Crq1rQZ_uHYCX094AaABAg.99RvttOnJ2p9ACIcxAs-G3,0,2 years ago,@lindseyrubenstein6028 its indeed acting but tbh its kinda like a nostalgic chinese inside joke bc most of us were scared of that black popcorn machine in our childhood. i am older than her but i wont even stand that close to the machine like her lol,@lindseyrubenstein6028的确表现得很重要，但它像一个怀旧的中国笑话，bc bc bc中的大多数人都害怕我们童年时期的那台黑色爆米花机。我比她大，但我甚至不会像她那样靠近机器
16939,UgzqwpL-O--alsDGEvJ4AaABAg.98Hisv6QB4z99K4u3mS7T4,0,3 years ago,lol,哈哈
16826,UgyboFi-BZKZHk48evp4AaABAg.98OsGwFhp8f98PXzd_z32b,0,3 years ago,"lol,just be her photographer,and enjoy her dishes.",大声笑，只是做她的摄影师，喜欢她的菜。
16698,UgwL7olMGPJTHMAkYId4AaABAg.98WDNW2-zKp99YDSnTFG7n,0,3 years ago,mel hawk i'm imagining hearing that in a grandma's irish gaelic accent or from like that witch from the movie brave lol,梅尔·霍克（Mel Hawk
16486,UgzO7Q9LG_oAD2wUg3p4AaABAg.98fdQ3AeW6l99MFOMcLZes,0,3 years ago,loll sooooeuuuuuuuuuuuuuuuuuuuuuuuhuu,Loll sooooeuuuuuuuuuuuuuuuuuuuuuuuuuuuuuuuuuuuuuuuuuuuuuuuuuuuuuuuuuuuuuuuuuuuuuuuuuuuuuuuuuuuuuuuuuuuuuuuuuuuuuuuuuuuuuuuu u
16419,UgyWQwKdl6o3Gnt4POh4AaABAg.98i0cVQSs-z98qGnnFT3eJ,0,3 years ago,"@onur8848 ""if this is racism"". lol is that a question or you just really dumb. you're like north korean level of brainwashed against chinese people. you should go outside for once, for your own health.",@onur8848“如果这是种族主义”。大声笑是一个问题，或者您真的很愚蠢。您就像朝鲜对中国人民的洗脑水平。为了自己的健康，您应该一次去外面。
16079,UgzfUqZMZ0WP_EBlvA14AaABAg,0,3 years ago,subscribed to her after watching her video how she grow her own cotton to make her grandma a mattress! this video made me realize she's the supplier of chinese snacks. lol. i love her!,观看了她的视频后，她订阅了她如何种自己的棉花，使奶奶成为床垫！这段视频使我意识到她是中国小吃的供应商。哈哈。我爱她！
15810,UgytZ9mCDasChR2kIJp4AaABAg.99DUgaM0Tri99SaYzxiiio,0,3 years ago,@bhy4694 lol she shook the hand that didn't touch the heat. 'such an actress' does not mean that she is but that she acts like one.,@bhy4694大声笑，她握着没有触及热量的手。 “这样的女演员”并不意味着她是，而是她的举止。
15513,Ugydb_vbaefxZmhO61V4AaABAg.99UtNiQPIej99YHCFmeIo8,0,3 years ago,cause she can cook? lol,因为她可以做饭吗？哈哈
17520,UgwKrcC7WhtLbcCj-QN4AaABAg,0,3 years ago,talk about the lucyest dogs ever lol,谈论有史以来最豪华的狗大声笑
14919,Ugwr55YKD-HiVdP_fWx4AaABAg,0,2 years ago,"syuwkhydnckdlokinj owlmvhhhdolloll2pppleoldlokkeodkldlldldl,w,lull,xml,d,dllmvjfjgnhnvnjjjfjfjjjjjfjfjfkkdlldowllalleiufjrixllwipqlxjdmdmmodel,exxxxxxnnnnnnnn","Syuwkhydnckdlokinj owlmvhhhdolloll2pppleoldlokkeodkldlldldl,w,lull,xml,d,dllmvjfjgnhnvnjjjfjfjjjjjfjfjfkkdlldowllalleiufjrixllwipqlxjdmdmmodel,exxxxxxnnnnnnnn"
14361,Ugxj-HMcH61y0Or4_9N4AaABAg.9AlI71MVP659Bdn4GXm1Zf,0,2 years ago,lol,哈哈
12871,UgxFWm-44G4PmDY3zNx4AaABAg.9CdwK7sIXZo9D9GVdwCp7o,0,2 years ago,@hijabismyhair_189 im finding that little dragon. lol,@hijabismyhair_189即时发现那只小龙。哈哈
12790,UgwMF1APtifjdYDmwVl4AaABAg,0,2 years ago,at 0:42 was it the puppy's paw touching the chestnut lol,在0:42是小狗的爪子触摸栗子大声笑
12688,UgwT1gDAxj3u5Py3Xn14AaABAg.9Cu4gC8q40r9Ef3qw1l60-,0,2 years ago,@stanloonalol848 you idiot world is suffering because a you people!!!!!!!,@stanloonalol848你的白痴世界正在遭受苦难，因为你们一个人！
12187,Ugw6GQhOfy-kXhpY2Jl4AaABAg,0,2 years ago,i wish she played mulan lol,我希望她玩过木兰大声笑
12128,UgzQReBfyGQly1H_Tdh4AaABAg,0,2 years ago,when your hungry. and see this video my tummy is super noisy. lol thank you for sharing. pls continue vlogging. keep safe always. new friend here,当你饿了。并观看此视频，我的肚子超级嘈杂。大声笑谢谢您的分享。请继续视频博客。始终保持安全。新朋友在这里
17498,UgwjwUJ64AMEJt0Mruh4AaABAg.97qWS9tSYQa98KvkzNvoG8,0,3 years ago,"@vashthestampede007 you are just like andh bhakts in our country who just cannot hear or watch any thing against their paapaa's you say you not defending common bro'h just read your own comment again and i am not googling or anything i am not from china it's just that i know the fact and you even after knowing it just pretending it never happened lol , where do you people come from ?",@vashthestampede007您就像我们国家的安德·bhakts一样只是我知道这一事实，即使知道它只是假装它从未发生过，大声笑，你们来自哪里？
17747,UgxL6c600R5d8uRL_z14AaABAg,0,3 years ago,"after so many snacks, you may see that li ziyi became fat in the next two phases. lol",屯了这么多零食，可能在后面两期视频中就会看到李子柒变胖了 lol
11612,UgzJ2D_lm18OYb9oO114AaABAg,0,2 years ago,ancient rock candy. lol,古代岩石糖果。哈哈
19443,UgwiuaUlQ3XfobUcwsR4AaABAg,0,3 years ago (edited),"can i ask her hand .... lol ....
she is so pretty.... i wanna contribute for this channel","我可以问她的手....大声笑....
她真漂亮....我想为这个频道做出贡献"
20307,Ugznb5GTu9KVhIxYdmp4AaABAg,0,3 years ago,mag lolang anita ...,mag lolang anita ...
20247,UgzV4DNCTtBWjzkqTCB4AaABAg.94nOZTTSF069dXxImGQgXv,0,10 months ago,@lolaveneziana6999 emmmm actually most of us donโ€t eat dogs.even resist eating them.,@lolaveneziana6999 emmmm实际上我们大多数人都不吃狗。
20190,UgyElorZmDvJDVLQJjd4AaABAg,0,3 years ago,almost 50 million views lol wow,近5000万次大声笑哇
19895,UgzEY5wnjcs0vx6QgcN4AaABAg.95BYOaM8oXp95QohBy3iOk,0,3 years ago,"the puppy is so cute is more authentic, i guess you used the google translation lol","小狗都好可爱 is more authentic, I guess you used the google translation lol"
19765,UgyEl4tF-F8_4eyFqRF4AaABAg.95LRY3_p1EK96_RasAUeWL,0,3 years ago,"ゆきみ* yeah, you are right. lol",ゆきみ*是的，你是对的。哈哈
19749,UgxdOa-KsMJAtQqsLkB4AaABAg,0,3 years ago,that's an amazing way to make popcorn! i make it in a pot with a little oil on the stove. lol.,这是制作爆米花的惊人方法！我把它放在炉子上有一点油的锅中。哈哈。
19692,UgyovT6KZ3C3oi0L86t4AaABAg,0,3 years ago,lol.....she is jumping ....but grandma is quite enough,大声笑.....她在跳...但是奶奶已经足够了
19193,Ugymg5O3FHlbYOgDaHx4AaABAg.966dRLsayD997RMNxOIULF,0,3 years ago,lol it’s old school ways to make popcorn,大声笑它是使爆米花的旧学校方式
17867,UgwxvXlvQXsqQM6rBT14AaABAg,0,3 years ago,why can't you sleep when you look at this? lol,当你看这个时你为什么不能睡觉？
19175,UgxCRUoZYxFKezv0RIN4AaABAg,0,3 years ago,is she going to feed them? lol i feel like i need to see her give them some food,她要喂他们吗？大声笑我觉得我需要看到她给他们一些食物
18827,UgxdfhIBHtcMprsHF294AaABAg.96U_wjWL5Lw97orRHEkI-Y,0,3 years ago,@susan137 jealous you so much.... seven dogs you say...lol. dogs really are the sweetest.,@susan137嫉妒你。。。。。。。。。。。。。。。。。。。。。。。。。。。。。。狗真的是最甜蜜的。
18812,UgwEt0p2DCaFujl2x1N4AaABAg.96V6Wr4EwiX9IB9yDkaG_W,0,2 years ago,i actually feel super accomplished just by watching her ... its a “we” journey lol,实际上，我只是通过看着她而感到超级成就...这是一个“我们”的旅程大声笑
18673,UgxjTjZRbY_wXKXlfxd4AaABAg,0,3 years ago,"can i come a live there? i grew up on a farm and can pull my weight, this is just such a wonderful place there and my dream to just live uncomplicated life.
lol i know it is far fetched but one can always dream","我可以在那里住吗？我在农场长大，可以拉大自己的体重，这真是一个很棒的地方，我的梦想只是过着简单的生活。
大声笑我知道这是遥不可及的，但是人们总是可以做梦"
18615,Ugzc_sbH6V1Ojic0Oit4AaABAg,0,3 years ago,i used this for a school project lol,我将其用于学校项目大声笑
18538,UgybcgQbwcUNehSUGGJ4AaABAg,0,3 years ago,who does she make the snacks cor thats alot lololol does her family come ? or friends ?,她把零食的人做到了，这是她的家人来的很多？还是朋友？
17933,UgzDvK01DKLdUHKPc-54AaABAg.97SFFb4Mpvv98BGqK9bbXt,0,3 years ago,@gubbygoo6058 i- wow. i jumped in thinking i was veing dissed fro my thoughts. thank you so much! also @hyunjins fluffy hair i though y'all were fighting me for my opinion lol. forgive me t^t,@gubbygoo6058 i-哇。我跳了起来，以为我正在以我的想法解开。太感谢了！ @hyunjins蓬松的头发，我虽然你们都在为我的意见与我作斗争。原谅我
12083,UgyUOc4G5zhpOSBsaYx4AaABAg,0,2 years ago,"lol ik this is rlly off topic and weird but,at 3:09 what are those things in the back? ._.",大声笑ik这是一个主题，很奇怪，但是，在3:09背面有什么东西？ ._。
11604,Ugyp42e_0JnzaEd2lf14AaABAg.9EOQ_krlOLE9Fy1qK9Sf1J,0,2 years ago,"chestnut pickup and apple candy ...
i was surprised at the same scene as japan lol","栗子皮卡和苹果​​糖果...
我和日本大声笑的场景感到惊讶"
20725,UgwmEfmfobdZWdsMDcd4AaABAg,0,3 years ago,"it makes me feel fortunate that i haven't lived an absent life like the rest of the people in this comment section..i'm a jack of all trades and i could survive in the wilderness if needbe..i can out fish any man, build a small house, cook nice meals, paint pictures, draw, weld metal, run a machine, clean a hospital room from one end to the other, ace a college course final, cut hair, do make-up, create something beautiful, enjoy a day off in the sun, load my kayak, bake pies from scratch... dang, i could go on & on but now everyone wants to bash me i bet lol ..

learn all u can in life!","这让我感到幸运的是，我没有像本评论部分中的其他人那样过着没有过的生活。.我是所有行业的杰克，如果需要的话，我可以在旷野中生存。男人，建造一间小房子，烹饪美食，油漆图片，绘画，焊接金属，运行机器，从一端到另一端清洁病房美丽，在阳光下度过一天，加载我的皮划艇，从头开始烤馅饼... dang，我可以继续前进，但是现在每个人都想打我，我敢打赌。

了解您生活中的一切！"
4265,UgybaqlaPDXgQ89PPld4AaABAg.9Re070FLoFc9UfxtueSMAP,0,1 year ago,also is a dj a millionaire in china? lol... she was a waitress then learn to dj and shes a millionaire out of that and she got a merchandise already? uhm okay,中国的DJ是百万富翁吗？大声笑...她是一名女服务员，然后学会去DJ并从中获得百万富翁，她已经得到了商品？嗯，好的
6325,Ugz-HGXbhToWV1FZ_q54AaABAg,0,2 years ago (edited),"i didn't know that flax seeds come in a group.

edit: i didn't know it was melon seeds lol.","我不知道亚麻籽是在一个小组中。

编辑：我不知道那是瓜子大声笑。"
5508,Ugz1YPWJKgcEKK32Xz14AaABAg,0,2 years ago,dog ki lol shi pop,狗ki lol shi pop
5405,UgzJVvbm81JiETljJhZ4AaABAg.9OiQPbObjKD9OnmOR-grZX,0,1 year ago,@bdstudios6088 how do you mean from india??? lol,@bdstudios6088印度的意思是什么？？？哈哈
5175,UgxD9qBw43IClXjyqUB4AaABAg,0,1 year ago,@6:00 why did it do that? lol,@6：00为什么这样做？哈哈
5060,UgwubTXHt9XZ3nYJI6R4AaABAg.9PcH2Ov1Gu99QJyJcRMDyr,0,1 year ago,ive been to china and its really pretty idk what you're smokin lol,香港专业教育学院去过中国，它的确很漂亮
4771,UgyiEWxeCQz7-5e0bup4AaABAg,0,1 year ago,ive always wanted to live the city life. suddenly after seeing this i want to escape to chinas countryside lol,香港专业教育学院一直想过城市生活。突然看到这个我想逃到中国乡村大声笑
4635,UgypwRZi7D8Xx3AObhV4AaABAg.9Qnrnjw51oA9Tsxl-UheVk,0,1 year ago,lol,哈哈
3961,UgyG-yVwZvXvLkMPCN54AaABAg,0,1 year ago,the lamb is following her together like a puppy lol,羔羊像小狗一样跟随她
6372,UgzQ8C5sFO53i61srB14AaABAg.9MDpUshS9Vy9MGFWCjf1lJ,0,2 years ago,@dannykaye5342 explain any point i said is not true? lol,@dannykaye5342解释我说的任何观点不是真的吗？哈哈
3897,UgzR99TfoSbca2J37LR4AaABAg,0,1 year ago,lol those pups look like curious meerkats,大声笑这些幼崽看起来像是好奇的Meerkats
3715,Ugyj3FQKbQapEVzf8Tx4AaABAg.9TKh70xMQQB9WI_y_ZO3H6,0,1 year ago,"she is not korean lol, she is from china",她不是韩国大声笑，她来自中国
3308,UgyEWfmU2LGbZ8NsdC14AaABAg.9UDpkyEm_yw9Ug5ygcjoWG,0,1 year ago,lol 7u,大声笑7u
3082,UgycWxbG6LfdBuBlkXd4AaABAg.9UnjAzN6huw9_etHexdnkR,0,1 year ago,@dannywicaksana no i have to eat it lol,@dannywicaksana不，我必须吃
2820,UgyhPr9rDsjtDCsni4x4AaABAg,0,1 year ago,i know she def made that cat shaped oven lol,我知道她做了那个猫形烤箱大声笑
1995,Ugw2QhqGFWBNx_MPcN14AaABAg,0,1 year ago,the puppy at the end lol. cute,最后的小狗大声笑。可爱的
1679,UgxpCNf78P4NrPxdAlF4AaABAg.9bgGwKa4MiY9fMSL5sG1HZ,0,9 months ago,lol if only it was that easy,大声笑，如果只是那么容易
6326,UgzvbIvwQm3Vpy12c7l4AaABAg,0,2 years ago,marry me lol,嫁给我大声笑
6540,UgwhW61QHT_v7INMVDJ4AaABAg,0,2 years ago,dear lordz china girl quite the home makers goodz lol ty igz yyy ty goods .,亲爱的洛兹中国女孩，家居制造商goodz lol ty igz yyy ty商品。
11402,UgyLYxtwShAVokrYEAh4AaABAg.9EfGUqHKVVU9EiJUKCl0cp,0,2 years ago,uncle's ears? you are talking about her grandma lol lol,大爷的耳朵？你说的是她奶奶吧lol
8539,Ugxs9u8V92LNzxJxqxN4AaABAg,0,2 years ago,love you ziqi!! amazing! could you mail the snacks to me? lol,爱你ziqi！惊人的！你能把小吃邮寄给我吗？哈哈
11038,UgzZw-Lc0gtt2N4lKx14AaABAg,0,2 years ago,lol even a cute little lamb is following her,大声笑，即使是一个可爱的小羔羊正在跟随她
10669,Ugx8aMaRDZbHfA0PtMx4AaABAg,0,2 years ago,5:59 lol๐๐,5:59大声笑
10335,Ugyfxx26nJZEpPnB92l4AaABAg,0,2 years ago,lol this isnโ€t creepy at all,大声笑这一点都不令人毛骨悚然
9858,UgxCb5tPC-Xukp-7u814AaABAg,0,2 years ago,sound digimon andenture01 year2000 lol,声音digimon andenture01 year2000大声笑
9285,UgzVYdCy5E0nygGLKsF4AaABAg,0,2 years ago,"ok but i did not expect those fruits to be that big lol 8:53

literally watermelons dropping on your head if the wind blows","好的，但是我没想到那些水果会那么大，哈哈8:53

从字面上说，西瓜掉在你的头上"
9114,UgwOEzZIUZ7mU32imhJ4AaABAg,0,2 years ago,are cute lollipops,是可爱的棒棒糖
8548,UgzUBw6ORQfOBsfLFe94AaABAg.9IRaxfrKPzL9IS77PVnVo-,0,2 years ago,it's too clear that you are a lame chinese lol,很明显你是la脚的中国人哈哈
8415,Ugz3KLR26utP6EQAe714AaABAg,0,2 years ago,"is this chinese food?
lol","这是中国食品吗？
哈哈"
6746,UgxnR3c648sBETRwsF14AaABAg,0,2 years ago,hope that sweet baby lamb is not gunna be slaughtered. 'm just an animal person lol,希望那甜蜜的羔羊不是被屠杀。
7840,UgykxnwFHQcNdtcTpVF4AaABAg.9JNs6vbdvmr9JVQWl3gHcG,0,2 years ago,"@kaahzvi5820 what's the matter? can't you defend your ultra chinese nationalistic views without trashing another country. pointing out that tove jansson's moomins are intended for children isn't racist, lol",@kaahzvi5820怎么了？您不能在不浪费另一个国家的情况下捍卫您的超中国民族主义观点。指出托夫·詹森（Tove Jansson）的摩天素旨在为孩子而不是种族主义者，哈哈
7823,UgykxnwFHQcNdtcTpVF4AaABAg.9JNs6vbdvmr9JSzMoZXIIG,0,2 years ago,"@shinkurosetta2157 so your family lives in a shit hole boo hoo; china has beautiful countryside, you just happen to be in a shitty one. cry me a river lol",@shinkurosetta2157，所以您的家人住在一个​​狗屎孔中；中国有美丽的乡村，您恰好是一个卑鄙的乡村。哭我一条河哈哈
7820,UgykxnwFHQcNdtcTpVF4AaABAg.9JNs6vbdvmr9JSwuMndwL1,0,2 years ago,"@shinkurosetta2157 you never been to china you were just a tourist in china ""believeeee me dude"" lol",@shinkurosetta2157你从未去过中国
7816,UgykxnwFHQcNdtcTpVF4AaABAg.9JNs6vbdvmr9JSWwZzjRxP,0,2 years ago,"@shinkurosetta2157 ""i been there just believeeee me dude"" lol",@shinkurosetta2157“我去过那里只是相信我的家伙”大声笑
7540,Ugz33gk2n58Ad39Ysvt4AaABAg.9JfTa1DwsQJ9LsdufhSHC2,0,2 years ago,because it most definitely is fake lol,因为它绝对是假的大声笑
7262,UgyPjiaIWsBEOP2FH614AaABAg,0,2 years ago,"how can do youtube
they must banned by google lol","YouTube如何
他们必须被Google禁止"
6820,UgyigHyMeT9Gly-qVN94AaABAg,0,2 years ago,what is this lady some kind of superhero?? lol crazy,这位女士是什么超级英雄？大声笑疯狂
20322,UgxM1L4nKWzTN5iEIkl4AaABAg,0,3 years ago,"this is like a dreamland every one wants to be apart of but most of you are just ignorant fools. all her talents take time to possess just like any job, all her knowledge just didnโ€t magically come. the area she lives in is obviously abundant in nutrients and 99% of you donโ€t live in an area like that. so itโ€s cute that all of you go โ€ i wish i wishโ€ but get over it. lol",这就像一个梦境，每个人都想分开，但你们中的大多数人只是无知的傻瓜。她所有的才能都像任何工作一样需要花时间才能拥有，她所有的知识都没有神奇地来。她所居住的地区显然在营养中很丰富，你们中有99％的人不住在这样的地区。因此，你们所有人都“我希望我希望”，但要克服它很可爱。哈哈
20804,UgyaX8yB220ViBf9PXp4AaABAg,0,3 years ago,lol her channel gives me less anxiety,大声笑她的频道给我减少了焦虑
32924,UgydSim5LnFSusW8o354AaABAg,0,4 years ago,lol baby animals following you around...you really are irl disney princess. :d,大声笑的婴儿动物跟随你……你真的是迪斯尼公主。 ：d
29196,Ugxi29gKC9I-PGDhOWx4AaABAg,0,3 years ago,doesn't the puppy feel hot on his feet? lol... 10:02,小狗不会在脚上感到很热吗？大声笑... 10:02
30436,UgwRbHgR7b4BCblo5Dp4AaABAg,0,3 years ago,wish the white balance was fixed lol,希望白平衡是固定的
30181,UgylMNewuTghbAVGcud4AaABAg,0,3 years ago,this woman lives in the garden of eden hahahah! she has everything ....everything she needs to eat.she doesn't need money at all.everything is around her lol! my eyes are rolling like a flashflood looking at her picking at anything she needs hahaha,这个女人住在伊甸园的花园里！她拥有一切……她需要吃的一切。她根本不需要钱。一切都在她的大声笑！我的眼睛像闪水一样滚动，看着她挑选她需要的任何东西哈哈哈
29974,Ugz8gxLh3fqKR7ytHsh4AaABAg,0,3 years ago,i feel ashamed of my family's farm lol.,我为家人的农场大声笑感到羞耻。
29804,UgxzNNQUDz4dGZ9W_kJ4AaABAg,0,3 years ago,5:57 lol =)))) so cute =))),5:57 lol =））））如此可爱=））））
29384,UgyfoayWu9dpZwUJ9A54AaABAg.8xnRaxHFWMJ8yW7Qa1GM2S,0,3 years ago,@talileradiengr1123 why not lol,@talileradiengr1123为什么不大声笑
29364,UgyfoayWu9dpZwUJ9A54AaABAg,0,3 years ago,marry me lol,嫁给我大声笑
29277,UgyhKi0Kb1EXwTDOiz94AaABAg,0,3 years ago,"lol this is incredibly choreographed. by the way, we have the same chestnuts here in the states.",大声笑这是令人难以置信的编排。顺便说一句，我们在美国有相同的栗子。
29153,Ugx_DIsfJiCOKlLSO694AaABAg,0,3 years ago,don't tell me she made those marshmallows.. i will crawl under my bed in shame. lol i love this channel.,不要告诉我她做了那些棉花糖。.我会羞耻地在床下爬行。大声笑我喜欢这个频道。
30534,UgyySwGmDvOFkuceh9F4AaABAg.8wygo0jMHYk8xUfnhrI74l,0,3 years ago,odee lol not really,odee大声笑不是真的
28947,Ugzu6Vbr-x9FcChXogJ4AaABAg.8yCZ71tLbQM8yHFkmjyFJ4,0,3 years ago,i'm glad i'm not the only one to notice the music lol,我很高兴我不是唯一一个注意到音乐的人
28332,UgxLeCpW3wsKH9LYS294AaABAg,0,3 years ago,the oven looks like a puppy~lol<,烤箱看起来像小狗〜LOL <
498,Ugyn24A5Snu7IJMSlNZ4AaABAg,0,4 months ago,did she kill the lamb lol,她杀死了羔羊大声笑吗
28065,Ugz6zgO39z9T8aUaW3x4AaABAg.8yqxclxCKXT8yvEzPp-1E4,0,3 years ago,mohd nabil lol,Mohd Nabil哈哈
28014,UgxJttPSGb04Kx_cw2h4AaABAg,0,3 years ago,"imagine a channel on television that reported like the news, but instead of mindless propaganda, it would report on what is currently blooming, or fruiting, and educational shows like this one teaching you the many ways of creating with nature, making food, planting back, soil enrichment, and many other cool things. that would get me to start watching tv again...lol just for a little, there is much to do outside.",想象电视上的一个频道像新闻一样报道，但它不是毫无意义的宣传，而是报告目前正在开花或结实的东西，以及像这样的教育表演，教您多种与大自然创造的方法，土壤富集以及许多其他很酷的东西。那会让我再次开始看电视...大声笑只是一点点，外面有很多事情要做。
27838,UgyddGytgXkD_8mUeCp4AaABAg,0,3 years ago,"she has to be a disney princess, look at all the small animals that follow her lol. so adorable",她必须是迪士尼公主，看看她大声笑的所有小动物。好可爱
27837,UgySboFwN0ioVJ57Oz94AaABAg,0,3 years ago,that is some way to make popcorn. lol,那是制作爆米花的某种方式。哈哈
30516,UgyySwGmDvOFkuceh9F4AaABAg.8wygo0jMHYk8xFbABAwHBR,0,3 years ago,hongwei geng lol imagine thinking running a red light is nbd. chinese people smh my head,Hongwei geng哈哈，想象一下跑红灯是NBD。中国人SMH我的头
30620,UgzvobX634kl61oOTpZ4AaABAg,0,3 years ago,at 6.2 i feel lol,在6.2我感到大声笑
27384,UgwoBK95SLTCe-m60uJ4AaABAg.8zKMCb-XwpB95fKo6zlEd5,0,3 years ago,"็พๅธ็็ธ็ธ 

well how would i know that! ....lol


the thing is with many chinese people you take everything way to seriously, you really do need to chill out, relax more.

if it was her boyfriend who write in english, then maybe he will translate the comments for her.

itโ€s no big deal!","美帝的

好吧，我怎么知道！ ....哈哈


事情是与许多中国人一起以认真对待的一切方式，您确实需要放松，放松更多。

如果是她的男朋友用英语写的，那么也许他会为她翻译评论。

没什么大不了的！"
31815,UgxoxURv-UDr5h7iXjd4AaABAg,0,4 years ago,wow i wanna be her so if iโ€m stuck on an island i can live my whole life lol,哇，我想成为她，所以如果我被困在一个岛上
32839,UgzjELPl50hqDVEpLh94AaABAg,0,4 years ago (edited),all i want to see.. is for her to give those puppies some attention. lol they're too adorable,我只想看到..让她给那些小狗一些关注。大声笑他们太可爱了
32376,UgzJjoNh95w-gpe6dch4AaABAg.8vuWgu4W6ZM8xb0yJsvJge,0,3 years ago,"but id bring my chaotic friends with me so we'll die together๐
lol jk","但是id带我和我在一起的朋友，所以我们会一起死
大声笑JK"
32365,UgzJjoNh95w-gpe6dch4AaABAg.8vuWgu4W6ZM8wAgUrOElrf,0,4 years ago,cinnamonsanimations ye yes. magical lol,是的，是的。神奇的哈哈
32364,UgzJjoNh95w-gpe6dch4AaABAg.8vuWgu4W6ZM8wAMliyGkHt,0,4 years ago,แ‘ซแฏ แ‘igแ•ผtแ‘•oแ–e she will make them lol,她会让他们大声笑
32202,Ugw98zMUT5-2W4KP6xF4AaABAg.8vxydkDtngx8yoh5B4Qnjc,0,3 years ago,@zhangruitheygfam lol this comment got 5k whaaat?? i literally forgot bout it then suddenly your comment reminded me of it haha,@zhangruitheygfam大声笑这个评论有5k whaaat？我从字面上忘记了它，然后突然你的评论让我想起了哈哈
32071,UgykuUe-XHbXqGNAdmR4AaABAg,0,4 years ago,so funny .. u cover grandma ears and let go and grab your owns.. lol ๐ and grandma ๐‘ต seems fine,真有趣..你遮住了奶奶的耳朵，放开自己抓住自己的东西..大声笑
31870,Ugz1oT_aDiLZ8ByCGNh4AaABAg,0,4 years ago,who the fuck is filming this looks to professional lol,谁他妈的正在拍摄这个外观专业大声笑
31758,Ugy9VU8zLZ-kucCCCWZ4AaABAg,0,4 years ago,i love that little old lady lol,我爱那个小夫人大声笑
30863,UgzUuTQk8yuJ8cB7z514AaABAg.8whurCrXFJC8xA_Gzj9aoA,0,3 years ago,kendi dope i honestly think there was a seed but it wasnโ€t shown in the clip lol because fruits canโ€t be fruit without seed(s) . seedless mangoes have only existed due to science experiments and such :),肯迪·迪普（Kendi Dope）我诚实地认为有种子，但没有在剪辑中显示出来，因为没有种子，水果就不能成为水果。无籽芒果仅由于科学实验等而存在:)
31747,Ugy7-Dfs8DNV7vACXkt4AaABAg,0,4 years ago,"i wonder where she gets the camera cause yโ€all iโ€ve never seen someone having nature surrounding their habitat and having a high quality camera, not mentioning that she has a youtube channel. 

i totally applaud this woman (and also the life sheโ€s living and how she could literally survive in a deserted island lol)","我想知道她从哪里得到相机，因为你们所有人都从未见过有人在栖息地周围拥有大自然，并拥有高质量的相机，而不是提到她有YouTube频道。

我完全赞扬这个女人（以及她生活的生活以及她如何在一个荒岛中生存的方式）"
31721,Ugxkr2mv7IxPVBPk5HN4AaABAg,0,4 years ago,almost cried when the digimon music starts playing lol,当Digimon音乐开始播放大声笑时几乎哭了
31682,UgyA8C2ITYticE0pq954AaABAg,0,4 years ago,"i just broke up with my boyfriend last night and this is the first thing i watched in the morning..


damn, i need to go there liziqi! i need a time to move on and be productive rather than crying 
:(( hahaha i can help in whatever lol","昨晚我刚和男朋友分手，这是我早上看的第一件事。


该死的，我需要去那里liziqi！我需要一个时间继续前进并提高生产力而不是哭泣
：（（哈哈哈，我都可以帮助您大声笑"
31625,UgzwMHA-1gtI0UD5KJx4AaABAg.8w7Knm5dTO88wFT_rOKafx,0,3 years ago,dong han do it for yourself lol,Dong Han为自己做
31604,UgxsMrl53EpiyCUyY2R4AaABAg.8w7kyR9LRMo8wFTc6ISiN_,0,3 years ago,sparky she is teaching in the videos lol,Sparky她在视频中教书大声笑
31537,UgyZ2LEJVDkz8uO3wH14AaABAg.8w9BgwN9I0p8w9xTa5cDiL,0,4 years ago,"lol, worry not. that's beef.",大声笑，不用担心。那是牛肉。
31039,UgzF-bTIu0PQa86x5gB4AaABAg.8w_-YWVrkVC8xLjfgvGFKX,0,3 years ago,@kat c. i will stil dislike her anyway. what do you want now? sue me lol. i dislike her snd unsubscribed too.,@kat C.无论如何我都会不喜欢她。你现在想要什么？起诉我大声笑。我也不喜欢她的SND。
27571,UgzQPFInspH2p-nhyRR4AaABAg,0,3 years ago,only me? lol,只有我？哈哈
26952,Ugyrwk6LHOWj-GGq4hx4AaABAg,0,3 years ago,this song reminds me of kimetsu no yaiba lol,这首歌让我想起了kimetsu no yaiba大声笑
20850,UgythZERg_ZKFSXBm-N4AaABAg,0,3 years ago,her life is the ultimate harvest moon game lol ๐,她的生活是终极收获月球游戏大声笑
22675,UgyBT7lL44bJijTqXmd4AaABAg.92oYGg24oay99ve5HvSkD9,0,3 years ago,"me: oh, so those are chestnuts. iโ€m from the tropics. iโ€ve only seen chestnuts w/o shells. i do know 3 songs that mention chestnuts- lol.",我：哦，那是栗子。我来自热带地区。我只看过带贝壳的栗子。我确实知道有3首提及栗子的歌曲 - 大声笑。
23540,UgwrTvJI7cj9ru8jEZ14AaABAg.92JzZdPSB8g92kgPZYHQGq,0,3 years ago,damn right ! lol,太他妈正确了 ！哈哈
23497,UgwL3YnuJ_xk5SQofeZ4AaABAg.92L_XEZZoIy92UxzmLVMwz,0,3 years ago,maybe they are from another planet and canโ€t understand our own aesthetic lol,也许他们来自另一个星球，无法理解我们自己的美学大声笑
23316,UgzQjPF08eImU5qutyZ4AaABAg.92R0Qvpj9gR92XjDorEXLS,0,3 years ago,"go to sichuan, china, maybe u can find the food, lol",去中国四川，也许你可以找到食物，大声笑
23249,UgzVQPxmKVM3WZptSzp4AaABAg.92Tn4kS29VX92bdbBwJ1mT,0,3 years ago,lol,哈哈
23188,Ugy8DU6uW_2Zad-gdBB4AaABAg,0,3 years ago,"the second bgm is from digimon 1, right?... lol",第二个BGM来自Digimon 1，对吗？...大声笑
23092,UgyEGffCSCapYWhPlt14AaABAg.92ZOfZospFJ92qUz6HOswB,0,3 years ago,"ๆๆ first, i don't think north korea is part of korea and don't want to reunite with beggar. second, what you saying is ""now china is taking care of hongkong"" for what justification china interrupt other country's situation? that's so funny. and i know your country can't use youtube lol in the 21st century. not only youtube also google, fb, twitter, instagram soooooo funnnny country! have to use vpn for internet!!! great si!",李果首先，我不认为朝鲜是韩国的一部分，也不想与乞eg团聚。其次，您的意思是“现在中国正在照顾香港”，因为中国的合理性中断了其他国家的局势？那个好好笑。而且我知道您的国家在21世纪无法使用YouTube大声笑。不仅YouTube还Google，FB，Twitter，Instagram Soooooo Funnnny Country！必须将VPN用于互联网！！！伟大的SI！
22987,Ugy45AXnZkgG-hKyrWF4AaABAg,0,3 years ago,omg omg. how many actually ordered mcdonald after watching this???? lol...,OMG OMG。观看此消息后，有多少人实际订购了麦当劳？？？？哈哈...
22674,UgyBT7lL44bJijTqXmd4AaABAg.92oYGg24oay93NGbF_ZUu0,0,3 years ago,lol,哈哈
23864,Ugy1Tt_caMD5wwqfy954AaABAg,0,3 years ago,5:56 lol,5:56大声笑
22662,UgypxOD1qUaTUmfr05F4AaABAg,0,3 years ago,"the lamb behaves like a dog ! "" make some good friends who will affect you "" ๏ผlol ๏ผ",羔羊的举止像狗！ “结交一些会影响您的好朋友”，大声笑！
22418,UgzQWSy8OChHkuRM8vp4AaABAg,0,3 years ago,๐ฃ๐๐กohh please .. my god people ๐ shes not savage . shes just living a normal life....lol,哦，请..我的上帝人
22303,Ugzld2n5wbuyKV0zH7F4AaABAg,0,3 years ago (edited),"so guys, if you had a choice to be with either a kardashian or liziqi for the rest of your life which would it be ? i'm officially in love with liziqi..there i said it lol",所以，伙计们，如果您可以选择与Kardashian或Liziqi在一起，那将是什么？我正式爱上了liziqi ..我说了
22099,Ugz9AwT8Y6Zjlr3g2Dp4AaABAg,0,3 years ago,"this sh*t can never go viral in africa, itโ€s everyday life...lol",这个人永远不会在非洲传播，这是日常生活...大声笑
21326,Ugy_S4-kkAMjPNGe4SB4AaABAg.93kpryf5I-T93oIvudSF9X,0,3 years ago,"katiedoeswhatever iโ€m not sure about the name but i know those ingredients are butter, marshmallows, milk powder, cookies, dried strawberries or any fruit and nuts you like. i think itโ€s similar to peanut brittle but an improved version lol.",无论我不确定这个名字，katiedoes还是我知道这些成分是黄油，棉花糖，奶粉，饼干，干草莓或您喜欢的任何水果和坚果。我认为它类似于花生脆性，但改进的版本大声笑。
21055,Ugz5P4xPsdR6Z9czEyd4AaABAg.941vCdSLPgO9KQ42lhbulc,0,2 years ago,@gorillaknuckles3976 dumba$$ ...what makes u think so ..i m sure its not any cocaine ..but its ur low iq lol,@gorillaknuckles3976 dumba $$ ...什么让你这么想..我确定它不是可卡因..但是它的低iq
20905,Ugz2LFQjYA4zyAi8V0N4AaABAg.9478hz5JMLj951z1hfBo96,0,3 years ago,lol,哈哈
23546,UgwrTvJI7cj9ru8jEZ14AaABAg.92JzZdPSB8g92u_vjm8dRk,0,3 years ago,lol pretty much,大声笑
24060,Ugw4n8sur346iV9OQRZ4AaABAg.91cSdFKYEPn91mErUT8r6K,0,3 years ago,why is it so dramatic lol like it literally goes off like a bomb,为什么这么引人注目的大声笑就像它像炸弹一样脱落
26877,UgyHcE6yx9nwubGxnHp4AaABAg.8zcM0Zyn9Fs8zopRNXTBkW,0,3 years ago,lol wtf hahahaha,大声笑wtf哈哈哈哈
25647,Ugx9lb8B3rtMtybYACV4AaABAg.9-6KibuNBHZ9-AAts4VgDh,0,3 years ago,lolol ๐๐๐๐,大声笑
26766,Ugzq1AOuv8CS69QNwDR4AaABAg.8zhLjDPeaBp8zn1hM_ZEbG,0,3 years ago,"well, not exactly, they live in the rural land of china, that is almost free real estate lol",好吧，不完全是，他们住在中国农村地区，这几乎是免费的房地产大声笑
26645,Ugz4x9jZf79qtb1MNMB4AaABAg.8zkpfxZ3kEy9MCDYv1VASz,0,2 years ago,haha lol same,哈哈大声笑
26636,Ugz4x9jZf79qtb1MNMB4AaABAg.8zkpfxZ3kEy9LVQPQWKAic,0,2 years ago,lol,哈哈
26549,Ugz4x9jZf79qtb1MNMB4AaABAg.8zkpfxZ3kEy9CQ69YxAQLg,0,2 years ago,"laugh to death, lol",笑死了，lol
25964,UgwxwBC9ckkGBzF-IPZ4AaABAg,0,3 years ago,"first of all she is naturally beautiful. she has a lot of skills. she is strong too lol she can carry heavy loads of fruits. she has two assistants yes but she directs most of her videos. i just love how she can just cook anything or do anything like make her dye her dress, embroided clothing or pillowcases. and how she handles things with care. people in her town said she is a very hardworking person. intelligent and has talent. she is just amazing. makes me wanna plant and make a beautiful garden. she inspires millions of people around the world. she is a real life amazing princess.",首先，她天生美丽。她有很多技能。她太坚强了，大声笑她可以携带大量的水果。她有两个助手是，但她指导了大多数视频。我只是喜欢她如何做任何东西或做任何事情，例如使她的衣服，绣花衣或枕套染色。以及她如何小心处理事情。她镇上的人说她是一个非常勤奋的人。聪明并且有才华。她真是太神奇了。让我想种植一个美丽的花园。她激发了世界各地数百万的人。她是一个现实生活中令人惊叹的公主。
25690,UgwUM8B8oPVC8OZORsJ4AaABAg,0,3 years ago,"i grew up eating everything she is making, but i had no idea that is how they were made lol",我长大了，吃了她所做的一切，但我不知道他们是如何制作的
25670,UgzsuyYqpWh-NROlzkF4AaABAg.9-6D8C6Q_lL90-RgJcUdpM,0,3 years ago,world oา“ ส€ึ…สษplay so what? does it have anything to do with liziqi and people whoโ€s curious to visit china? tired of your old same things blah blah blah lol,世界上玩的世界呢？它与利兹奇和好奇地访问中国的人有什么关系吗？厌倦了你的旧事物等等等等
25594,UgxlpeWuYB_qURM7ZFB4AaABAg,0,3 years ago,wish she gave a bit of it to the dogs as well lol,希望她也给狗也有一点
24613,UgxNA20EPqCaX-P0U4V4AaABAg,0,3 years ago,"theres always something soothing about these videos. the sounds, the colors, and if we had smell television the smells. ๐ the music. i even enjoy the sound the wood makes when they chop it and the fire sizzling. and when they scoop stuff out of a container. its all so relaxing, peaceful and beautiful. lol i love it. i wish i was there. ๐",这些视频总会有些舒缓。声音，颜色，如果我们闻到电视的气味。
25350,UgwJVpehKaKELcdYy8p4AaABAg.9-RhCpaDX1W90F5GYBPvjM,0,3 years ago,swiftkey flow christogram ksa swiftkey flowx mrnaks 1 1 swiftkey flow christogram flow jorya99 soo vs h66 christogram ksa h ccvvbgf568 mrnaks xx flow vvvvvvkkkuwi nohi hjklolmnbvqi182729 hjkbvcds6wwuw,SwiftKey Flow Christargram KSA SwiftKey Flowx mrnaks 1 1 SwiftKey Flow Christogram flow Jorya99 SOO VS H66基督图KSA H CCVVBGF568 mrnaks xx flow vvvvvvvvvvvvvvkkkkkkkkkkkuwi nohi nohi hjklolmnbvqqi182729
25196,Ugwi2MYPOuW39kfLh494AaABAg,0,3 years ago,can someone please explain to me the contradiction between this place feeling so rural yet the incredibly high production values. lolll,有人可以向我解释这个地方的感觉如此农村却是较高的生产价值之间的矛盾。拼字
24945,Ugz_HkU_BmNhtOG1_cV4AaABAg,0,3 years ago,wheres the seed in the mango lol,芒果中的种子在哪里大声笑
24896,UgwHxEQZJ1TMbrrekPZ4AaABAg.905qohjHkaM90iCux57oHo,0,3 years ago,"@fiolalynn1142 yes agree ! it is a show ! she cannot do all this work by herself ! she has everything at hand ... every fruits, vegetables ... too talented too much !!! still nice videos that make us dream... just dream lol",@fiolalynn1142是同意！这是一个节目！她不能独自完成所有这些工作！她手头上有一切...每个水果，蔬菜...太有才华了！！！仍然是让我们做梦的好视频...只是做梦大声笑
24895,UgwHxEQZJ1TMbrrekPZ4AaABAg.905qohjHkaM90EuSx2TF8E,0,3 years ago,yes. every item she walks outside to and gets.....staged lol. it's a show,是的。她走到外面的每个物品都在...上演大声笑。这是一个表演
24845,UgyiDDa6tlz69ZPD3u94AaABAg.90BWA-ivq-791zdbc1yeXM,0,3 years ago,same lolz,同样的哈哈
24698,UgzKibudpVxZc8H5zBR4AaABAg,0,3 years ago,u have enough snacks for a year lol,你有足够的小吃一年大声笑
28242,UgzduZutVIGcwkzgDxh4AaABAg.8ygTYueXh5C8zXJ5mXiZY3,0,3 years ago,lol๐,大声笑
