,cid,votes,time,含talented,含talented中文翻译
36470,UgyvmxmPJmXATBXTYnV4AaABAg,306,4 years ago,"her whole family can be prop by. such a talented girl.






i love you! intersection","Her whole family can be proud of her. Such a talented girl. 






我爱你！！"
44960,Ugzkyht9GJ-UWBb8pBV4AaABAg,155,4 years ago,"what a beautiful faerie like place in which you live! a lot of lovely fruits, nuts and resources to make your treats with as well. you are obviously very talented and the calm, hard-work and dedication can be seen in your videos... passion, too",您居住的地方多么美丽的仙境！许多可爱的水果，坚果和资源也可以使您的零食。显然，您很有才华，您的视频中可以看到镇定，努力和奉献精神……激情，所有食物看起来都很好吃！你和你的祖母太可爱了。
32160,Ugx1LXTsr5AkRIsGb_p4AaABAg,144,4 years ago,"i love that anyone can watch these amazing videos, there is no real language barrier or anything! i wish i was as talented as her",我喜欢任何人都可以观看这些令人惊叹的视频，没有真正的语言障碍或其他任何东西！我希望我像她一样有才华
40196,UgyPjH9TA52o85Jn9RZ4AaABAg,110,4 years ago,this beautiful young woman makes everything look so easy and very attractive!!! she is a unique and extremely talented lady. her work is always amazing and so very fun to watch. beautiful in all aspects!!,这个美丽的年轻女子使一切看起来如此轻松，非常吸引人！！！她是一位独特而极其才华的女士。她的作品总是很棒，而且非常有趣。各个方面都很美丽！
52053,UgxxvHG2mGuYRI4mst94AaABAg,109,4 years ago,hello my talented sis love u and ur video love u so much love from pakistan,你好我才华横溢
14198,Ugwshm7LLdVtz0RqS854AaABAg,91,2 years ago,beautiful..talented..respectful to her elders knows how to do everything..if the apocalypse ever happens i’m looking for her!,美丽的..致命..对她的长者的尊重知道如何做一切。
12556,UgyDYTKXiEQyhi9m2ll4AaABAg,73,2 years ago,this is why i love china. they are very hardworking and very talented. they made for themselves. and so peaceful place it is,这就是为什么我爱中国。他们非常勤奋，很有才华。他们为自己做了。如此和平的地方是
49842,UgwjeVj4yhpd281--314AaABAg,55,4 years ago,"happy chinese new year li ziqi. you're amazing and talented
love from philippines","农历新年快乐李齐。你很棒，才华横溢
来自菲律宾的爱"
32007,UgxxBPIVKdd9bUgvq7h4AaABAg,51,4 years ago,now im thinking.. did she build her own house??? so talented โก,现在我在想..她建造了自己的房子吗？？？如此有才华
48386,UgxFR6K19eEc6NJcB7p4AaABAg,46,4 years ago,"482 ppl disliked her video? wtf is wrong with these ppl, this women is beautiful, hard working, smart and so talented, i envy her.",482 PPL不喜欢她的视频？ WTF对这些PPL是错误的，这个女人是美丽，努力工作，聪明和才华横溢的，我羡慕她。
13845,UgwC3w1V9TVaQSDZPA94AaABAg,42,2 years ago,"how to love your homeland in order to be able to show the nature and everyday life of people in rural areas so beautifully and unobtrusively! bravo! very talented! and what a rich nature of china, just delight!",如何爱您的家园，以便能够如此美丽，毫不客气地展现人们在农村地区的自然和日常生活！勇敢！很有天赋！中国的丰富本质，只是高兴！
37577,UgzyTwBIRtNni_75EWt4AaABAg,37,4 years ago,you are the most beautiful and talented youruber from china. love you.,您是来自中国最美丽，最有才华的您。爱你。
46928,UgykGdTXcviBxCE0M3h4AaABAg,32,4 years ago,like her personality she is full of energy and so talented with everything no matter what if it is cooking or hard labor.your pets are so adorable.,像她的个性一样，她充满活力，无论是在做饭还是辛苦的劳动，都有一切才华。您的宠物太可爱了。
12854,UgzaynMUyEnzlo5p4cl4AaABAg,32,2 years ago,she is a talented young girl she has a bright future,她是一个才华横溢的年轻女孩，她的未来有光明
22449,Ugzk2hZzSJPMNCq5HPR4AaABAg.92v_huHNonN935FNYZNSPp,25,3 years ago (edited),"it's back to basics. i need to go live in a farm eventually. no stress from city living. no commutes. to be surrounded by horses, cows and dogs. in a way my 90 yr old dad is doing this. we have fresh cow's milk everyday. and a full year supply of rice from my brother who tills the land. we learned a lot of skills from our dad. my brothers are very talented (can do many different things) while i, on the other hand, pursued opportunities in the corporate world. one or two more years, i will be leaving the big urban jungle for a simple life.",这回到了基础。我最终需要在农场生活。没有城市生活的压力。没有通勤。被马，牛和狗包围。从某种意义上说，我90岁的爸爸正在这样做。我们每天都有新鲜的牛奶。以及我哥哥耕种土地的全年饭。我们从父亲那里学到了很多技能。我的兄弟们很有才华（可以做很多不同的事情），而另一方面，我在企业界寻求机会。一两年来，我将离开大城市丛林，过着简单的生活。
24462,UgxCd3xzPpKU8CM_ofJ4AaABAg,23,3 years ago (edited),"i think li is the true legend. the most talented woman iโ€ve seen on the internet. 

by the way i think 6:52 is not a melon seeds but a sunflower seeds.

edit: i forgot to mention the puppies and lamb. they are so cute ๐๐","我认为李是真正的传奇。我在互联网上见过的最有才华的女人。

顺便说一句，我认为6:52不是瓜子，而是葵花籽。

编辑：我忘了提到幼犬和羔羊。他们是如此可爱"
38541,Ugx1P89G_Bd-0LVKkF54AaABAg,19,4 years ago (edited),"when i watch your videos i feel peaceful, you are a wonderful human being and depending on what i saw, i think you are really talented and experienced in such young age .
amazing .","当我观看您的视频时，我会感到和平，您是一个很棒的人，根据我所看到的，我认为您在如此年轻的时候就非常有才华和经验丰富。
惊人的 。"
52404,Ugyfn3GGP_3ySLqYf594AaABAg,17,4 years ago,diz girl is multitalented n very hard working,diz女孩是多元化的N非常努力的工作
28524,UgzgwKSHJKRPjTR_3nJ4AaABAg,17,3 years ago,liziqi is so talented. ๐‘๐‘โ her granny ( grandmother is very lucky.) life should be like this โค,Liziqi是如此有才华。
26117,UgwQdehRp_7a7Gz3Xz94AaABAg.8zoNNAQmde-8zuTZbfpPYO,17,3 years ago,"bunnyfreakz you canโ€t expect everyone to like what sheโ€s doing. sheโ€s a really talented person, but not everyone would like it.",Bunnyfreakz，您不能指望每个人都喜欢她在做什么。她是一个非常有才华的人，但并不是每个人都喜欢。
31264,UgwBHMGguXljvNp565V4AaABAg,16,3 years ago,this is what everyone had been dreams of. live in the village with all we need. super talented girl thumbs up ๐‘๐‘,这就是每个人都是梦想的。我们所需要的一切都住在村庄。超级才华的女孩大拇指
33270,UgzYAPal7GjkZkDP3yZ4AaABAg,13,4 years ago,"the best youtube channel with great music,cinematography,beauty young girl& super talented&cooking",最好的YouTube频道，具有出色的音乐，摄影，美丽的年轻女孩和超级才华和烹饪
5545,UgxtsHt7oFimDzVx_j14AaABAg,13,2 years ago (edited),"favorite channel. i am a good liziki. the girl is glorious. darling. beautiful and very talented. your channel, my girl, is a pleasure to watch. god forbid you a paw and your grandmother of health and many years of life",最喜欢的频道。我是一个很好的利兹基。这个女孩很光荣。亲爱的。美丽而很有才华。我的频道，我的女孩，很高兴观看。上帝禁止你是爪子和你的祖母健康和多年的生活
36491,UgyvmxmPJmXATBXTYnV4AaABAg.8uUOtMcYkny8uXEy4sqEjG,12,4 years ago (edited),mang kanor i mean by how she does stuff ofcourse she can have that life style but living that type of life sure its not easy. because those things are difficult to do even with that life style they could easily go wrong thats why i said she is a talented girl,曼格·凯诺（Mang Kanor）我的意思是说她如何做自己的事情，她可以拥有这种生活方式，但过着这种生活类型的生活，确保这并不容易。因为这些事情即使生活方式也很难做，所以他们很容易出错，这就是为什么我说她是一个才华横溢的女孩
16856,UgxLNW1P3lxL7potNSh4AaABAg,11,3 years ago,we all need a girl like her. so hardworking and talented.,我们都需要一个像她这样的女孩。如此勤奋和才华。
3293,UgxsWCSQENIQVksug5t4AaABAg,10,1 year ago,she is so talented...... and her creativety of,她是如此才华横溢……以及她的视频的创造力，真的很放松
41487,UgxECOdJicp4FScGJCp4AaABAg,10,4 years ago,just love watching her do her things. such a young girl and so talented...so inspiring and a good example for today's young generation.,只是喜欢看着她做她的事情。如此年轻的女孩和才华横溢……如此鼓舞人心，这是当今年轻一代的一个很好的榜样。
14599,UgyL8ZC4sr-CLXxfCap4AaABAg.9AVBpd2l1cF9Aazs_vMPlT,9,2 years ago,too talented.,太有才了。
22457,Ugzk2hZzSJPMNCq5HPR4AaABAg.92v_huHNonN93N-OpVdmYy,9,3 years ago,"โ€ @theroyalfight lol, she's a wealthy lifestyle blogger nowadays. a video with 1 million views can make $3000 โ€“ $7000 in adsense and she gets several million views per upload along with accumulating views. so that's a little bit of a stretch to act like shes actually roughing it, but nevertheless i love her and shes very talented and her and her grandmothers land is beautiful.",@theroyalfight大声笑，她是当今富裕的生活方式博客作者。一百万次观看次数的视频可以使$ 3000 - $ 7000的Adsense录制，她每个上传获得数百万次观看次数以及累积的观看次数。因此，这有点像她实际上是在粗糙的，但是我爱她，她非常有才华，她和她的祖母的土地很美。
27243,UgwoBK95SLTCe-m60uJ4AaABAg.8zKMCb-XwpB9-42miArLcP,8,3 years ago,"this is from an media interview of her. i read the original interview transcript. unless we think that what she said during the interview was fake, she did deserve a better life and all the respect. i chose to believe her because i have done some of the things shown in her videos while i was young. i could tell that the way she did those jobs is natural and experienced, definitely not fake posing for filming. best wish to this talented, independent and beautiful girl",这是来自她的媒体采访。我读了原始的面试成绩单。除非我们认为她在采访中所说的是假的，否则她确实应该得到更好的生活和所有的尊重。我之所以相信她，是因为我年轻的时候做了她视频中显示的一些事情。我可以说她做这些工作是自然而有经验的方式，绝对不是假装拍摄的假装。祝这个才华横溢，独立和美丽的女孩
37739,UgzdqA8YfoGbtHSInKx4AaABAg,8,4 years ago,"8:52 nice hiroshima lemon. 
jk nice video, you are very talented and hardworking!","8:52漂亮的广岛柠檬。
JK不错的视频，您非常有才华和勤奋！"
37356,UgzG5C_ih7AEjutI0x14AaABAg,7,4 years ago,u r sooooo super talented...from india with love..piu..wanna see more of such videos๐๐,你是超级才华的...来自印度的爱情.. piu .. wanna查看更多此类视频
14603,UgyL8ZC4sr-CLXxfCap4AaABAg.9AVBpd2l1cF9Ae8Idyocb4,7,2 years ago,talented,有才
30037,Ugxqyerx-UFwycbRcr54AaABAg,6,3 years ago (edited),"hi ms liziqi....a few hours ago i started watching your video. 1st video with the lotus... hooked up.. now i don't know how many of your videos i've watched already.. and it's 12midnight here. thank you for the videos... i love how you take good care of your grandmother. you are a smart, loving, talented being.
i just wish and hope to live with you there even just for few days to join you and experience harvesting and eating fresh vegetables and fruits and taste your recipes. take care ๐ค—๐ค—๐ค—๐ค—","嗨，Liziqi女士....几个小时前，我开始观看您的视频。第一个视频与Lotus ...连接。.现在我不知道您已经看过多少个视频了..在这里是12mmid night。谢谢您的视频...我喜欢您如何照顾祖母。您是一个聪明，充满爱心，才华横溢的存在。
我只是希望并希望在那里与您同住，甚至只有几天的时间就可以加入您的行列，体验收获和吃新鲜蔬菜和水果并品尝您的食谱。保重"
40393,Ugw9wo4AjMlGZxH0jjZ4AaABAg,6,4 years ago,"let's hope you subscribed to receive your youtube buttons. your videos are amazing.
you are an amazing talented beautiful woman","希望您订阅以接收YouTube按钮。您的视频很棒。
你是一个了不起的才华横溢的美丽女人"
37219,UgxCS9-gVm-2-lf5dVF4AaABAg,6,4 years ago,^_^ you are the most beautiful and talented youruber from china. love you.,^ _^您是来自中国最美丽，最有才华的您。爱你。
32334,Ugy5u7NaEU3Gr20NUF94AaABAg,6,4 years ago,nice work ๐‘๐‘the girl is so talented,做得好
7566,UgxQOPLmIyi3IGy2-Fx4AaABAg,5,2 years ago,"a very beautiful and caring video... having the greatest respect for seniors within the family! talented beyond comparison to the west. unbelievable insight, and a deep empathy one can only vision in the east! 
i couldn't wait to subscribe to an artist able to see beyond today! 
i was blessed with my wife similar to her but, now senior... may she continue her life's dream!","一个非常美丽和关怀的视频...对家庭中的老年人表示最大的尊重！与西方相比，有才华。令人难以置信的见识，深刻的同理心只能在东方视而不见！
我迫不及待地想订阅一位能够看到今天以外的艺术家！
我很幸运，我的妻子与她相似，但是现在，大四...愿她继续生活的梦想！"
29150,Ugx5WSC5XCu2dUH3qWp4AaABAg,4,3 years ago,really chinese are the most talented and most hardworking people in the world....,真正的中国人是世界上最有才华，最勤奋的人。
31205,UgxBPmGw0xIG1aIl6ZF4AaABAg.8wR1zKZ8whC8wb2bNgjPAq,4,3 years ago,she's beautifully and yet a talented woman,她很漂亮，却是一个才华横溢的女人
50174,Ugx4Ercm48acxgFmjSJ4AaABAg,4,4 years ago,you are so talented. i love your videos .thank you so much .,你是如此有才华。我爱你的视频。非常感谢你。
26100,UgzjJycvUIuLciLvHAB4AaABAg,4,3 years ago (edited),luv u liziqi. u are a talented person .may god bless u dear for ur efforts๐‘๐‘,Luv u Liziqi。你是一个才华横溢的人。愿上帝保佑你亲爱的你的努力
49401,Ugwc2G9zgVIeMLRaiRB4AaABAg.8qm7ZLnWwLu8qubYsvt_qe,4,4 years ago,"@mick1937 of course it's great editing and phenomenal cinematography, and that's why this channel is so good. but you can't make something out of nothing. you ca see she's so talented and hardworking.",@mick1937当然是很棒的编辑和惊人的摄影，这就是为什么这个频道如此出色的原因。但是你不能一无所有。您看到她是如此有才华和勤奋。
16740,Ugx53dRaunGipg_w8uF4AaABAg,3,3 years ago,"i just love liziqi. she is a modern princess and is just amazing. but... she is not a goddess like all ya’ll think she is. she is human just like us. this video is proof that humans are not perfect, even is they are hardworking and talented. (https://www.youtube.com/watch?v=auw1_2xbywm) watch till the end and you’ll see what i mean.",我只是爱Liziqi。她是一位现代公主，真是太神奇了。但是...她不是像所有人一样的女神。她像我们一样是人类。该视频证明了人类并不完美，即使他们在努力工作和才华横溢。 （https://www.youtube.com/watch?v=AUW1_2XBYWM）直到最后，您就会明白我的意思。
26786,UgzvYOt0H_2OgL8sLth4AaABAg,3,3 years ago (edited),"liziqi you are a very special girl, i wish i was as talented as you are hopefully you will find your prince one day. god bless you and lots of love to granny ๐’–๐’–๐๐ฌ๐ง",Liziqi您是一个非常特别的女孩，我希望我像您希望有一天能找到您的王子一样有才华。上帝保佑你，对奶奶的爱心很多
32464,UgyJoPFhPcaTzR8sdXx4AaABAg,3,4 years ago,"you are such a talented women, a lot of patience...oh my god!!! what not!!! and you are leading such a beautiful and amazing life๐
just keep going!!!!","你是一个才华横溢的女人，很有耐心...哦，天哪！没有什么！！！而且您过着如此美丽而神奇的生活
尽管继续！！！！"
35545,UgyleE_eGPPXJUAxq6V4AaABAg,3,4 years ago,you are so talented and hard working. beauty with brain,您是如此有才华和努力。大脑的美丽
40094,Ugy0ApgdRp06CzBHsD14AaABAg,3,4 years ago,"very good video great compositions lighting and beautiful story. i admire your works. she is very talented, i would like to see your video behind the sense",很好的视频很棒的作品灯光和美丽的故事。我很佩服你的作品。她很有才华，我想看看您的视频背后的视频
32451,UgyX1udEsbOGstSL1LV4AaABAg,3,4 years ago,multitalented girl...i don't kw how she is cooking these items bt it's making me hungry....i would like to come that place bt there is no chance fa me really feeling sad while seeing that place.....,多元化的女孩...我不kw她如何烹饪这些物品，这让我饿了。...我想来的那个地方Bt没有机会在看到那个地方时感到非常难过。 。
8000,Ugwd01ekQMLZfW73-Bp4AaABAg,2,2 years ago,"amazing, how much hotness. what a wonderful place, how much abundance.
you are special and very talented and beautiful.","令人惊讶，多少热。多么美好的地方，多少丰富。
你很特别，很有才华和美丽。"
4362,UgzPCvdsu1UhTgu6wwR4AaABAg,2,1 year ago,"liziqi, you are a great and talented woman ✨✨✨",利兹奇，你是一个伟大而有才华的女人✨✨✨
25543,Ugz-VvtvGJWZUTGH8RF4AaABAg,2,3 years ago,"she is the most talented woman ๐‘ฉ 
i respect you and i hope you would be happy forever!!
sorry for my easy english because i am japanese","她是最有才华的女人
我尊重你，希望你永远幸福！
对不起，我的英语简单，因为我是日本人"
30844,UgzxiTIAOXZ7tjiKsr14AaABAg,2,3 years ago,she is so talented!!! love her grandma too :),她是如此有才华！！！也爱她的奶奶:)
32043,UgzyQaxzcsLtC0nOQSt4AaABAg,2,4 years ago,multitalented girl!and super lucky grandma!,多元女孩！超级幸运的祖母！
2098,Ugwikgh1wmlujIalcCp4AaABAg,2,1 year ago,"you are talented, beautiful, silent, hard work, perfect",你是才华横溢，美丽，沉默，辛勤工作，完美的
43259,UgyH4EJzua1DPw0EQeh4AaABAg,2,4 years ago,she makes her own snacks and jerky like talented can this woman get!?,她自己做零食，就像才华横溢的那个女人能得到！？
20858,UgzUuv4wq4-uwWnBcc14AaABAg,2,3 years ago,"stunning photography, scenery (where is this filmed in china), and lovely young lady who is very talented. her grandmother is fortunate to have her. thank you for doing these videos.",令人惊叹的摄影，风景（这是在中国拍摄的地方）和很有才华的可爱小姐。她的祖母很幸运能拥有她。感谢您制作这些视频。
42793,UgzCiYFRn7KZC3eMaSl4AaABAg,2,4 years ago,multi talented gurl,多才华横溢的Gurl
871,UgzUbBhuVy5emo55GfN4AaABAg,2,6 months ago,we miss your new videos. can you again start giving videos? your content are really worthy of appreciation. respect you for being soo hard working. such a talented soul i have ever came across in my life. words are not enough to praise your talents and creativity.,我们想念您的新视频。您可以再次开始给视频吗？您的内容真的值得赞赏。尊重您的努力工作。我一生中遇到过的一个才华横溢的灵魂。言语不足以赞美您的才能和创造力。
5914,UgzoP0fUKeCAoKotCwN4AaABAg,2,2 years ago,"beautiful, great, talented, success",美丽，伟大，才华横溢，成功
37050,UgyEGa7S8OEs6vHDGF14AaABAg.8uKAG1ThWGP8v81oRAqBh6,1,4 years ago,i think she does everything by herself. she is very smart and talented,我认为她自己做了一切。她非常聪明和有才华
9921,Ugy36Y1rjDLA3qm5Jjx4AaABAg,1,2 years ago,besides being very beautiful is still super talented .parabens,除了非常漂亮的外，仍然是超级才华的。
27676,UgyNeC0ONzBg7RfTqfB4AaABAg,1,3 years ago,she is soo talented..๐,她很有才华。
39855,UgxJCCO2ZuHYuOJdZQ14AaABAg,1,4 years ago,"such a talented and hard working woman, i hope your passion for all that you do never fades",如此有才华和努力的女人，我希望您对自己永远不会消失的一切热情
28125,Ugz-ZscxmQPaxcOZJAp4AaABAg,1,3 years ago,so talented,好有才华
11303,UgyX0_IPXV6mazfra8N4AaABAg,1,2 years ago,filmed with heart. super women. so talented. this snacks makes me drooling.. ๐,用内心拍摄。女超人。如此有才华。这种小吃让我流口水..
45899,Ugzwdeqs57AzTAoMvY14AaABAg.8qzhwIaYWAb8r96fynHPrY,1,4 years ago,she was an ex dj as well. talking about being beautiful and multi talented.,她也是前DJ。谈论美丽而多才华。
11294,UgxWHCHMraFSsndhmqp4AaABAg,1,2 years ago,lovely scenes about mother nature and a talented diligent girl......https://youtu.be/1hznsbjczc0,关于大自然母亲和一个有才华的勤奋女孩的可爱场景……https：//youtu.be/1hznsbjczc0
30386,Ugy_T_drEMsl7vk1hcx4AaABAg,1,3 years ago,love people because of too talented. ๐โ€โ๏ธ๐’—๐’“๐’๐’–โค,爱别人，因为太有才华了。
2978,Ugx6QpU6FgugI3EB9j54AaABAg,1,1 year ago,you are so talented ans cute,你是如此才华横溢的ans可爱
31729,UgzUhdPYCdd6xPbPV0F4AaABAg,1,4 years ago,she is so talented....her pets are so cute...following her everywhere ๐,她是如此才华横溢。...她的宠物是如此可爱...在任何地方都跟随她
31851,Ugx_q7yOr-W6S30E7bl4AaABAg,1,4 years ago,u r too much brave and talented. ๐๐,你太勇敢而有才华。
39971,UgyquGPJlcp831En0KZ4AaABAg,1,4 years ago,"yeah she's talented, hardworking, and her videos are ๐‘๐‘ but yall are missing the point here....were those lemons๐๐๐ฒ??",是的，她很有才华，勤奋，她的视频是
5750,Ugw6ak1sHcuNrPvk_Bp4AaABAg,1,2 years ago,"u are such a talented girl, love from pakistan",你是一个才华横溢的女孩，巴基斯坦的爱情很开心
36493,UgyvmxmPJmXATBXTYnV4AaABAg.8uUOtMcYkny8ubIQjqry_S,1,4 years ago,chihuahuas didnโ€t you just see what puppies4life22 wrote? also she is talented and hardworking.,奇瓦瓦人，你不只是看到什么puppies4life22写了什么？她也很有才华和勤奋。
702,UgxzrwaRUxXgX-OZICF4AaABAg,1,5 months ago,you are very talented i love you,你很有才华，我爱你
33398,UgwW89UWpHZoS3A26qJ4AaABAg,1,4 years ago,i would really love if this women really lived like this and was this talented n resourceful. but iโ€m betting she not.,如果这个女人真的这样生活，我真的很喜欢这个才华横溢的足智多谋。但是我敢打赌她不是。
2687,UgwRRZIzdugiUXNN2pN4AaABAg,1,1 year ago,"you are the most talented that i have met, apart from beautiful you are very intelligent and hardworking, god always takes care of you, you are a love.",您是我遇到的最有才华的人，除了美丽，您非常聪明和勤奋，上帝总是照顾您，您是爱。
34543,Ugw5s9z3MVHWUuAa_XR4AaABAg.8uztCsvLOer8vU8s6pSoWb,1,4 years ago,"i was thinking the same thing how could you capture that on camera this channel obviously has a talented and creative camera man director and editor

the music and audio that's also perfectly tailored to the scene","我在想同样的事情，你怎么能在相机上捕捉到这个频道显然有才华横溢且创意的摄影师导演和编辑

音乐和音频也非常适合现场"
35533,Ugxzbxmy5h3xC_6EoVF4AaABAg,1,4 years ago (edited),"you are very talented and beautiful. cannot stop watching your videos.







think am in love ๐’","你很有才华和美丽。无法停止观看视频。







认为我恋爱了"
7884,Ugw1TZW-s8jgOQWNj854AaABAg,1,2 years ago,"li ziyi is a lucky person. fortunately, it encountered the protection of strong political forces. that is to be discovered by bole. otherwise, li ziyi has genius acting skills, and it is impossible for a long time to show his personal talent as a documentary. li ziyi has actually become a hard work that has finally become the protagonist who belongs to a company's performance team. you can position li ziyi as a branch owner or a member of the branches under the strong political umbrella or a member of the strong political forces behind it. therefore, the local bully hooligan did not dare to bully her. as soon as the chinese state policy is now like a social custom environment, once it is aimed at by the bad guys and gangsters, it will have been difficult to be plundered and destroyed until they die until they die. li ziyi was not guilty, and many democratic movements overseas scolded li ziyi to be fair. which star must not be obedient after a cannon to keep his life be obedient? are you talented? it is the boss or the director, and the investment boss by your stage! otherwise, your shit is not! after you occasionally appealing in the water margin society, you are a little bit ignorant, and you wo n’t go to the dock to invest in the bully hooligan and corrupt officials in various industries in various regions of various classes. one thousand -child wife ion sanbilin is still miserable! it's lucky to live in china. the bad guys are painful without doing bad things. but the bad guys are happy to do bad things. this is china's folk customs and folk customs, and people who are simple in china are painful. the person who saw the unharmed helping hands belonged to the government's severe blow. a good man who cares about it is the target of destroying social stability. therefore, people who are simple and kind have to do bad things and have to lack virtue, so they blame their regrets daily and suffer from endocrine disorders to die early. after the death of chinese mao, the winner of the cultural revolution incidentiality determined the theory of destiny. you are killed by the revolutionary people, and you have a bad personality. your family is beaten as an anti -revolution. you are hateful. you can not be used by me. if you have money without giving me a little money, i will make trouble. this is china's national conditions, and it is also the revolutionary strategic deployment of china ’s triad to spread the world. li ziyi is just a strange product that was excavated by the big boss. the warring states ceremony lu buwei was a model and learning in the bones of the chinese. this also belongs to the use of chinese characteristics. the chinese have not invented and created since ancient times. there are always shortcuts speculative. stealing and imitation of turmoil is used. it is found that talent is the first object to get rich. lu bowei found that it was not what ordinary people could do. the people who found that li ziyi could not protect li ziyi. a rich boss holds a red actor, finds a good script, screenwriter, and the director organizes an excellent team. the official pen and pen of the people who buy the water and margin society are all capable. ordinary people live in china, you put a small stall on the street, and you must also be very knowledgeable. buy the street bully and local industrial and commercial tax urban management underworld. if you miss a link, you ca n’t make it! don't bully li ziqi overseas. there is a ability to go with the chinese government to ask an official hat. the june 4th riots were a group of red guards yu ni, who failed to speculate in the cultural revolution. this is the characteristic of chinese culture. no rescue. li ziyi, the social system of the communist wife, is very lucky.

before the reform and opening up after the cultural revolution, the urban and rural areas of china always retained the buildings and production and living models and status left by manqing. deng xiaoping sent water ghosts to taiwan's lianlian lin yifu from golden gate, and lin yifu broke the trick to subvert the world. since then, the chinese government has printed banknotes to exchange banknotes day and night. foreign trade subsidies are lower than cost -effective global economic aggression to destroy the european and american family industry light industry and become the world's richest ruling group. the dictatorship of 1.4 billion people has become the world hegemon. europe has been controlled by china today. the united states has died. china has been allowed to enter the city for a meager income forty years ago from forty years ago. the government ’s intentional day and night tofu residue project has accumulated the original agricultural workers’ blood -sweat. by now, the stock market housing market controlled by zhu rongji ’s son has repeatedly absorbed the hard -sweat of the national slave! high -speed transportation throughout the high -speed building everywhere, flicker inexplicable high -end consumption! excuse me, which brick tile belongs to you? you are just alive!

li ziyi is a lucky person. fortunately, it encountered the protection of strong political forces. that is to be discovered by bole. otherwise, li ziyi has genius acting skills, and it is impossible for a long time to play the personal talent as freely as a documentary. li ziyi has actually become a hard work that has finally become the protagonist who belongs to a company's performance team. you can position li ziyi to become a branch owner of the branch under the strong political umbrella or a member of the strong political forces behind it. it is really fate. therefore, the local bully hooligan did not dare to bully her. as soon as the chinese state policy is now like a social custom environment, once it is aimed at by the bad guys and gangsters, it will have been difficult to be plundered and destroyed until they die until they die. li ziyi was not guilty, and many democratic movements overseas scolded li ziyi to be fair. which star must not be obedient after a cannon to keep his life be obedient? are you talented? it is the boss or the director, and the investment boss by your stage! otherwise, your shit is not! after you occasionally appealing in the water margin society, you are a little bit ignorant, and you wo n’t go to the dock to invest in the bully hooligan and corrupt officials in various industries in various regions of various classes. one thousand -child wife ion sanbilin is still miserable! it's lucky to live in china. the bad guys are painful without doing bad things. but the bad guys are happy to do bad things. this is china's folk customs and folk customs, and people who are simple in china are painful. the person who saw the unharmed helping hands belonged to the government's severe blow. a good man who cares about it is the target of destroying social stability. therefore, people who are simple and kind have to do bad things and have to lack virtue, so they blame their regrets daily and suffer from endocrine disorders to die early. after the death of chinese mao, the winner of the cultural revolution incidentiality determined the theory of destiny. you are killed by the revolutionary people, and you have a bad personality. your family is beaten as an anti -revolution. you are hateful. you can not be used by me. if you have money without giving me a little money, i will make trouble. this is china's national conditions, and it is also the revolutionary strategic deployment of china ’s triad to spread the world. li ziyi is just a strange product that was excavated by the big boss. the warring states ceremony lu buwei was a model and learning in the bones of the chinese. this also belongs to the use of chinese characteristics. the chinese have not invented and created since ancient times. there are always shortcuts speculative. stealing and imitation of turmoil is used. it is found that talent is the first object to get rich. lu bowei found that it was not what ordinary people could do. the people who found that li ziyi could not protect li ziyi. a rich boss holds a red actor, finds a good script, screenwriter, and the director's excellent team, and officials who buy all aspects of the society of the water and margin are all the skills. ordinary people, you have a small stall on the street, and you must also be very conscious. buy the street bully and local industrial and commercial tax urban management underworld. if you miss a link, you ca n’t make it! don't bully li ziqi overseas. there is a ability to go with the chinese government to ask an official hat. the june 4th riots were a group of red guards yu ni, who failed to speculate in the cultural revolution. this is the characteristic of chinese culture. no rescue.","李子柒是很幸运的人。很幸运的遇到了强大的政治势力的保护。也就是被伯乐发现。不然，李子柒天具有天才演技，也不可能长久地这样如纪录片展示自由自在的发挥个人的天分。李子柒实际已经被成为一个辛勤努力终于强大到了属于某企业演出团队的主角。可以定位李子柒成为一个在强大政治保护伞之下的分公司老板或者是背后强大政治势力的一员真的是命运使然。因此当地恶霸流氓也不敢欺负她。在中国国策现在那样的水浒一摸一样社会风俗的环境，一旦被坏人歹徒瞄准，那就被掠夺被摧残早就寸步难行，直至死亡。李子柒无罪，海外许多民运分子骂李子柒实在有失公允。试问哪一个明星不是在一炮打响之后必须乖乖依靠贿赂保住性命的呢？你有天份？是老板是导演，是投资老大被你的舞台！不然，你狗屁不是！你在水浒社会偶然机会暂露头角之后，稍微不懂事，不会拜码头投靠各个阶层的各个地区的各个行业的恶霸流氓以及贪官污吏，分分钟把你弄进监狱害死你。一落千丈妻离子散比林冲还要凄惨！在中国能活下去已经很幸运。坏人不做坏事心里很痛苦。但是坏人干坏事才快乐。这是中国的民风民俗，在中国单纯心善的人很痛苦。路见不平施予援手的人属于政府严厉打击对象。好管闲事的人属于破坏社会稳定的打击对象。因此单纯心善的人不得不干坏事不得不缺德，因此每日自责悔恨而罹患内分泌失调得怪病早死。中国毛死以后，文革利益获得者发明性格决定命运理论。你被革命群众弄死，是你性格不好。你全家被打成反革命是你有可恨之处。你有才能不被我所用，你有钱不给我一点钱，我就给你捣乱。这是中国国情，也是中国千方百计传播世界的革命战略部署。李子柒不过是一个被大老板挖掘囤积培育的奇货而已。战国策吕不韦是中国人骨头里的楷模和学问。这也属于中国特色的拿来主义。中国人自古不发明创造。投机取巧总有捷径。偷窃仿造捣乱为己所用。发现人才是第一可以拿来发财的物件。吕不韦发现嬴政那可不是一般人能做到的。发现李子柒的人非大鳄也做不到保护李子柒。一个有钱老板捧红一个演员，找好的剧本，编剧，导演组织优秀的团队，恰到好处的买通水浒社会各环节的官吏笔笔都是大本领。普通人活在中国，你就在街边摆一个小摊子，也必须很识相，买通街道恶霸，当地工商税务城管黑社会。缺一个环节就搞不成器！海外民运不要欺负李子柒了。有本事去和中国政府要官帽去。六四暴动就是文革余孽投机中国政治要官失败的一群红卫兵余孽。这是中国文化的特色。没救。共产共妻的社会制度李子柒是很幸运的。

文革后改革开放之前，中国城乡始终保留停留在满清留下来的建筑以及生产生活模式以及状态。邓小平派水鬼从金门接来台湾连长林毅夫，林毅夫一语道破颠覆世界的诀窍。从此中国政府日夜印刷钞票兑换欧元美金。外贸补贴低于成本全球经济侵略摧毁欧美家族工业轻工业从而成为世界最富有的统治集团。独裁集中十四亿人的血汗成为世界霸主。如今欧洲早已经被中国控制。美国已经亡国。中国遍地从四十年前开始，许可农奴进城用命换取微薄的收入。政府故意日夜豆腐渣工程积累最初的农工血汗，到如今朱镕基儿子管控的股市房市，反复猛烈吸纳国奴的血汗！遍地高楼大厦高速交通，忽悠莫名其妙的各类高端消费！试问，哪一块砖瓦属于你的呢？你仅仅是苟活而已！

李子柒是很幸运的人。很幸运的遇到了强大的政治势力的保护。也就是被伯乐发现。不然，李子柒具有天才演技，也不可能长久地这样如纪录片展示的那样自由自在的发挥个人的天分。李子柒实际已经被成为一个辛勤努力终于强大到了属于某企业演出团队的主角。可以定位李子柒成为一个在强大政治保护伞之下的分公司老板或者是背后强大政治势力的一员，真的是命运使然。因此当地恶霸流氓也不敢欺负她。在中国国策现在那样的水浒一摸一样社会风俗的环境，一旦被坏人歹徒瞄准，那就被掠夺被摧残早就寸步难行，直至死亡。李子柒无罪，海外许多民运分子骂李子柒实在有失公允。试问哪一个明星不是在一炮打响之后必须乖乖依靠贿赂保住性命的呢？你有天份？是老板是导演，是投资老大被你的舞台！不然，你狗屁不是！你在水浒社会偶然机会暂露头角之后，稍微不懂事，不会拜码头投靠各个阶层的各个地区的各个行业的恶霸流氓以及贪官污吏，分分钟把你弄进监狱害死你。一落千丈妻离子散比林冲还要凄惨！在中国能活下去已经很幸运。坏人不做坏事心里很痛苦。但是坏人干坏事才快乐。这是中国的民风民俗，在中国单纯心善的人很痛苦。路见不平施予援手的人属于政府严厉打击对象。好管闲事的人属于破坏社会稳定的打击对象。因此单纯心善的人不得不干坏事不得不缺德，因此每日自责悔恨而罹患内分泌失调得怪病早死。中国毛死以后，文革利益获得者发明性格决定命运理论。你被革命群众弄死，是你性格不好。你全家被打成反革命是你有可恨之处。你有才能不被我所用，你有钱不给我一点钱，我就给你捣乱。这是中国国情，也是中国千方百计传播世界的革命战略部署。李子柒不过是一个被大老板挖掘囤积培育的奇货而已。战国策吕不韦是中国人骨头里的楷模和学问。这也属于中国特色的拿来主义。中国人自古不发明创造。投机取巧总有捷径。偷窃仿造捣乱为己所用。发现人才是第一可以拿来发财的物件。吕不韦发现嬴政那可不是一般人能做到的。发现李子柒的人非大鳄也做不到保护李子柒。一个有钱老板捧红一个演员，找好的剧本，编剧，导演优秀的团队，买通水浒社会各环节的官吏都是大本领。普通人，你就在街边摆一个小摊子，也必须很识相，买通街道恶霸，当地工商税务城管黑社会。缺一个环节就搞不成器！海外民运不要欺负李子柒了。有本事去和中国政府要官帽去。六四暴动就是文革余孽投机中国政治要官失败的一群红卫兵余孽。这是中国文化的特色。没救。"
8592,Ugx4hRno9RKdpmZWo-x4AaABAg,1,2 years ago (edited),she's so pretty! ...and talented! <3 your place is beautiful!,她很漂亮！ ...才华横溢！ <3您的位置很美！
41605,UgzkoiR7mdKgNvapDxJ4AaABAg,1,4 years ago (edited),life's not like this for everyone in china. i'm worried about that dude who makes iphones in a sweatshop.hope he gets some rest.no offence to this video person. she looks calm and serene and multi talented as well.,对于中国的每个人来说，生活不是这样。我担心那个在汗衫中制作iPhone的家伙。希望他会休息一下。她看起来很镇定，宁静，多才华。
3667,Ugwt08_tbXDCRViGI0N4AaABAg,1,1 year ago,"the snack looks so tasty
the video is so wonderful
smart and talented lady
like the life style of countryside and the video","小吃看起来很美味
视频太棒了
聪明而才华横溢的女士
像乡村和视频的生活方式"
35981,UgxGaJcVnLQqhTj9w7Z4AaABAg,1,4 years ago,she is beautiful cute talented and very amazing i like her video very much and i used to watch her video and like every time ....,她很漂亮，很有才华，我非常喜欢她的视频，我曾经看过她的视频，就像每次。
41007,Ugx4LuoHmubeWZt8qjp4AaABAg,1,4 years ago (edited),who's recording this? it's awesome. food is everywhere. so creative and talented,谁在录制这个？这很棒。食物无处不在。如此有创造力和才华
12553,UgxbJrFuwaP2tO5kmLJ4AaABAg,1,2 years ago,"someone please tell her, i love her so much.... you're my new inspiration sis. you're so precious talented.",有人请告诉她，我非常爱她。...您是我的新灵感。你是如此珍贵。
30498,UgwdoTcwi3-XRsZg1V94AaABAg,1,3 years ago,"such a hardworking, talented, energetic, beautiful, dog lover...mum i have found your future daughter in law...๐๐",如此勤奋，才华横溢，充满活力，美丽，狗爱好者...妈妈，我找到了您未来的女儿...
14144,Ugy2ofgxSzM1iBf-fAR4AaABAg,1,2 years ago,u r v talented. a girl must have the guts like you,U R V才华横溢。一个女孩必须有像你这样的胆量
20843,UgyUA__CNsF7NEvf89p4AaABAg,1,3 years ago,it will be talented like that in china.,在中国，它将很有才华。
50861,Ugy8ps3yYM_3K2NI7_V4AaABAg,1,4 years ago,i am always soo hungry after watchng your video. you really talented. my respect from indonesia,观看您的视频后，我总是很饿。你真的很有才华。我对印度尼西亚的尊重
50349,UgxuKKEj7soYi8AbCnt4AaABAg,1,4 years ago,"this is amazing, talented, and so on the present！",这是惊人的，才华横溢的，等等
14846,UgxsQC0dUh-8H6c5-iR4AaABAg,1,2 years ago,"beautiful, talented and hard working lady",美丽，才华横溢且努力工作的女士
25944,Ugw93U0P1lvpwS5HmYp4AaABAg,1,3 years ago,wow ๐ฎi have to say sheโ€s so perfect talented girl. i love how she prepares her food looks so delicious yummy ๐ if i had a wish i would like that kind of simple life and be living in that time of era were no interference from the outside world. thank you for sharing your life with us che che ๐โ๏ธ๐,哇，我不得不说她是如此完美的才华横溢的女孩。我喜欢她准备食物的样子看起来如此美味的美味
25339,UgwFCC_5McPd1SQh-_d4AaABAg,1,3 years ago,i love the videos of liziqi. she is very cute and adorable and so talented. she does anything.๐๐๐,我喜欢Liziqi的视频。她非常可爱，可爱，很有才华。她做了任何事情
17123,UgxSdgj23uu2hlLcsoF4AaABAg,1,3 years ago,very active and talented chinese girl,非常活跃和才华横溢的中国女孩
19904,UgxKWo9y-gDSqQnDPct4AaABAg,1,3 years ago,she is so talented she doesn't miss a step. i wish i could meet her or come to where she lives.,她是如此有才华，她不会错过一步。我希望我能见到她或来她的住所。
18408,UgyE2_iqMFw_-BfpoBN4AaABAg,1,3 years ago,"at the beginning of the picture, two puppies around the little girl were accompanied by the lambs, and tightly guarded them. i also wished the son -in -law such a filial and talented girl.",画面一开始，小姑娘身边就有两只小狗狗跟小羊相伴，紧紧的守护，也祝福子柒这么孝顺有才华的女孩能遇到有缘人相伴
20404,UgzLryGhVnC5-IOg1GV4AaABAg,1,3 years ago,she is soooo talented. hit the like button if u agree,她很有才华。如果您同意，点击按钮
23283,UgzGuUcmX_5jYe1jO_B4AaABAg,1,3 years ago,she is veryyyyy talented๐๐๐,她很有才华
21270,UgwDi1myNVrqah7f8tp4AaABAg,1,3 years ago (edited),a video โ€the story behind her sucessโ€ is with fair comments about this talented girl li ziqi. https://youtu.be/xxp1-u0psio,视频“她成功背后的故事”对这个才华横溢的女孩李齐（Li Ziqi）进行了公正的评论。 https://youtu.be/xxp1-u0psio
41423,Ugx2VqWzrNCAWP7728J4AaABAg,0,4 years ago,"i want to be this type of a woman. so elegant, so talented....she's like a dream",我想成为这个女人。如此优雅，如此才华...她就像一个梦
51033,Ugyqm3WeQGNOvFdOAPV4AaABAg,0,4 years ago,she is so pretty and talented i wish i could meet her,她是如此漂亮和才华，我希望我能见到她
42172,UgyzGXyjM4jYI6-iKd14AaABAg,0,4 years ago,"it just so good watching you doing all of those things 
you are very talented","看到你做所有这些事情真是太好了
你很有才华"
42049,UgxP_8XP96IT_Pf5eZN4AaABAg,0,4 years ago,"a talented beautiful young girl cooking& preparing marvellous things, they look so tasty",一个有才华的美丽的年轻女孩烹饪和准备奇妙的事情，它们看起来很美味。看着这件事时，我感到很放松，我希望我是隔壁的邻居，以便我可以品尝到他们的很多爱。
42068,Ugz40MRHWedAzKUaRxF4AaABAg,0,4 years ago,"that's so pure, god she's so dedicated and talented, and the food looks so yummy, thanks youtube for make me hungry.. i want those candy t-t",那太纯洁了，上帝是如此敬业和才华
42532,Ugw-FTTFfy6fn3Rocdx4AaABAg,0,4 years ago,you are the most caring person that i have ever subscribe to! your very caring talented and i love your channel!,您是我曾经订阅过的最有爱心的人！您非常关心的才华，我爱您的频道！
42608,UgzzFHUbs576LzNge8l4AaABAg,0,4 years ago,"i deeply admire the girl, she is amazingly talented and charming. special thanks to her production team for such a relaxing video, i enjoy it much! please keep going and salem from kazakhstan!!",我深深地佩服了那个女孩，她才华横溢且迷人。特别感谢她的制作团队如此轻松的视频，我非常喜欢！请继续前进，来自哈萨克斯坦的塞勒姆！
42712,UgxKHNXwuYc_U2X0EzB4AaABAg,0,4 years ago,your v talented,您的V才华横溢
51029,UgxsD3UO6Ndki9dML0B4AaABAg,0,4 years ago,"u r very talented and independent girl.
keep it up","非常有才华和独立的女孩。
继续努力吧"
41240,UgxUrqYu_-gWzhnrQcF4AaABAg,0,4 years ago,awesome ur multitalented girl,真棒你的多元女孩
4054,Ugxdp-glcPwDGZSk76B4AaABAg,0,1 year ago,you are soo talented,你很有才华
40404,UgygyBx3m0xrClug1kx4AaABAg,0,4 years ago,poetry for the palate !!!!! i admire this working and very talented woman!,诗的诗！我欣赏这个工作和很有才华的女人！
40370,UgzK6gvyAsoaz5jfXI14AaABAg,0,4 years ago,she is talented. l love her ❤,她很有才华。我爱她❤
39657,UgzGyauIBR9UQCEKX214AaABAg,0,4 years ago,lady you nailed it i have no words for your tremendous job i have never ever seen such a talented lady like you,女士你钉了它
39683,UgwglsLfH7sCwBayyuN4AaABAg,0,4 years ago,so talented,如此有才华
39757,UgwRqFDbkc5cA_F8Mn54AaABAg,0,4 years ago,"i never see such a talented women..she is really hardworking...ma sha allah
i would like to live with her.her place she and her grandma gives me so much peace ....๐๐๐๐","我从来没有见过这样的才华横溢的女人..她真的很努力...马沙阿拉
我想和她住在一起。"
52086,UgxB74URUyKr2iZidxF4AaABAg,0,4 years ago,ur vedios are something out of this world.. ur village is beautiful... and u are such a talented person.. want to watch more and more vedios from u... love from india,ur vedios是这个世界之外的东西.. ur村很美……你是一个才华横溢的人。
39884,UgxRdpmmepml_02giqh4AaABAg,0,4 years ago,you are too talented!,你太有才华了！
40049,Ugy2CWudinIqe8MJtqd4AaABAg,0,4 years ago,talented young.,才华横溢的年轻人。
51927,UgwV1nZ_Cl9Eixz-vMx4AaABAg,0,4 years ago,a very talented chef i like the way u cook so amazing ❤️,我很有才华的厨师，我喜欢你烹饪如此令人惊奇的方式❤️
4468,Ugy2DlKnE2JUPkrDKMN4AaABAg,0,1 year ago,"i adore her..she's so talented and adorable grand daughter
she makes delicious delicacy of her own version..keep it up","我崇拜她..她是如此有才华和可爱的大女儿
她为自己的版本提供美味的美味。"
51667,UgyiEE51zT3l9jlvifN4AaABAg,0,4 years ago,you are very talented❤,你很有才华❤
51632,UgyHK1EO3WP_fceuDPp4AaABAg,0,4 years ago,you are insanely talented. and i'm insanely in love with you,你很有才华。我疯狂地爱上了你
40192,UgzsHhJWV9r2ZOR48yV4AaABAg,0,4 years ago,i admire you a lot. you are an extremely talented woman. i love watching your videos. your country is very blessed there are many fruits. and they have large crops.,我非常佩服你。你是一个非常有才华的女人。我喜欢看你的视频。您的国家非常幸运，有很多水果。他们有大农作物。
51410,Ugwatuvj486cixakqap4AaABAg,0,4 years ago,i like this woman who is talented.,我喜欢这个才华横溢的女人。
51197,UgylcJxx8nWF89Xw6lZ4AaABAg,0,4 years ago,"she's an actress too, right? are there any movies she had done where we can see more of her? she seems very talented.",她也是女演员，对吗？她有什么电影，我们可以看到她更多的电影吗？她似乎很有才华。
40223,UgwxG1pCbAixkIOU1ax4AaABAg,0,4 years ago,she's so talented,她是如此有才华
51037,UgyTyXKc9qB6fOXpOh54AaABAg,0,4 years ago,multi tasking multi talented sweet lady.love the nature binding lifestyle . great preparation . regards from france,多任务多个才华横溢的甜蜜女士。精彩的准备。来自法国的问候
51012,Ugwm-u2cMxUDkXNKyZV4AaABAg,0,4 years ago,talented angel,才华横溢的天使
43262,UgyKTEtT8d2SnY3L-pp4AaABAg,0,4 years ago,wow you’re making me hungry in the middle of the night. girl you’re certainly good at cooking... very talented.,哇，你在半夜让我饿了。女孩，您当然擅长做饭...很有才华。
43116,UgxY_3fQLGfn4CBPr014AaABAg,0,4 years ago,"i love you, congratulations, my friend, you are a beautiful woman, and you are also talented. i like your videos, from peru, american greetings.",我爱你，恭喜你，我的朋友，你是一个美丽的女人，你也很有才华，我喜欢你的视频，来自秘鲁，美国的问候。
39564,Ugw2gtZMWaOr8P2oGTl4AaABAg,0,4 years ago,you are really talented. you have a so cute pets ๐โค๏ธ you are awesome,你真的很有才华。你有一个如此可爱的宠物
45756,Ugw99ATdOTpfSLjz_BB4AaABAg.8r0DpRagQy88r2qjpS-XVj,0,4 years ago,"@razerblade9508 oh give it a rest. there have been precedents to this. china won't be exactly surprising the world by posting propoganda videos, just go on google and watch them for yourselves. 
my query was just that, a query. not an accusation. to which you vociferously agreed btw. talk about hypocrisy. it will be very pleasant to me if these turn out to be just videos by a woman who is talented. but looking at the quality of the videos, i know there's a crew working for her. i don't know whether it's propoganda or not. but i hope it isn't. so think before you type.","@razerblade9508哦，休息一下。有先例。通过发布宣传视频，只需使用Google并亲自观看它们，中国就不会使世界完全奇怪。
我的查询就是一个查询。不是指控。您对此表示赞同。谈论虚伪。如果这些事实只是一个才华横溢的女人的视频，那对我来说会非常愉快。但是看着视频的质量，我知道有一个船员为她工作。我不知道是否是宣传。但是我希望不是。因此，在输入之前先三思。"
49045,UgzvKC47I1znBX8IybV4AaABAg,0,4 years ago,"what a talented, strong, determined girl. i am suspecting that it is marketing these wonderful foods. i saw a video from a boy receiving a box of treats (like the ones she prepared) and there were some photos of li zi qi. does anyone know something about it?",多么有才华，坚强，坚定的女孩。我怀疑它正在销售这些精美的食物。我看了一个男孩收到一盒零食的视频（就像她准备的零食一样），还有一些李齐的照片。有人知道吗？
49006,UgxFxiF3A6WdYtVjqth4AaABAg,0,4 years ago,"happy new year li ziqi & to ur grandmother &happiness ❤❤❤❤❤ ur are 1 in a million unique talented kindhearted young lady 
thank u very much for sharing all your beautiful awesome videos .... iam learning alot from your talent & creative healthy cooking & handicraft & ur grandmother","新年快乐李Ziqi＆tor ur祖母
非常感谢您分享您所有美丽的令人敬畏的视频。...我从您的才华和创意健康烹饪和手工艺品中学习了很多❤"
46050,Ugz2QsRcQmNINOWJXrB4AaABAg,0,4 years ago,hi li ziqi i am very fan of your videos. you are a talented woman. full of gifts and an inspiration to all. please continue to upload more videos. i'm from the philippines.,嗨，李Ziqi，我非常喜欢您的视频。你是一个才华横溢的女人。充满礼物和所有人的灵感。请继续上传更多视频。我来自菲律宾。
46198,Ugw0v8v1XlkQzl7Ufct4AaABAg,0,4 years ago,i like your all videos hii i am from india my name is sangita and you are so talented and cute,我喜欢你所有的视频hii我来自印度，我的名字叫sangita，你很有才华和可爱
48948,UgzGFI_CJSDDPuiJ2cJ4AaABAg,0,4 years ago,she is very talented girl really,她是非常有才华的女孩
46394,UgwujM7QdjRr_EzcFQJ4AaABAg,0,4 years ago,"wow ... what a more talented, hardworking, ingenious and how rich all of you look ... it does not lose any fruit !!! everything takes advantage of nature ... i am admired !!!",哇...多么才华横溢，勤奋，巧妙，你们所有人都多么富有……它不会失去任何水果！！！一切都利用自然...我很钦佩！！！
46609,UgwaNfLt_5OS9oDv8It4AaABAg,0,4 years ago,"in modern society, this one is called a talented woman!",在现代社会中，这位，才称的上是才女!
46630,UgzFmXCyABaURtiYWh14AaABAg,0,4 years ago,"you made all these for celebrate chinesse new year.... pls give me some 
it's make me arrrgghhhhh ""i want to taste some ... especially for the candy nougat (idk exactly, the one which used marshmallow)"" 
you're so talented. i envy to you. 
and i love your videos. good luck. and btw how was u'r grandma age? her age look like as my grandma too.","您为庆祝Chinesse新年而做了所有这些。...请给我一些
这让我让我arrrgghhhhh“我想品尝一些……尤其是对于糖果牛轧糖（确切地说，是使用棉花糖的糖果）”
你是如此有才华。我羡慕你。 
我喜欢你的视频。祝你好运。顺便说一句，你的奶奶年龄如何？她的年龄也像我奶奶一样。"
2949,UgyfoTXysMYacEJ8CWF4AaABAg,0,1 year ago,"ly tu that: the girl from poor and unhappy, introducing rural life and traditional chinese food to the world.

and what else? why do you have 16 million sub.

very talented, overcome difficulties, commendable, wonderful!","ly tu：来自贫穷和不开心的女孩，向世界介绍了农村生活和传统的中国菜。

还有什么？为什么您有1600万个子。

非常有才华，克服困难，值得称赞，很棒！"
47207,UgxTFMmuzxGmrpRsEPF4AaABAg,0,4 years ago,young girl like that is so extremely talented in her traditional skills of these beautiful recipes.. so hard working .. hope her hard work will pay off financially.,这样的年轻女孩在这些美丽的食谱的传统技能中非常有才华。
47559,Ugynu78WxSKpOwTzEOh4AaABAg,0,4 years ago,my idol! a perfect talented girl,我的偶像！一个完美的才华横溢的女孩
47906,Ugy93NHvzwbR3G3u2Qt4AaABAg,0,4 years ago,how cleanly you're doing things... it's really awesome to see you... multitalented girl... god bless you... with love from india...,你在做事多干净...见到你真是太棒了...多元化的女孩...上帝保佑你...来自印度的爱...
48603,UgzwEy74mkCuKgIMKJl4AaABAg,0,4 years ago,you are really the most talented and beautiful girl who i have seen i wish you the best of the years i know very happy and healthy and love you,您确实是我见过的最有才华和美丽的女孩
48047,UgzQ325YIQIV0Pkic1h4AaABAg,0,4 years ago,i haven't seen a talented person as b. you are great <3,我还没有看到一个才华横溢的人。你很棒<3
2304,UgxdO48J3szYnLe-Vyp4AaABAg,0,1 year ago,you are a talented girl,你真是个有才华的女孩
45544,UgxAB0TWo6y3r396QYR4AaABAg,0,4 years ago,so talented!,如此有才华！
50473,Ugyn-2vuuoKLJCFz9-94AaABAg,0,4 years ago,super women is back! i am sniping my coffee and get ready to work. perfect timing to watch this beautiful talented lady,超级女人回来了！我正在抢咖啡，准备工作。看这位美丽的才华横溢的女士的完美时机
45438,Ugzv09gJ7_C43e3tRRV4AaABAg,0,4 years ago,"this younger sister is so talented that people will make sauce dishes without tightness, and they can make woodworking bamboo wares that are amazed by men in both hands.
this time, i made a snack again, which made people look too much ... great, xiaoqi","这位小柒妹妹实在太有才了，人长得美不打紧还会亲手做许酱料佳肴，双手还能做出连男人都惊叹的木工竹器，太佩服了。
这回，又做了年味点心，让人看了太喜爱...太棒了，小柒"
48113,UgyGjVCG2Ac1o_DwfqJ4AaABAg,0,4 years ago,she is so talented for making foods,她为制作食物而有才华
43285,Ugzz0AUc8JyWfW-uDf14AaABAg,0,4 years ago,my gosh!!!you are soo freaking talented,我的天哪！
43597,UgyvFpLXnCh-iPU99Od4AaABAg,0,4 years ago,"pretty, work hard, talented chef. beautiful combination!!",漂亮，努力工作，才华横溢。美丽的组合！
43775,Ugz-aRIpXQHjdTAu9614AaABAg,0,4 years ago,she is so talented luv from kashmir,她是克什米尔的才华横溢的
43956,UgzLRpTcA-5vbOQ-3Cp4AaABAg,0,4 years ago,"she is so pretty and talented, that’s a wife material",她是如此漂亮和有才华，那是妻子的材料
50050,UgwskEGidU9luvrNW3d4AaABAg,0,4 years ago,very talented young lady! it is wonderful how she cares and respects grandmother!,非常有才华的小姐！她如何关心和尊重祖母真是太好了！
43973,Ugx5P3eskyui4jqcmcF4AaABAg,0,4 years ago,li tu will your work super werry talented good,Li Tu将您的工作超级熟练的才华横溢
44023,Ugy1FK9C2x67q8H1t3J4AaABAg,0,4 years ago,o my god she us do talented and pure stay blessed dear,我的上帝，她我们是有才华的，纯洁的住宿亲爱的亲爱的
2123,UgwuzSzoH9zRXLyidvZ4AaABAg,0,1 year ago,talented women ☺️,才华横溢的女人☺️
44261,UgzvceUjAdTV0N0Tes54AaABAg,0,4 years ago,"insanely talented,a perfectionist, cleanliness is in her blood ,doesn't waste any thing ,everything she makes is so admirable.she stole the heart of millions and will so on...she will be a very kind hearted down to earth person ,so visible.the guy she marry will be happy (life changer)",疯狂才华横溢，一个完美主义者，清洁，没有浪费任何东西，她所做的一切都令人钦佩。 ，如此可见。她嫁给的那个家伙会很高兴（改变生活）
44582,UgysUZiAGs6FK2KpyLZ4AaABAg,0,4 years ago,"i am indian, i don't understand but whatever you do looks very good, you're so talented girl, i love❤ watching your videos, it makes the senses relax",我是印度人，我不明白，但是你所做的一切看起来都很好，你是如此有才华的女孩，我喜欢看你的视频，这使感官放松了
44602,Ugw7myRNWoaPl5me5fl4AaABAg,0,4 years ago,"she is beautiful, she cooks beautifully, she is talented!! loved this video.",她很漂亮，她做得很好，她才华横溢！！喜欢这个视频。
44824,UgwuoWrNCf4c2Rqykkp4AaABAg,0,4 years ago,"masha allah...shez talented with no limits...
wish to meet u once","马沙·阿拉
希望见到你一次"
49684,UgyuBqSlT6IATMucX6l4AaABAg,0,4 years ago,oh my gosh i just love her. she so talented,哦，天哪，我只是爱她。她是如此有才华
49470,Ugx7qmBxZ-JmD60d_xB4AaABAg,0,4 years ago,very talented woman,非常有才华的女人
39639,UgwXSExzol6eS6Vasp94AaABAg,0,4 years ago,so talented ๐๐,如此有才华
16660,UgxCabZErCzYKTyT_5J4AaABAg,0,3 years ago,"1 multi -technological multi -talented girl
wish you always happy and happy","1个多技术多重女孩
希望你永远快乐"
39413,Ugw_IuU93dpxwOekCMZ4AaABAg,0,4 years ago,beautiful and talented chinese girl....,美丽而才华横溢的中国女孩。
24687,UgxKPo-dNTVnNId9F014AaABAg,0,3 years ago,she is both beautiful and talented,她既美丽又有才华
24970,UgwlOCUFhQLnh5g4V8h4AaABAg,0,3 years ago,"she is very beautiful and talented.
love sister!","她非常美丽和有才华。
爱姐姐！"
25215,UgyzLFlGqqwRmWcrzi94AaABAg,0,3 years ago,it was very talented i loved it,我很有才华
26028,UgxX2zGf9aOvY-Y1IY94AaABAg,0,3 years ago,"who is this super girl? so pretty, so talented, surrounded by the bounty of nature, self-sufficient and strong girl creating exquisite dishes and stuff all by herself without much effort.",这个超级女孩是谁？如此漂亮，如此才华，周围是自然的赏金，自给自足的女孩，她自己创造精美的菜肴和东西，而无需付出太大的努力。
13931,UgzdeSf5ukc1rJB3iux4AaABAg,0,2 years ago,whoever has a talented daughter,谁有才华横溢的女儿
13479,Ugy9q6e7WNOz_FdjZsN4AaABAg,0,2 years ago,she is very talented.,她很有才华。
27006,UgwNAf7-LVAYC7HgRJZ4AaABAg,0,3 years ago,she is so talented to admire.,她很有才华。
27555,UgzUUJ34N5Rwr926mm94AaABAg,0,3 years ago,"it is a very talented, happy woman and a man who marries you.",是一个非常有才华，快乐的女人和嫁给你的男人。
27575,UgzrdQAr7Sycw4y-zVJ4AaABAg,0,3 years ago,"very respectable, a girl is too talented..โค๏ธ๐’๐’",非常受人尊敬，一个女孩太有才华了。
28094,UgzijUf9gElv6KyDSuF4AaABAg,0,3 years ago,"i am amazed by her skills, but the setting is too good to be true.. everything around her looks like its set up in perfect order a bit too perfect. every door and window, even how hand made stuff has a cinematic feel to it..good job by tourism development and culture promotion department of china.. we may not believe but all this rich and vibrant culture was considered old and was burnt away by communists.. hope people there are happier now in modern times..love the theme..and girl is really talented.. good camera work..",我对她的技能感到惊讶，但是设置太好了，无法实现。.她周围的一切看起来都完美地设置了一些完美的设置。每个门和窗户，即使是手工制作的东西也有电影的感觉。.通过中国旅游业发展和文化促进部的好工作。我们可能不相信，但是所有这些富裕而充满活力共产主义者..希望人们现在在现代更快乐。
28188,Ugz9_uuEZ06Dp12Tapd4AaABAg,0,3 years ago,good at multi -talented and beautiful,擅长多重且美丽
28500,UgzMIknebDYMxXIQhcF4AaABAg,0,3 years ago,sis your quite talented,sis你很有才华
11418,UgwUASirISwaXN4Ie1F4AaABAg,0,2 years ago,your my role model ๐๐’–who are all liked her comment multi talented female love you sister,您的我的榜样
28714,UgxVEiIki4DVegm3-yt4AaABAg,0,3 years ago,li zizhen's woman is too beautiful and too talented. your video will be stolen. it is not just you and my message are stolen. you are too talented.,李子柒 女人长太漂亮了而且太有才了你的视频才会被盗用 不只是你我的留言也被盗用了 你太有才了
29413,Ugxw6PtEfCgCzr-xLTp4AaABAg,0,3 years ago,this woman is so hardworking and talented like-,这个女人是如此勤奋和才华横溢 -
29658,UgxYT3tKv1oBYOBw4Tp4AaABAg,0,3 years ago,"the are around her house and her home must be huge. i doubt she manages everything herself, it's too large an area. so beautifully kept. this part of china has very rich soil. she is so talented and works so hard but still gives off an aura of calm and beauty. she honours the traditions of her country but is also modern as she has internet and other commodities.",在她的房子周围，她的家一定很大。我怀疑她自己管理着一切，这太大了。如此美丽。中国的这一部分拥有非常丰富的土壤。她是如此有才华，努力工作，但仍然散发出一个平静和美丽的光环。她尊重自己国家的传统，但也是现代的，因为她拥有互联网和其他商品。
29992,UgyREHC3pVfQ-cYsBtt4AaABAg,0,3 years ago,you are so talented and very nice girl,你是如此才华横溢，非常好
30186,UgxA1m8DreQJZpdZpJ94AaABAg,0,3 years ago,so adorable...multi talented lady..,如此可爱...多才华的女士..
24896,UgwHxEQZJ1TMbrrekPZ4AaABAg.905qohjHkaM90iCux57oHo,0,3 years ago,"@fiolalynn1142 yes agree ! it is a show ! she cannot do all this work by herself ! she has everything at hand ... every fruits, vegetables ... too talented too much !!! still nice videos that make us dream... just dream lol",@fiolalynn1142是同意！这是一个节目！她不能独自完成所有这些工作！她手头上有一切...每个水果，蔬菜...太有才华了！！！仍然是让我们做梦的好视频...只是做梦大声笑
24583,UgyDXPJA0ja6tO14s4h4AaABAg,0,3 years ago,"beautiful. absolutely beautiful.
smart and talented.","美丽的。简直美极了。
聪明而有才华。"
30784,Ugwp66aP5np54DP7NoR4AaABAg,0,3 years ago,"talented ๐

love lots from philippines.","才华横溢

爱菲律宾很多。"
14331,UgyiVfQ_1Ap3SamTDA14AaABAg,0,2 years ago,"i am very talented, a from vietnam",我很有才华
16777,UgwbSFgs7HO0ZoPbfX94AaABAg,0,3 years ago,wow! everything you made looks so delicious you are so talented,哇！你做的一切看起来都很美味，你是如此有才华
15508,Ugxk2LAm3th7llmen1F4AaABAg.99WYoclmxVE99WtIzerT9d,0,3 years ago,"awesome, she seems can do anything by her self , from cooking, gardening, farming, raising animal, makes handcraft, even editing video can be done by her self too. such a talented woman",太棒了，她似乎可以自己做任何事情，从烹饪，园艺，耕种，养育动物，制作手工艺，甚至编辑视频也可以由自己完成。如此才华横溢的女人
17250,UgxS_Mu_YXc9h2Dfve14AaABAg,0,3 years ago,what a talented woman. the mother -in -law's hat is too stunned.,真是个才女。婆婆的帽子太可
17353,UgyogMEwWhA9F4ERplh4AaABAg,0,3 years ago,i truly admire you so much...you're such a talented person.,我真的很佩服你……你真是个才华横溢的人。
17532,UgyV6nObpwglbDkKPb94AaABAg,0,3 years ago,she is so talented!!,她是如此有才华！！
17574,UgzJdrnPGyFMdiCkcQ14AaABAg,0,3 years ago,both beautiful and talented,美丽又有才华
17789,UgzPFmulppSnc7m1xBp4AaABAg,0,3 years ago,how can she manage to do all these on her own... shes such a strong and talented women,她如何能够自己做所有这些……她是如此坚强而有才华的女性
18344,UgyDUr1aLaG7Dnm3Gmx4AaABAg,0,3 years ago,"beautiful. love every thing. i love with the sharp color and texture of the video. you are very talented and creative. 

would really appreciate if you would consider adding some english subtitles. thank you.","美丽的。爱每件事。我喜欢视频的鲜艳色彩和质感。您非常有才华和富有创造力。

如果您考虑添加一些英文字幕，真的很感激。谢谢。"
19671,Ugy9wQuJBwYZ9oDdVPB4AaABAg,0,3 years ago,"really talented, so delicious, can you taste it?",真有才，好美味似的，可以尝一口吗?
21873,UgxYAUVfQ9YfNpAnQNx4AaABAg,0,3 years ago,hi! i am uttam mondal. i am from india. i want to make friendship with you. you are really talented women that i can see in your video so i like you โค,你好！我是Uttam Mondal。我来自印度。我想和你建立友谊。您是我在视频中可以看到的真正才华横溢的女性，所以我喜欢您❤
21892,UgxGQ9vWbRNqD4d6pSt4AaABAg,0,3 years ago,"you guys do realise all those videos has a big production team behind? as fiction as any other movies stories. this is not of denying that she is a talented girl or any skills shown arenโ€t real, if you believe china rural life is like this or could be, cinderella is more real.",你们确实意识到所有这些视频都有大型制作团队？就像其他任何电影故事一样小说。这并不是否认她是一个才华横溢的女孩，或者表现出的任何技能不是真实的，如果您认为中国农村生活就是这样或可能是真实的，那么灰姑娘是更真实的。
22218,UgzP_GK3hgsApZUDBhR4AaABAg,0,3 years ago,wow u are so knowledgeable and talented i'm impressed with how hard you work and what many things you can make it's so fun to watch you i am enjoying this thank you annie from montana,哇，你是如此的知识渊博和才华
22302,UgzOXx9Fp2o8ebsmZ4l4AaABAg,0,3 years ago (edited),"you are so talented, these videos makes me feel happy :)",您是如此有才华，这些视频让我感到高兴:)
22339,UgwhJSpwyVaG7QPVBvl4AaABAg.92yEi9LtL7R936iTdq_em7,0,3 years ago,she's far more talented than all of twice put together.,她的才华要比所有两次组合得多。
22340,UgwhJSpwyVaG7QPVBvl4AaABAg.92yEi9LtL7R936jBKb1vTK,0,3 years ago,@mayajones3411 how dare you say that? they are all talented in different ways,@mayajones3411你怎么说？他们都以不同的方式才华横溢
14676,Ugw7IPniQU2c1E00f7l4AaABAg,0,2 years ago,very talented lady amazing,非常有才华的女士惊人
22732,Ugyl18UMkfWyDdNKcsV4AaABAg,0,3 years ago,"many things in it ไปฌ mention that you have never seen foreigners, even we rarely see ourselves! li ziyi is terrible, and she is a rare and talented woman who is beautiful and can hold her family. it is really ""shi ji as a jinwu, marry a wife as a li ziyi""!",里面的很多东西甭提你们外国人没见过，就连我们自己都很少见到！李子柒不得了啊，又漂亮又能持家是不可多得的旺夫才女。真是“仕宦当作执金吾，娶妻当得李子柒”呀！
30635,UgxyaVJPSwpmfq5pmA54AaABAg,0,3 years ago,she is really a talented girl...,她真的是一个才华横溢的女孩...
11252,UgzdsEXLYGmaDPgvXdJ4AaABAg,0,2 years ago,can't understand how these videos get dislikes.. love all of them! she's naturally talented!,无法理解这些视频是如何不喜欢的..爱所有视频！她很有才华！
39362,UgzCzpPU9UGS3gAo8GJ4AaABAg,0,4 years ago,she is a multi talented as well as beautiful woman.,她既有才华横溢又是美丽的女人。
35616,UgweHSASkhsbdbbec8h4AaABAg,0,4 years ago,she is a very hard working talented young lady. love her videos.,她是一位非常努力的才华横溢的小姐。爱她的视频。
36016,Ugx_aT_DZAsxU-NBqAN4AaABAg,0,4 years ago,she is verry talented โคโค,她是有才华的❤❤
36338,UgxsO9yb299ChwtqzB94AaABAg,0,4 years ago,"seeing your video today, i find that you are really a talented girl, and you should be from sichuan.",今天看到你视频，发觉你真的是个才女，听你说话应该是四川的。
36371,UgxRkN6tb0hRLZxqPNV4AaABAg,0,4 years ago,very creative and talented...and pretty too,非常有创造力和才华...而且也很漂亮
36387,UgwGnTVo8K0_Qci011t4AaABAg,0,4 years ago,"it is impressive what she does! in addition to bella, it is incredibly talented, i almost get the tears with these videos. incredible",她的工作真是令人印象深刻！除了贝拉（Bella）外，它的才华也非常有才华，我几乎用这些视频哭了。极好的
8342,Ugz8OA0o0Cy-pFeFZpd4AaABAg,0,2 years ago,i'm so talented. ^^,我很有才华。^^
15809,UgytZ9mCDasChR2kIJp4AaABAg.99DUgaM0Tri99Q88kk2Vs2,0,3 years ago,"@bhy4694 i watch dianxi xiaoge; more realistic, asks for help and feeds siblings, more people than lziqi, just more realistic. liziqi's the old antiquated male chauvinist's dream; quiet, work hard, beautiful, talented, don't ever ask for help just keep serving....sounds like the chinese communist propaganda....i'm still skeptical that she cooks all that for her skinny self and her skinny grandma. they should be gaining weight. seriously, still looks so much like an act.",@bhy4694我看dianxi xiaoge;更现实，寻求帮助并养活兄弟姐妹，比Lziqi更多的人，更现实。利兹奇的古老的陈旧男性沙文主义者的梦想；安静，努力工作，美丽，才华奶奶。他们应该增加体重。认真地说，看起来仍然像是一种行为。
36844,UgziskxJQaQtXJrLzG14AaABAg,0,4 years ago,such a talented girl,如此才华横溢的女孩
37005,UgzQNR1hggZ085_sU-94AaABAg,0,4 years ago (edited),"you are very talented but in the end there has been used so much plastic, that it hurt my soul or whatever. i really admire you and your work though!",您非常有才华，但最终使用了太多的塑料，以至于伤害了我的灵魂或其他任何东西。我真的很佩服您和您的工作！
37083,UgyEGa7S8OEs6vHDGF14AaABAg.8uKAG1ThWGP92_wdaxyV7Y,0,3 years ago,she's talented girl!,她是才华横溢的女孩！
37412,Ugy2pbtHoIH2JTJvsit4AaABAg,0,4 years ago,"renjith kerala,u r very talented charming beauty,hardworking mind,good luck& keep going.....",Renjith Kerala，非常有才华的迷人美女，勤奋的头脑，祝您好运和继续前进.....
37701,UgwoF_3ooncR6C_cWqJ4AaABAg,0,4 years ago,creative and talented..proud of you!,创造性和才华。
5592,UgwrHn3_8c4Oj2rXPmd4AaABAg,0,2 years ago,cute and talented,可爱而有才华
37995,UgwVuW23bBBktjofBzh4AaABAg,0,4 years ago,the talented sister is also beautiful ๐๐๐,才华横溢的姐姐也很漂亮
38100,UgwbSaDDgxO-4wSc78F4AaABAg,0,4 years ago,"so pretty and talented.
love this woman๐๐๐","如此漂亮和有才华。
爱这个女人"
38326,UgzZm7-chN-czyPrVE14AaABAg,0,4 years ago,"you know so many things that i havenโ€t heard and heard.
your hardwork have made you into multi talented","您知道很多我没听到和听到的事情。
您的努力使您成为了多才华"
4486,Ugwz5m5IuQNV1IqtCf14AaABAg,0,1 year ago,"the most favorite of this ly tu that, after watching this reason, she likes to skillfully talented so much that they can do it",李李（Li）最喜欢的是，李李（Li Li）喜欢巧妙的才华，但也可以做到这一点
39359,UgyoAybGdMGS1fXGH5p4AaABAg.8ss4jJHp9am8swF-PZ-KXr,0,4 years ago,@mariannaachmad1340 thanks for the info. she is a talented woman. the landscape is great. fine camera work,@Mariannaachmad1340感谢您提供的信息。她是一个才华横溢的女人。风景很棒。精细的相机工作
35657,UgwRC4ADJQaSLbJMNVl4AaABAg,0,4 years ago,"the girl is very talented, i bet there is nothing she canโ€t do. but the vids are a little bit unrealistic . no one lives like that at a farm. everything is too clean, too tidy. besides there is no actual need to use fire every time you cook. wood-fired oven is better than electric one in many cases, but for frying and boiling you need to be super-expert to use open fire. thus for me it just seems like intentionally making your life harder while not adding any extra-value to the final result. and she never uses neither water lines nor washing machine in the video. this is just absurd: you just can not keep the house as clean without water lines. and animals are so tidy, i bet they are washed and brushed everyday. the vids are very good just as fairytales, but those comments saying about the ยซ real life ยป the girl lives are just killing me",这个女孩很有才华，我敢打赌，她无能为力。但是视频有点不现实。没有人像这样的农场生活。一切都太干净了，太整洁了。此外，每次您做饭时都无需使用火。在许多情况下，燃木烤箱比电动烤箱要好，但是要煎炸和煮沸，您需要超级专家才能使用开火。因此，对我来说，似乎有意使您的生活更加艰难，同时又不为最终结果添加任何额外价值。而且她从未在视频中使用水管也不使用洗衣机。这只是荒谬的：如果没有水管，您就无法保持房屋的干净。动物是如此整洁，我敢打赌它们每天都洗和刷。视频和童话一样很好，但是那些关于“现实生活”的评论是女孩的生活只是在杀死我
35453,UgzjYmuYrur-uwUBvcl4AaABAg,0,4 years ago,what a good content! in my country they should change soap operas for videos like this. what a working and talented girl.,多么好的内容！在我的国家，他们应该为这样的视频更改肥皂剧。真是个工作和才华横溢的女孩。
11214,UgwSgoGkH92RB_d6u9x4AaABAg,0,2 years ago,she is super talented she deserve more,她超级才华，她应该得到更多
35370,Ugxxx5Bb9PYQkSmPq_h4AaABAg,0,4 years ago,"no words , she's strong super supper talented girl .. god bless you always girl .โค๏ธ",没说，她是坚强的超级晚餐才华。上帝保佑你永远是女孩。
31286,Ugw9JM2JXwaSwaLP9ZN4AaABAg,0,3 years ago,very talented,很有天赋
31290,Ugzb1NRRaLARmrj2m-54AaABAg,0,3 years ago,she looks so much like mina from twice in certain angles. such a talented girl.,她看起来非常像Mina，从某些角度开始两次。如此有才华的女孩。
31716,Ugx_fpyn1qWx7rs1cQR4AaABAg,0,4 years ago,sheโ€s so smart and talented and clever and strong. how has she not been wifed up,她是如此聪明，才华横溢，聪明和坚强。她怎么没有被宣告
31966,UgzXiz6-VtqSapazJ4d4AaABAg,0,4 years ago,you are so talented. these videos give me such an escape from daily life,你是如此有才华。这些视频使我摆脱了日常生活
10627,UgwmdP7r6DLPrZ28pMt4AaABAg,0,2 years ago (edited),ccp puppet! she is beautiful and talented...the perfect person to be used by the ccp to brainwash people into believing that communism is good. wake up people. your being brainwashed. communist china isn't good and this does not show real life in china!,CCP木偶！她是美丽而有才华的……由CCP使用的完美人物，以洗脑人们认为共产主义是好的。唤醒人们。您被洗脑了。共产主义中国不好，这在​​中国没有表现出现实生活！
32069,Ugy2U0fgGZKTboGum_14AaABAg,0,4 years ago,iโ€m so speechless.shes so talented and calming and nice.i wish her the best and her grandma,我是如此无言以对。
10229,Ugw2pxGZPWzU6l7ALNJ4AaABAg,0,2 years ago,talented angels,才华横溢的天使
32326,Ugxc6y6_-820Wbjsm8N4AaABAg,0,4 years ago,so talented but uses too much plastic i thought she would make her own bamboo bags or something for the produce,如此有才华，但使用太多塑料，我以为她会自己制作自己的竹袋或产品
9101,UgzYtKXULXvMFF-Aok54AaABAg,0,2 years ago,"she is very talented, really its inspire video",她很有才华，确实是它的启发视频
32863,UgzKqu24fyR0o6X5a_B4AaABAg,0,4 years ago,dis vdo is lik feeding mi soul .mind heart ..out of the world its heaven in tru means ..wata purety simplicity ..im actually speechless wchng ol ds but still hvtu put in wrds somhow a bit wat im feeling wchng ds vdo ..ds grloh mi shez amzing bestiful lik doll n immensely talented hard working ..the place .house .pots .fruits recipez ..vegis .grndma .lucious farms .trees ..wt tu nme wat tu leav ..huhh..im lucky i found ds vdo ..living in mad big cities wth such impure .. polluted.sly pple .ratrace ..is lika living in hell..n mann dis plce . people .. like a dream for me,dis vdo喜欢喂食mi灵魂。 。我发现ds vdo ..在疯狂的大城市中生活如此不纯..污染了。人们..对我的梦想
8797,UgylMjK4aGUpRqJknat4AaABAg,0,2 years ago,what a beautiful cooking l seeing no boring and cooking tips very clinig she is very talented girl,多么美丽的烹饪l看不到无聊和烹饪技巧，非常有才华的女孩
33361,UgxSdEO4_AO8cHnmRPp4AaABAg,0,4 years ago,i wonder how she got the idea to start youtube when she lives in the boonies her life is amazing sheโ€s super talented and beautiful.,我想知道她如何想到YouTube在她生活在巨人中时，她的生活真是太好了，而且很漂亮。
34345,UgxDqFt6HP4JE714ZO14AaABAg,0,4 years ago,this girl is legit the most beautifully talented person iโ€ve ever seen.,这个女孩是我见过的最有才华的人。
34988,UgyAK_6vW3JDRaQlt7l4AaABAg,0,4 years ago,"both beautiful and talented. life looks like a dream, strangely peaceful.",既美丽又有才华。生活看起来像是一个梦，奇怪地和平。
35001,UgznvtPI11mPDgeZgPR4AaABAg,0,4 years ago,she is truly a very talented master chef ๐๐,她确实是一位非常有才华的大师厨师
35166,UgyoQ22FTE7CBFzC4qx4AaABAg.8ukF8x1n6m-94DTWbb5JFB,0,3 years ago,"@therewasnochill8997 if you look at her previous videos, she said she did have access to higher education, but she felt like she was controlled and decided to go back to the country and lived with her grandmother. i don't think she is missing anything in life, she has a lot, she is very successful and talented.",@thenwasnochill8997如果您看她以前的视频，她说她确实可以接受高等教育，但是她觉得自己受到了控制，决定回到该国并与祖母住在一起。我认为她没有缺少生活中的任何东西，她有很多东西，她非常成功和有才华。
35174,UgyoQ22FTE7CBFzC4qx4AaABAg.8ukF8x1n6m-95Mji3fj49x,0,3 years ago,this girl is grate i really zealous of her can one pearson so talented,这个女孩是勇敢的，我真的很热心她能有才华的皮尔森
650,UgwlZpQCULLw7svcfth4AaABAg,0,5 months ago,this video i seen 50tyms i love this video. she is so great n very talented brillient girl,这段视频我看过50tym，我喜欢这个视频。她是如此伟大的N非常有才华的女孩
