,cid,votes,time,含peaceful,含peaceful中文翻译
22430,Ugzk2hZzSJPMNCq5HPR4AaABAg,2100,3 years ago,"no matter how i need and love technology. this is the life i always dream. free from debt, free from worries, free from expectations, free from the eyes and standards of society. just living peacefully",无论我如何需要和热爱技术。这是我一直梦想的生活。没有债务，不用担心，没有期望，没有社会的眼睛和标准。只是和平地生活
7648,UgyVKKt9TRIJ6j1NP6J4AaABAg,532,2 years ago,"when i’m stressed or worried, i watch her videos and feel instantly better. they are so relaxing and peaceful",当我感到压力或担心时，我会观看她的视频，并立即感觉更好。他们是如此放松和和平
12038,UgzUQiRfalSMHAk6GbN4AaABAg,531,2 years ago,why are we going to war when there is so much to enjoy peacefully from mother nature?,当大自然母亲和平享受这么多享受时，我们为什么要战争？
5272,UgxuFbCwJtXFPl5dIp94AaABAg,496,1 year ago (edited),this just seems like a peaceful fantasy world.,这似乎是一个和平的幻想世界。
22893,Ugy4QKtD9cbzrOoUVFd4AaABAg,248,3 years ago,"i really like her pets, so natural, serene and peaceful.",我真的很喜欢她的宠物，如此自然，宁静与和平。
25345,UgwRz6BM4pGy6fstYnV4AaABAg,203,3 years ago,i wish i could flee away from the city to some place peaceful like this,我希望我可以从城市逃离这样的地方
16986,Ugz0Hf6YveLEIXEIP7R4AaABAg,175,3 years ago,"i just notice what this peaceful life to animals, even the dogs are so gentle and peaceful.",我只是注意到动物的这种和平生活，即使狗也是如此温柔和宁静。
41636,UgxP_Cj06aZmLa2bSqp4AaABAg,147,4 years ago,"even if this whole shit is fabricated, it's entertaining and peaceful to watch so who cares",即使整个狗屎都是捏造的，看着谁在乎，谁在乎
16363,Ugza1oioWbMGLjNHtRV4AaABAg,145,3 years ago,litterly who are the 24k people who dislike her videos??? why do that she's not doing anything bad to you just peaceful cooking videos,"谁是不喜欢她的视频的24,000人？？？为什么她只是对你做任何不好的事情只是和平的烹饪视频"
35010,UgyoQ22FTE7CBFzC4qx4AaABAg.8ukF8x1n6m-8v0Uis9_0dM,128,4 years ago,right we are just so simple and we make life so stressful when it can be more beautiful and peaceful...,是的，我们是如此简单，当生活变得更加美丽和和平时，我们会让生活如此压力。
52326,UgyXY00bdu8Z3KpM2ZN4AaABAg,114,4 years ago,"leave a name, i wish all the chinese pigs a happy year, their own blessings, healthy and peaceful!",留个名，祝所有华人猪年快乐，各有其福，健康平安！
16566,UgzlpPc-Ymml4G00nv94AaABAg,104,3 years ago,this entire video is just 10 minutes but i feel like i lived one eternity peacefully while watching it,整个视频只有10分钟，但我觉得我在观看时和平地生活了一个永恒
9712,UgyocxsR202i9r_0kvJ4AaABAg.9GukARbN8zo9H-bByCbp4x,90,2 years ago,"in my humble opinion maybe it's because by default we humans used to live like that way, to peacefully co exist with our surroundings. we're trapped in a society where we live for work and superficial power and success. maybe we just gotta accept that those things weren't really our nature but to rather live peacefully just like her would be much more fulfilling eh?",我的拙见，也许是因为默认情况下，我们人类曾经像这样生活，与周围环境保持和平。我们被困在一个生活，肤浅的力量和成功的社会中。也许我们只能接受那些事情并不是我们的本性，而是像她一样和平地生活，就像她更充实吗？
12556,UgyDYTKXiEQyhi9m2ll4AaABAg,73,2 years ago,this is why i love china. they are very hardworking and very talented. they made for themselves. and so peaceful place it is,这就是为什么我爱中国。他们非常勤奋，很有才华。他们为自己做了。如此和平的地方是
16564,Ugy8NX153xGIGHcd5PF4AaABAg,69,3 years ago,"when i retire, i want to have a peaceful life like hers.",当我退休时，我想拥有像她一样和平的生活。
35298,Ugwh_TmTye2v6sL3BIt4AaABAg,47,4 years ago,this video makes me want to live in that peaceful village instead of crowd city๐,这段视频使我想住在那个宁静的村庄，而不是人群城市
3638,UgwpJAISk1bI-XpaJWt4AaABAg,47,1 year ago,this is beautiful just in the way like it’s so peaceful and fulfilling,就像它是如此和平与充实一样，这是美丽的
23446,UgyQ3juM3-h-qV99kvx4AaABAg,46,3 years ago,"i am surprised that a gourmet video has almost no narration and human voice, only a quiet and peaceful background music. very relaxed. very yearning for this quiet rural life ~",我很惊奇，一个美食 video 竟然几乎没有旁白和人的声音，只有安静祥和的背景音乐。很放松。很向往这种安静的田园生活～
5789,UgzY4We3T-EHrrIwkeh4AaABAg,42,2 years ago,"i wish she could let me stay with her, i wouldn’t even ask for salary and would do all the chores.. i just want live the moments with these people in that village. its so peaceful so soothing. i feel like i could bury all my sins there and start a new life.",我希望她能让我和她在一起，我什至不会要求薪水，也会做所有的琐事。.我只想和那个村庄里的这些人一起生活。它是如此宁静，所以舒缓。我觉得我可以将所有的罪恶埋在那里，开始新的生活。
13817,UgxTPEhZueXTD1lsRfF4AaABAg,41,2 years ago,"i don't know why, i am a big man, watching this video crying. perhaps it is moved in the world to have such a peaceful, beautiful, close life of nature, and then look at the mediocre and complicated and complicated work every day in the city. ziyi wishes you and mother -in -law who has always been healthy and happy, thank you for your video.",不知道为什么，我一个大男人，看这视频哭了。也许是感动世上有这么宁静的，美好的，亲近大自然的生活，再看看自己每天在城市里庸庸碌碌紧张复杂地打拼着，很向往。子柒祝福你和婆婆一直健康快乐，谢谢你的视频。
35313,UgyYNJ00G4GAxO9qw9p4AaABAg,40,4 years ago,i am not just with the things you are presenting but also with you. you are incredible human. it is so peaceful the life you are showing. it is a kind of a healing process not just to health be to soul itself.,我不仅在于您要展示的事情，而且还与您同在。你是不可思议的人。您所展示的生活是如此和平。这是一种对健康本身的治疗过程。
9138,UgxZutkmhRTnEm_2AUt4AaABAg,40,2 years ago,this seems like such a pure and peaceful way to live,这似乎是一种纯粹而和平的生活方式
52888,UgxJg4gO5o4mQ86CGp54AaABAg,39,4 years ago,she's getting more and more beautiful living in such peaceful and fresh area.,她在如此宁静和新鲜的地区过着越来越美丽的生活。
5764,Ugxl3_aEEeHJs88R2VZ4AaABAg,35,2 years ago,"am i seeing a sheep? 

those puppies are so lovely
your channel won our hearts. so natural, so peaceful. ❤️❤️

","我看到绵羊吗？ 

那些小狗是如此可爱
您的频道赢得了我们的心。如此自然，如此和平。 ❤️❤️

nagaland"
21007,UgwP8r4EM6aBhw9LtMx4AaABAg,35,3 years ago,imagine having this much peacefulness...canโ€t relate ๐’ฉ,想象一下有这么多的和平...无法联系
40578,Ugy9hIfVYANKS6enqBd4AaABAg,34,4 years ago,"i feel like i'm in the mulan movie. very peaceful, natural, and beautiful. thank you! ❤",我觉得我在木兰电影中。非常和平，自然和美丽。谢谢你！ ❤
45304,UgzSeHaJn7aYhJQSgsl4AaABAg,33,4 years ago,everything is so peaceful and lovely,一切都是如此宁静，可爱
31531,Ugw2kZestzRbqsKnXMF4AaABAg,28,4 years ago,"i want to be one day in villages like this, calming, peaceful, and beautiful",我想在这样的村庄里度过一天，平静，和平与美丽
4210,UgzooBw5L5LBqVxY5_54AaABAg,27,1 year ago,these videos are very useful for those who want peace of mind.it feels so happy and peaceful to see this way of life.the pleasure of living in harmony with nature is something else.,这些视频对于那些想要安心的人来说非常有用。
5575,UgzUF5WipaM77Mhs8Kx4AaABAg,25,2 years ago,this makes me want to detached myself from reality and just peacefully lived in the mountains.,这使我想脱离现实，并和平地生活在山上。
17608,UgzNv4azBWM4KY1hR414AaABAg.97m90yxmeTh982DXstbU_V,24,3 years ago,"@heardistance i have no idea about other chinese area's rural life but in sichuan, more specifically, the countryside area around chengdu, the environment, the village, the landscape and the lifestyle, the food are pretty much the same as what they showed in ziqi's video. i know it because i also come from this area. i agree with it looks too perfect but why it can not even look perfect? she works really hard and shares with us how beautiful and how peaceful life can be...why would she show how sad she is how realistic and shitty the life look like? it doesn't make sense. i guess you have some wrong identifications of this channel or you just misunderstand what things she would like to share us about. it's like doing a project, your boss gives you an appraisal and says ok, it's well done but looks too perfect so it's fake it's impossible....hmmm. i don't think anyone will give any appraisal like that. and this channel is not a documentary about recording how poor chinese people are in china. i would suggest you can look for those videos from bbc or cnn or anywhere on youtube, online etc. i am sure there are a lot of videos or whatever news will keep rising your doubt about the reality of ziqi's video.",@heardistance我不知道其他中国地区的乡村生活，但是在四川，更具体地说，是成都周围的乡村地区，环境，村庄，景观和生活方式，食物与他们在Ziqi中所展示的食物几乎相同视频。我知道，因为我也来自这个领域。我同意它看起来太完美了，但是为什么它甚至看上去都不完美呢？她真的很努力，与我们分享了多么美丽和和平的生活……为什么她会向她表现出多么可悲的生活，这是多么现实和卑鄙的生活？这没有道理。我想您对此频道有一些错误的识别，或者您只是误解了她想分享我们的事情。这就像在进行项目一样，您的老板给您评估，说得好，做得很好，但看起来太完美了，所以这是假的，这是不可能的....嗯。我认为没有人会这样评价。这个渠道并不是关于记录中国人在中国的多么可怜的纪录片。我建议您可以从BBC或CNN或YouTube，Online等任何地方查看这些视频。我敢肯定，有很多视频，或者任何新闻都会不断提高您对Ziqi视频现实的疑问。
52538,UgzKlkXcPjr-cjt6XBN4AaABAg,21,4 years ago,hello to all peaceful people from russia !! everyone and well -being to everyone!,向所有来自俄罗斯的和平的人打招呼！每个人都很好 - 对所有人都很好！
52016,UgwMVaA3eg9Qs7AjyjR4AaABAg,20,4 years ago,your videos are always beautiful and peaceful that inspire me a lot! happy chinese new year ! love from london,您的视频总是美丽而宁静的，可以激发我的灵感！农历新年快乐！来自伦敦的爱
43428,UgxS-cU3wreGJWZO6Fd4AaABAg,20,4 years ago,"just so you guys know that her videos don’t represent the actual living standards of chinese people living in rural areas. her home is probably the only decently organised and tidied country residence in rural areas of china. the vast majority of the people that live in rural or mountainous areas in china are poorly educated and have limited access to natural resources, let alone modern technologies. existence of conventional customs and ways of thinking that are outdated and even seem stupid can easily be found in these remote regions. dog thieves that poison and steal dogs in order to sell the meats to certain restaurants that serve dog meats are quite common in these rural areas as well. i can go on and on all day long to talk about what the actual country life in china looks like, but i want to thank her for making these peaceful videos that show the western world the beautiful side of her life as an ordinary country girl living in mainland china, and for the amazing portrait of hard working chinese people that value the idea of family, especially taking actual care of the elderly, above all.",只是让你们知道她的视频并不代表居住在农村地区的中国人的实际生活水平。她的家可能是中国农村地区唯一有组织和整洁的乡村住所。居住在中国农村或山区的绝大多数人受教育程度不佳，获得自然资源的机会有限，更不用说现代技术了。在这些偏远地区可以很容易地发现常规习俗和过时甚至看起来似乎很愚蠢的思维方式。狗盗贼毒和偷狗以将肉类出售给某些狗肉的餐馆，在这些农村地区也很普遍。我可以整天继续谈论中国的现实乡村生活，但我要感谢她制作的这些和平的视频，这些视频向西方世界展示了她作为一个普通的乡村女孩生活的美丽一面在中国大陆，以及对中国努力工作的惊人肖像，这些肖像重视家庭的想法，尤其是对老年人的实际照顾。
43903,UgyvvciMRf8_achl4HN4AaABAg,19,4 years ago,"stunning videos! i love this girl! i traveled a lot in china and with great pleasure i plunge into this calm, peaceful atmosphere of rural life. as we all, in our time, do not have enough enjoying our life, pleasure from our work, skill will focus on the beautiful present! thank you! !",令人惊叹的视频！我爱这个女孩！我在中国旅行很多，很高兴我陷入了这种镇定，宁静的乡村生活的氛围。在我们时代，我们所有人都没有足够的享受，我们的工作很高兴，技能将集中在美丽的礼物上！谢谢！
38541,Ugx1P89G_Bd-0LVKkF54AaABAg,19,4 years ago (edited),"when i watch your videos i feel peaceful, you are a wonderful human being and depending on what i saw, i think you are really talented and experienced in such young age .
amazing .","当我观看您的视频时，我会感到和平，您是一个很棒的人，根据我所看到的，我认为您在如此年轻的时候就非常有才华和经验丰富。
惊人的 。"
40648,UgycEHKp0kQCCcp8gSN4AaABAg,18,4 years ago,i love her videos so much. they're so calming and she's so elegant about the way she prepares things. she looks really peaceful and satisfied and it makes me feel that way too!! i can't get enough of her.,我非常喜欢她的视频。它们是如此的平静，她的准备方式非常优雅。她看起来真的很安静和满足，这也让我感到这种感觉！我不能得到她的足够。
37119,UgwA-4glOyOblf3Vlat4AaABAg.8uJNdG3PRmb8uUg2AbDcpx,17,4 years ago,be mindful of the word โ€productivityโ€ tho. she produces for herself and maybe those around here. that it. if thereโ€s something to โ€envyโ€ is the peaceful of where she lives and her relationship with food/clothing,注意“生产力”一词。她为自己以及周围的人制作。那。如果有什么要“嫉妒”的是她的住所的和平，她与食物/衣服的关系
1883,UgyjL4fFw9-4erCf0Bp4AaABAg,17,1 year ago,"admiring her really, a small but extraordinary girl, everything is good, everything can be done. watch your real peaceful video .",真的很欣赏她，一个小而非凡的女孩，一切都很好，一切都可以做。观看您真正的和平视频。
233,UgzTividt4HonjVl8ph4AaABAg,14,1 month ago,"thank you, ziqi. thank you for giving me consolation whenever i am depressed or stressed. thank you for letting rethink what i want from life. ultimately, it’s not more money or achievements. it’s a peaceful life like yours.",谢谢，Ziqi。感谢您在我感到沮丧或压力时给我安慰。感谢您让我从生活中重新考虑我想要的东西。最终，这不是更多的金钱或成就。像你一样，这是一种和平的生活。
26998,Ugw91qCHqH9O7yiFqPd4AaABAg,12,3 years ago,"peaceful land vs. overstimulated city. this kind of things makes value those litle moments, sunrises, good food and company. bring my grandma back to life and share this kind of journey with her, would be the most priceless experience. if you read this comment, wish you the most beautiful trip to the happiness.",和平土地与过度刺激的城市。这种事情使那些散布的时刻，日出，美食和公司都珍视。将我的祖母重新栩栩如生，与她分享这种旅程，这将是最无价的经历。如果您阅读此评论，请祝您幸福的最美丽之旅。
3725,UgyQz4eYXn6AB1r9Z4d4AaABAg,11,1 year ago,i feel peace and free when i see this video.. i love this so peacefully to my heart,当我看到这部影片时，我感到和平与自由。.我如此和平地爱上了这个视频
173,UgzyrBVy2Dxzq0njadV4AaABAg,11,1 month ago,when ever i feel low or depressed i came here to watch your videos...right now i have head pain...it's feel so peaceful while watching your videos....thank you so much ❤,每当我感到沮丧或沮丧时，我来这里观看您的视频...现在我感到头疼...在观看视频时感觉很宁静。...非常感谢您
30902,UgywzaYNYoUcV0L0NVF4AaABAg,10,3 years ago,best type of sweet and positive video to watch before bed. i don't think about stressful things and i'm able to have a peaceful sleep.,睡觉前观看的最佳甜美和正面视频类型。我不考虑压力很大的事情，我能够和平的睡眠。
21357,UgyMT0oRUzt1BcRJ06t4AaABAg.93iGxVsI80l94G58R8uQZT,9,3 years ago,i wish thanos couldโ€ve lived peacefully,我希望塔诺斯能和平生活
23735,UgzitWAVEaknP14d-pF4AaABAg,8,3 years ago,"browsing the comments, this came in to mind. itโ€s just pathetic to think about that people in the west actually believe what the western mainstream media chose to let the believe. 

itโ€s not the peopleโ€s fault, but itโ€s time to reconsider the moral standards of modern media. with such advanced human civilization, is it okay to publicly and advisedly mislead people and to create prejudice and conflicts on purpose, where it was supposed to be the equal, peaceful and unified human race.

โ€imagine thereโ€s no countriesโ€. countries attack each other for competitive advantages, media are just tools ๐  to control people to support their government. politics do nothing but slow down the development of human.


conclusion: 

the hard-working people are innocent. 
whatโ€s truly evil is the few who possess the most power and most capital.","浏览评论时，想到了这一点。想到西方人实际上相信西方主流媒体选择让自己相信的东西真是可悲。

这不是人民的错，而是该重新考虑现代媒体的道德标准了。有了如此高级的人类文明，可以公开和建议误导人们，并故意造成偏见和冲突，而这本来应该是平等，和平和统一的人类种族。

“想象没有国家”。各国为竞争优势而互相攻击，媒体只是控制人们支持政府的工具。政治无所事事，只会放慢人类的发展。


结论：

勤奋的人是无辜的。
真正的邪恶是少数拥有最大力量和最大资本的人。"
19806,UgyGL14Zbr9JtbZdqxV4AaABAg,8,3 years ago,this video was so peaceful to me. it brought back memories of my grandmother teaching to cook all her wonderful meals. i miss her everyday. you are such an amazing young lady i know your family is so proud of you..,这个视频对我来说是如此宁静。它带回了我祖母教的回忆，以烹饪她所有美味的饭菜。我每天都想念她。你真是个了不起的小姐，我知道你的家人为你感到骄傲。
51757,Ugytl28xQ5VTDqNh3rV4AaABAg,8,4 years ago (edited),sooo peaceful i have no words,太平了，我没有话
4214,Ugzt0HpGMMmQ5xFAuGR4AaABAg,8,1 year ago,"this is so peaceful, i want a life like that but sadly i don't even know how to make tea on my own t_t",这是如此和平，我想要这样的生活，但可悲的是我什至不知道如何用自己的T_T酿造茶
43359,UgyLOp9qjWnbL9lQVJZ4AaABAg,8,4 years ago,"such peacefulness, calmness, beauty-roanic corner. thank you, you showed us your world, especially i felt the warmth of your soul and how you respect your elderly relatives, so sweetly.",这样的宁静，平静，美人的角落。谢谢您，您向我们展示了您的世界，尤其是我的灵魂的温暖以及您如何尊重您的老年亲戚。
39820,UgzvAvqZx8xfl9V1ztN4AaABAg,7,4 years ago,youโ€re so awesome ms. li!!!! keep up the good work. i love watching your videos before going to sleep. they are so peaceful.,你真棒李女士!!!!保持良好的工作。我喜欢在睡觉前观看您的视频。他们是如此和平。
47654,UgzsDqhzC6tiJfJ0-z54AaABAg,7,4 years ago,"the life here is peaceful, i dream of having such a life. in vietnam, we also welcome tet as in china. quality and emotional video, wish you a good new year!",这里的生活是和平的，我梦想着拥有这样的生活。在越南，我们也欢迎在中国的TET。质量和情感视频，祝您新年快乐！
40541,UgyxfJY7gGM4gWHMmvt4AaABAg,7,4 years ago,this was the most peaceful video i’ve seen in a long time,这是我很长时间以来见过的最和平的视频
50637,Ugwpjqxl5RL5z2RRSdR4AaABAg,7,4 years ago,so beautiful and so peaceful,如此美丽，如此和平
1202,UgxRaQxtxP_Vbh8DHw14AaABAg,7,9 months ago,"amazing girl as always, making ordinary things into beautiful and delicious foods. enjoy the nature scene and peaceful life!",一如既往的惊人女孩，将普通的东西变成美丽可口的食物。享受自然界和和平的生活！
16568,UgyrzgEZ8OXqVtt2DYd4AaABAg,6,3 years ago,so peaceful! love from india!,很平静！来自印度的爱！
11021,Ugz9iZYm-ruPe5R8D1F4AaABAg,6,2 years ago,"i too want to live a life where there is no one to interfere in my life where i could grow vegetables myself before my meal in my small farm and there is no needless peeping around. i get irritated by people who peep at me. they do not believe in living life peacefully, but spend their lives in mischiefs of others.",我也想过上一种生活，在我的生活中没有人可以干扰我在小农场用餐前可以种蔬菜，而且无需窥视。偷看我的人感到恼火。他们不和平地相信生活，而是在他人的恶作剧中度过一生。
28464,UgzL4VDpXU0g175_Yj54AaABAg,6,3 years ago,you are such amazing human being ever ....we really love to watch ur video before sleeping ...and yes like other people said...your video brings a good mood and peaceful feeling ...also encourage many people especially woman to keep learning to be their best version ...i wish u always stay healthy and always happy...love from us indonesia,你真是太棒了。继续学习成为他们最好的版本...我希望你永远保持健康和快乐...爱印度尼西亚的爱
13416,Ugy1r1ukYlGOCEX02C94AaABAg.9BoMps1mmw-9CVlbj6i-Tw,6,2 years ago,@writeinchinese i wanted to friend with you. and with other peaceful chinese people❤️ my country dont like china also me but only on the ccp and its supporters. i love peaceful chinese cuz i have chinese classmates and friends too ij my school hehe. they are christian chinese.,@writeinchinese我想和你成为朋友。与其他和平的中国人民❤️我的国家也不喜欢中国，但仅在CCP及其支持者身上。我喜欢宁静的中国，因为我也有中国同学和朋友，我的学校也是如此。他们是基督教中国人。
23785,Ugyb8bSm2cbdzpxC_pR4AaABAg,5,3 years ago,"damn i wish i can live there it's like the most peaceful place ever, and the food yum!",该死的，我希望我能住在那儿，就像有史以来最宁静的地方，还有美食！
37623,UgwScm8sMBA-I5wNxdV4AaABAg.8twlsT6QIBn8uIkjkZU-7-,5,4 years ago,me.. everything just looks so delicious and where she lives is so peaceful๐”๐ญโบ๏ธ,我..一切看起来都很美味，她住的地方是如此宁静
36905,Ugyghzl_Ar62a0lpIRt4AaABAg,5,4 years ago,"omg you live in such a peaceful looking place, i love it",天哪，你住在如此宁静的地方，我喜欢它
37559,UgyTyD0Ql68e44HNeRZ4AaABAg,5,4 years ago (edited),"living in a city with difficulties, stress.after watching this video i felt peaceful, relaxed,...and miss my countryside, my parent. i really wanna come back my home.",生活在一个遇到困难的城市里。观看这段视频后，我感到安宁，放松，……想念我的乡村，我的父母。我真的想回到我的家。
32883,UgwGHtAYHQZcsuqI0yZ4AaABAg,4,4 years ago,so peaceful watching your videos ๐โค๏ธ,如此和平观看您的视频
3589,Ugwg1k5TdwbTVPfF2vt4AaABAg,3,1 year ago,"everything is gentle.the will. the scene is peaceful, the music sounds great",一切都很温柔。遗嘱。场景和平，音乐听起来很棒
30515,UgyySwGmDvOFkuceh9F4AaABAg.8wygo0jMHYk8xF6UMSZWc9,3,3 years ago,it's ok guys..ultimately its a good video..peaceful one..and after all we all are humans and believe in humanity and harmony..may everyone have a peaceful life,没关系..一个很好的视频。
20273,Ugy_Zh1RcAySf1BxG-h4AaABAg,3,3 years ago,this is 1 of the most peaceful videos i've ever seen...there's something about it that makes me wanna recreate myself.,这是我见过的最和平的视频中的1个……有些事让我想重现自己。
14484,Ugy4Z-44QrgbBPMjeqt4AaABAg,3,2 years ago,that looks peaceful enough to make me cry doing complex math,看起来足够宁静，让我哭泣做复杂的数学
4327,UgzXWNUUdeh3pfujnMZ4AaABAg,3,1 year ago,so peaceful and relaxing to watch your videos! good job!,如此宁静和放松，可以观看您的视频！好工作！
39484,UgzC6zr31B60qlAQj2F4AaABAg,3,4 years ago,was she making food for the whole village? ๐… this vid is so peaceful tho ๐‘,她是为整个村庄做饭吗？
24547,UgwNLUOiDIxsEtId4CZ4AaABAg,3,3 years ago,"1st time while i am watching this video i hope thereโ€s some ads then i can contribute a little bit to this beautiful girl, you make me feel peaceful",第一次我观看此视频时，我希望有一些广告，然后我可以为这个美丽的女孩做出一些贡献，你让我感到和平
31584,UgxsMrl53EpiyCUyY2R4AaABAg,3,4 years ago,i want her to teach me everything she knows. living like this seems so damn peaceful.,我要她教我她知道的一切。这样的生活似乎是如此的和平。
36377,Ugy2ad5_EzA-mhL1oE94AaABAg,3,4 years ago (edited),any budy indies their. it is o malayalee ๐watching on-free so peaceful & relaax,任何兄弟会独立的。 Malayalee o免费观看如此宁静与复制
7894,Ugy207cIL1YfcNXxDcZ4AaABAg,3,2 years ago,the cool atmosphere of peace is peaceful,和平的凉爽气氛是和平
10005,UgyV1fsGmxaqKOfLg7d4AaABAg,3,2 years ago,feeling the camera man heart and his perfection viewโค๏ธ peaceful to watchโค๏ธ,感觉到相机的人的心和他的完美视野❤️宁静观看❤️
16515,UgwhcrpP1NEPuYY4FcF4AaABAg,3,3 years ago,"i think the background music is from the drama ""kill me heal me""(korean version)..so peaceful ❤️",我认为背景音乐来自戏剧《杀死我治愈我》（韩语版）。
40639,UgzVbWTOb9B8k-XIgyJ4AaABAg,2,4 years ago,"i love life like this, peaceful, complete, not afraid nor need to worry about anything!",我喜欢这样的生活，和平，完整，不害怕也不必担心任何事情！
30931,UgwCmXgMDUz-MQeRAWt4AaABAg,2,3 years ago,i wish america was more like this. it seems really peaceful over there,我希望美国更这样。那里似乎真的很宁静
39148,Ugxusw9kTf3tT2823TV4AaABAg,2,4 years ago,"it is not easy to edit this peaceful program. it needs to be close to a gas field to achieve it. each category is just right.
very good, thank you for sharing :) calm, quiet, gentle and comfortable, wisdom, i also see the wisdom of quaint folk, praise !!!! very healing the injuries brought by the city!

i prefer the temperament of the heroine when i don't deliberately dress up with light makeup! very clip! like! ^^
really done ... can stay away from the hustle and bustle for a while,
specific display ... it can be lived, simple, simple and natural, but also live neat and comfortable (although it is not easy)
being able to surround the mountains of gaoli water every day, the air is fresh, the mountains are full of flowers and precious medicinal materials, and the mountains are used to tell the mountains.
you can also choose intermittently .... contacted with today's scientific and technological life ...
if there is a harmonious companion, chun went to qiulai to support the old, this kind of life ... no demand !!!
looking ... watching .... live in the taiji gas field health ... this film is indeed ... rare soul health soup! thank you for sharing :)","编一辑这宁心的节目, 真不容易, 需要有接近的气场走在一起才能成就, 每一范畴每一个配合刚刚好, 
很好佷好, 多谢分享:) 从容, 恬静, 轻柔舒服, 智慧, 还见识到古朴民间的智慧, 赞!!!! 很治愈都市带来的伤!

较喜欢女主角不刻意装扮淡妆时的气质! 很夹! 赞!^^ 
真的做到了...可远离尘嚣一会, 
具体展现了...可以活得既古朴简单自然的同时, 又能整洁舒适不匮乏地生活着 (虽不太易) 
能每天环抱高山高丽水而居, 空气清新, 山峦满是鲜花鲜果及珍贵药材, 用画面诉说了靠山食山, 
又能间歇地选择....与现今科技生活联系着.....看日出观日落, 看银河晚星,! 依四时阴阳作息! 还何求!! 
若有位和谐伴侣春去秋来恩爱扶持到老, 这种生活...无求矣!!! 
看着...看着....活像进入了太极气场养生里...这片的确是...难得心灵养生汤! Thank you for sharing :)"
12682,UgwT1gDAxj3u5Py3Xn14AaABAg.9Cu4gC8q40r9EUH1nk3vKL,2,2 years ago (edited),@elcatrinc1996 hmmm... but they shouldn't. so peaceful nd captivating beauty and pure hearted people❤ love from pakistan..,@elcatrinc1996嗯...但是他们不应该。如此和平的人迷着美丽和纯洁的人❤来自巴基斯坦的爱。
30833,UgyEoA5KDhAxqBjR7dN4AaABAg,2,3 years ago,"i just love this channel, it makes me feel so peaceful, thank you",我只是喜欢这个频道，这让我感到很宁静，谢谢
39393,UgzA_J3fWD2q7H1C6WZ4AaABAg,2,4 years ago,i love soo soo much i like the calm and peaceful atmosphere love from mizoram,我很喜欢太太，我喜欢米佐拉姆的平静与和平的氛围
22960,UgwqGX6R7sXj2MYwFLR4AaABAg,2,3 years ago,yes๏ผwe are peaceful and only lead a healthy life with nature or others rather than fighting or making trouble to whom.๐,是的，我们是和平的，只有与自然或他人一起过健康的生活，而不是与谁打架或惹麻烦。
28620,Ugz61K82zefB0bmwB_t4AaABAg,2,3 years ago (edited),i wish i could live in such a place.. peaceful to see ๐๐๐ omg when she cuts that mango...,我希望我能住在这样一个地方..当她剪那个芒果...
24193,Ugxq7ebvtcmH9xNi-NJ4AaABAg,2,3 years ago,"me a 11 year old artist, and i hope when i grow up
my house can be as somewhat peaceful like lizi's house","我是一个11岁的艺术家，我希望我长大后
我的房子可以像利兹的房子一样和平"
24259,UgwmMyTL2nkz6MDZp4R4AaABAg,2,3 years ago,so peaceful!,很平静！
14437,Ugw1S2GntpfaGLnQ-RZ4AaABAg,2,2 years ago,this place is like a dream and paradise to me. i always wanna spend my whole life in this type of place like living in a peaceful environment,这个地方对我来说就像一个梦和天堂。我一直想在这种类型的地方度过一生，例如生活在宁静的环境中
23068,UgzhNrDWXMJdW5cgwAt4AaABAg,2,3 years ago,"this is my first comment, but i really like this life with peaceful,real,tradition",这是我的第一个评论，但我真的很喜欢和平，真实，传统
10901,UgzbkqFL8fSbxKmjswN4AaABAg,2,2 years ago,i feel so peaceful just by watching this,我只是看着这个，我感到很宁静
16595,Ugxc-2S4U05ZN9WF4vl4AaABAg,2,3 years ago,so peaceful. so beautiful.,很平静。如此美丽。
21417,UgxOo6eufk6vq_ZTbT94AaABAg,2,3 years ago,everything looks so visually appealing. the food looks fantastic! i would love to live like this it seems so peaceful,一切看起来都很吸引人。食物看起来很棒！我很想像这样生活
501,Ugy08Xq9tLdlzSr55At4AaABAg,2,4 months ago,when i saw her every vedio i m really peacefull .....when i am tired and sad .....omg i can't tell how to peace.....the music her work cooking ....m so edict....,当我看到她的每一个小吠陀时，我真的很平静.....当我疲倦和悲伤时.....天哪，我无法说出如何和平.....音乐她的作品做饭....我法令....
18418,Ugw_4LFLEVFLKHUrOnp4AaABAg,2,3 years ago,too peaceful,太平了
6957,UgxY4X-3gWHYyrnIAzZ4AaABAg,2,2 years ago,such a relaxing and peaceful video.,如此轻松而宁静的视频。
36912,UgxpA159fDl9K_EzTex4AaABAg,2,4 years ago,"this life is so peaceful and beautiful. i know iโ€m not cut out for it though, i could never survive. but watching this makes me feel at peace and itโ€s wonderful.",这种生活是如此和平与美丽。我知道我没有为此削减，我永远无法生存。但是看着这让我感到和平，这很棒。
5074,UgyCDZ45jVZD9wcbLQZ4AaABAg,2,1 year ago,inspirit me with peacefully environment,通过和平环境启发我
36390,Ugw7P9cnzsebEVezHBN4AaABAg,2,4 years ago,watching this before bed.. so relaxing and peaceful ๐,睡前看这个..如此放松和宁静
835,Ugwz7Rx_qqQMC0GM1G14AaABAg,2,6 months ago,the video feels so peaceful,视频感觉很宁静
35859,UgzWwWzleAhhvPo5Ty14AaABAg,2,4 years ago,videos are very peaceful.. and mind blowingโบ๏ธ๐,视频非常和平..而且大脑吹拂☺️
9795,UgyNhPAbJEkTnl0rGtp4AaABAg,2,2 years ago,"so peaceful.....i'm really jealous 
what a beautiful life.","如此和平.....我真的很嫉妒
多么美好的生活。"
22461,Ugzk2hZzSJPMNCq5HPR4AaABAg.92v_huHNonN93dSshvGTE-,2,3 years ago,"@sourbitters glad to know it. it's an organic living style, providing high quality videos freely and in the same make money to support her and her family, producing more videos and helps make a peaceful world. i will watch the ads on her videos to the end to let her getting more sharing of ads proceeds.",@sourbitters很高兴知道。这是一种有机的生活方式，可以自由地提供高质量的视频，并以同样的赚钱来支持她和她的家人，制作更多的视频并帮助创造一个和平的世界。我将在她的视频中观看广告，以便让她获得更多的广告收益分享。
40371,UgzIlPRCNhMAosDO47l4AaABAg,2,4 years ago,so peaceful i envy your life❤❤❤,如此和平，我羡慕你的生活❤❤❤
21647,Ugw3xASut1jUTXaFI-N4AaABAg,1,3 years ago,"is this heaven.... i want to be your partner, i have lot of energy and stamina can work with you and lead a peaceful life...",这是天堂。。。我想成为你的伴侣，我有很多精力，耐力可以与您合作，过着和平的生活...
22755,Ugx90JyzIGG7a2FFMT54AaABAg,1,3 years ago,"i used to be in my heart,
there is a home,
it is quiet, peaceful, simple and beautiful.
but then i lost it,
trave all thousands of mountains and rivers,
i failed to find it.","曾经在我心中， 
有一个家园， 
它宁静、祥和、简单而美丽。 
但后来我失去了它， 
走遍千山万水， 
也未能找回它。"
25194,Ugz0U3Kok-EDUD5kEmB4AaABAg,1,3 years ago (edited),"this helps with my depression alot i am someone who loves nature and wants nothing more but to live the simple life. i'm stuck in a city with very few trees and forests. i haven't seen a full sky of stars in years or even a butterfly and deer for a long time. i work nonstop and married someone whom i love very much but dosen't appreciate nature or anything to do with simple living. he never wants to leave the city and live a simple life. so i watch these to help me feel like i'm at home and get to see forests, plants and a peaceful life. i can see lots of people feeling the same way wishing we all could go back to this way of liveing.",这有助于我的抑郁症，我是一个热爱自然的人，只想要过简单的生活。我被困在一个有很少的树木和森林的城市中。我已经好几年了，甚至很长一段时间都没有看到蝴蝶和鹿。我不停地工作，嫁给了一个我非常爱的人，但不喜欢自然或与简单生活有关的任何事情。他永远不想离开这座城市，过着简单的生活。因此，我看着这些，以帮助我感觉自己在家，看到森林，植物和宁静的生活。我可以看到很多人都有同样的方式，希望我们所有人都可以回到这种生活方式。
21096,UgxmURxAefkaPCXJhFp4AaABAg,1,3 years ago,love this peaceful life.,爱这个和平的生活。
21160,UgzzB-bIrHD5NLTIJBt4AaABAg,1,3 years ago,these videos of yours are so satisfying....i watch all your cooking skills...the freshness and the beauty of nature....i was suffering from sleep disorders but now i watch these videos and sleep peacefully....god knows why they make me feel so relaxed.....,您的这些视频是如此令人满意。...我看着您所有的烹饪技巧...自然的新鲜感和美丽。...我患有睡眠障碍，但现在我看了这些视频并安静地睡觉。上帝知道为什么他们让我感到如此放松.....
48051,UgzvfVJmbio-sxiLY8p4AaABAg,1,4 years ago (edited),"never get bored watch her videos. now i wish to live at countryside too 
soo peaceful","永远不要无聊观看她的视频。现在我也想住在乡村
SOO和平"
21173,Ugz9jEsL8Kk3exVVMa94AaABAg,1,3 years ago,"i admire you so much, my dream of living such a peaceful place",我非常佩服你，我的梦想是一个如此宁静的地方
43409,Ugyw_bXiguCq3CxAu6x4AaABAg,1,4 years ago,so peaceful ❤️,如此和平的❤️
22451,Ugzk2hZzSJPMNCq5HPR4AaABAg.92v_huHNonN937FBu1iDB7,1,3 years ago,i am also aiming at the goal of a relaxed and peaceful life like her.,我还旨在像她这样的放松和和平生活的目标。
43468,Ugxuysrkik3uCk_wegV4AaABAg,1,4 years ago,omg..i wish i could live like you it seems so..peaceful and beautiful,天哪。我希望我能像你一样生活，看起来如此..和平而美丽
22330,Ugw5x23FlbT54TpAIfp4AaABAg,1,3 years ago,what if we all live like this? isn't it more peaceful? and more helpful for the planet earth and the animals will be friends to us :(,如果我们都这样生活怎么办？不是更和平吗？对地球和动物的帮助更有帮助，对我们来说是朋友:(
51074,UgwD-qFD_qQ6akA5DJN4AaABAg,1,4 years ago,your videos always gave me peaceful feeling. thank you for sharing with us. happy chinese new year.,您的视频总是给我和平的感觉。多谢与我们分享。农历新年快乐。
52932,UgwHTfgI2KDCfC3tHwV4AaABAg.8qlJWxRpsFj8qlQitV7SXO,1,4 years ago,"hello..i have been watching your videos from last year and each video is a masterpiece..i respect you,i love your channel..daily before going to bed i use to watch your videos so that i get a peaceful sleep..your videos had inspired me in many ways..as i am from india..i don't understand your language,so if you don't mind please add a subtitles in english...
can you or anyone translate her message in english..??","你好..我一直在看你去年的视频，每个视频都是杰作。我尊重你，我爱你的频道..每天睡觉前，我都用来观看你的视频，以便我宁静的睡眠。您的视频在许多方面都启发了我。
您或任何人都可以用英语翻译她的信息.. ??"
25252,Ugy_SMNoGqhbAgUx7354AaABAg,1,3 years ago,i cried after watching this video love all of ur videos and most of them i watched two or three times because they made me feel so peaceful and natural,我看这部视频喜欢所有的视频后哭了
30356,UgzEIJZLrCkCWN7FLd14AaABAg,1,3 years ago,what a peaceful living,多么宁静的生活
25366,UgwRz6BM4pGy6fstYnV4AaABAg.9-Qvi_qVYSB90X0UQPfmDA,1,3 years ago (edited),"i love my room but i wish everytime i stepped out of it instead of cars,nosy people and traffic it was this peaceful country life with nature and animals and my family only the supportive ones",我爱我的房间，但我希望每当我走出它时，而不是汽车，管辖人和交通，这就是这种宁静的乡村生活，自然与动物，我的家人只有支持者
35705,UgxWxvGAx-4Ti65FNkN4AaABAg,1,4 years ago,the candy and all snak were peacefully n ๐’•๐amazingly made.,糖果和所有的蛇都是和平地制作的。
33841,UgxQ4obKp7Mzrv-Mbi54AaABAg.8vAAkm2tSd49-g4e_vTnZd,1,3 years ago,kathaleen wood because it is . but we can never live like that for ever with out gods intervention. she does it because she lives in a very beautiful and peaceful place but no one guarantees that any place could stay that peaceful for ever only god is going to make that possible . he will give her and everyone of us a life with a future a forever future .,凯瑟琳·伍德是因为是。但是，我们永远无法像神的干预那样生活。她之所以这样做，是因为她住在一个非常美丽和宁静的地方，但没有人保证任何地方都能保持和平，只有上帝才能实现这一目标。他将为她和我们每个人的生活带来永远的未来。
34275,UgzwhqKgzBSjtDpTSdV4AaABAg,1,4 years ago,such a peaceful life..away from technology shit,如此和平的生活..远离技术
19368,UgyUkdyuBEo3FucqQBh4AaABAg,1,3 years ago,this channel i am very impressed with the rural scene is very peaceful,我对乡村场景印象深刻的频道非常和平
34508,Ugx0EwbNW8qK60YpZCt4AaABAg,1,4 years ago,how peaceful this place is !,这个地方有多和平！
40048,UgzeS6umUcOASE_6V1p4AaABAg,1,4 years ago,you make living a simple life look so damn good and peaceful,您使过一个简单的生活看起来如此该死的美好而宁静
35519,Ugx5bjoiJ8znp7q-BQN4AaABAg,1,4 years ago,this is a common life in china for a lot people if the 8 western countries did not evade china and had wars against. problems of post-colonization with materialism and capitalism. wish we could all go back and have some peaceful life.,如果8个西方国家没有逃避中国并反对战争，那么在很多人来说，这是中国的普遍生活。与唯物主义和资本主义有关后殖民化的问题。希望我们所有人都可以回去并过一些和平的生活。
35790,UgwT56OK8wi80wwJTQt4AaABAg,1,4 years ago,i became you fan. your videos are so beautiful and peaceful. โค๐,我成为你的粉丝。您的视频是如此美丽和和平。 ❤
25518,Ugyee6ZEWsl9eISxssx4AaABAg,1,3 years ago,ummmm i wanna be in that safe loving place with the peaceful music and good food and good vibes ๐ญ๐ธ๐โ๏ธ๐ฑ๐๐ฅ๐ญ๐ฅฎ๐ง,嗯，我想和宁静的音乐，美好的食物和美好的共鸣
36553,UgzGFiCWclJJ6Nh1ei54AaABAg,1,4 years ago,"where u come from. 
i dont know what r u doing 
n wht is ur language but watching u is peaceful dear. 
love u sister","你来自哪里。
我不知道你在做什么
n是你的语言，但看着你是和平的亲爱的。
爱你姐姐"
37451,Ugx_gHs6-axbG-79wgJ4AaABAg,1,4 years ago,"whereโ€s she live? paradise ? itโ€s such a wonderful ,peaceful in the world that i havenโ€t seen this before. and you are so strong and hardworking and beautiful . im a fan from thailand.",她住在哪里？天堂？在世界上，这是一个很棒，和平的，我以前从未见过。而且您是如此坚强，勤奋和美丽。我是泰国的粉丝。
37498,UgxGX4fnrinmft1RG_x4AaABAg,1,4 years ago,how peaceful life!i wann live in such kind of place.,有多和平的生活！我蒙受着这样的地方。
38520,UgyAP2SL1FwjgXSJyWV4AaABAg,1,4 years ago,"i want to live with her,,,everything looks peaceful the food looks good and life would be great!!",我想和她一起生活，一切看起来和平，食物看起来不错，生活会很棒！
38546,UgySOR4dvdfi9CvW7nJ4AaABAg,1,4 years ago,wow i wanna live in a countryside ๐ such a happy peaceful life.,哇，我想住在一个乡村
38722,UgzJDEbL5BXsiAgZoZd4AaABAg,1,4 years ago,if only us americans could live this peaceful. even in the country there's still modern technology frustrating us. this is so zen all day long. โ๐‘๐‘,如果只有美国美国人能够过这种和平。即使在该国，仍然有现代技术使我们沮丧。整天都如此。 ✌
33715,UgyNWggRpv9bc_1838B4AaABAg,1,4 years ago,wow i like the atmosphere!! the way of living is very nice and peaceful! ๐๐๐,哇，我喜欢气氛！生活方式非常友善和和平！
33557,Ugxc-bPT7NxqdtV3T8Z4AaABAg,1,4 years ago,"the only thing keeping me from intense envy is the peaceful realization that a lot of time went into making this video. nobody's life is that perfect 24-7. still magnificent to watch, though. thank you for sharing this jewel with the world.",让我不受激烈嫉妒的唯一一件事是和平意识到制作这部视频花了很多时间。没有人的生活就是那个完美的24-7。不过，仍然很宏伟。感谢您与世界分享这款珠宝。
32797,UgyOLfLZx6EHc4dN6Jp4AaABAg,1,4 years ago,very nice n peaceful video ๐๐๐๐€๐๐๐๐๐€๐ฒ๐ณ๐ฑ๐ฟโ๐พ,非常好的n和平视频
32045,UgwNE1MCgF8UfZ5gHXd4AaABAg,1,4 years ago (edited),"i think this is the kind of life that everyone yearns for deep down.

its so simple, but u would feel a great sense of acomplishment after the days done, ur surrounded by ppl who are present and engaged, ud be going on adventures everyday and ur waking with the sun and sleeping with the stars, as it should be.

not to mention how healthy this all is, physically and mentally.

gosh what a peaceful way of living. obviously it would get tyring at times, but man would it be worth it.","我认为这是每个人都渴望深处的生活。

它是如此的简单，但是您会在完成的日子后感觉到一种很大的兴趣感，被PPL包围着，他们每天都在冒险，并与阳光醒来并与星星一起睡觉，因为应该是。

更不用说这一切在身体和精神上有多健康。

天哪，这是一种和平的生活方式。显然，这有时会变得更加倾向，但是人是值得的。"
31834,UgxmqtcTdb-XpsSYWp94AaABAg,1,4 years ago,very peaceful,非常和平
31493,Ugw_7ndNQWkoRdRwS7t4AaABAg,1,4 years ago,"watching these videos is like a therapy for the mind. i'm so stressed out, but feel so peaceful. bg music, the colours, everything. so close to nature. this is how it should be. peaceful. loving each other, the nature and animals. in harmony :) efforts are there behind each video. great..",观看这些视频就像是一种心灵的疗法。我很紧张，但感到很安静。 BG音乐，颜色，一切。如此接近自然。这就是应该的。平静的。彼此相爱，大自然和动物。和谐:)每个视频背后都有努力。伟大的..
40706,UgyA-tQSS6sT-Ng-JRZ4AaABAg,1,4 years ago,every time i watch her videos just make me imagine i can live in such a beautiful place like hers.. so peaceful ❤️,每当我看她的视频时，都会让我想象我可以住在像她这样美丽的地方。
41517,UgyxLHSN04Bo4o_Uo6x4AaABAg,1,4 years ago (edited),i love the peaceful and beautiful views in this video . i love the nature itself . i always dream to live at place like that . please do more video like this,我喜欢这部影片中宁静而美丽的景色。我爱大自然本身。我总是梦想着这样的地方。请做更多这样的视频
30872,UgyLxCumYS8iWMLds5Z4AaABAg,1,3 years ago,i want to live a life as peaceful as this,我想过上这样和平的生活
29400,Ugy_eR1lgqg4cf0eXmF4AaABAg,1,3 years ago,most peaceful life i've ever seen,我见过的最和平的生活
28706,UgyXPT5KjE-n1XQA60N4AaABAg,1,3 years ago,watching her video makes my soul lighter and peaceful. i loved ..<3,观看她的视频使我的灵魂更加轻松和宁静。我爱.. <3
27817,Ugzbz1z94LELNEYpQXV4AaABAg,1,3 years ago,this is so peaceful,这是如此和平
27691,UgzV_xmsifTLNr08iit4AaABAg,1,3 years ago,the place where you live looks peaceful ... i really like,你住的地方看起来很宁静...我真的很喜欢
27271,UgwoBK95SLTCe-m60uJ4AaABAg.8zKMCb-XwpB92FBpT7jEGk,1,3 years ago,"it is true. i am chinese, i just watch her tv today and read her news on chinese news website. she is so real, she did made money for the videos in china, but she care more about the peaceful life with her grandma. (there is a story about she stopped posting the videos because her grandmaโ€ little concern) i need start to clean my house now. i have vacuum, dishwasher and use kitchen aid stoves and oven and range hood either, but compared with her house, mine is like animal cave. ๏ผ ็—็ช๏ผ",是真的。我是中国人，我今天只是看她的电视，然后在中国新闻网站上阅读她的新闻。她是如此真实，她确实为中国的视频赚钱，但她更关心与奶奶的和平生活。 （有一个关于她不再担心的，她停止发布视频的故事）我现在需要开始清理我的房子。我有吸尘器，洗碗机，并使用厨房援助炉，烤箱和套头衫，但是与她的房子相比，我的房子就像动物洞穴一样。 （（）
41942,UgyCY-WEQVubveEkaUB4AaABAg,1,4 years ago,"my goodness !!
what a rich culture !!! 
so peaceful and pleasant .
i just loved it . 
i would love to live such a life .","我的天啊 ！！
多么丰富的文化！！！
如此和平与愉快。
我只是喜欢它。
我很想过上这样的生活。"
26439,Ugz4x9jZf79qtb1MNMB4AaABAg.8zkpfxZ3kEy97z2WqiyRoA,1,3 years ago,"good job, friend. keep fighting and working hard. i hope you live a happy and peaceful life.
seeing all these positive replies brought me so much happiness :)","好，朋友。继续战斗和努力。希望您过上幸福快乐的生活。
看到所有这些积极的答复给我带来了很多幸福:)"
26224,UgzajsTEzAVrFaHnSt94AaABAg,1,3 years ago,"very calming and peaceful to watch,",非常平静和宁静，观看，
8,Ugz-VmbBay0bnHR4yWF4AaABAg,1,1 day ago,peaceful...,平静的...
53093,Ugyf1rwrIlIYi5kwnqp4AaABAg,1,4 years ago,peaceful,安安
3693,UgySsu5dCQUTgoTxf7R4AaABAg,1,1 year ago,peaceful area..the most is here,和平地区..最多在这里
16221,UgzvwEp9oVZJ5giUjuZ4AaABAg,1,3 years ago,"awesome,what a peaceful life",太棒了，多么宁静的生活
17553,Ugx5fwd1Lx343nwlqO94AaABAg,1,3 years ago,looks peaceful,看起来和平
12059,UgzUQiRfalSMHAk6GbN4AaABAg.9DjjoaJ4Xdn9F4247cakRU,1,2 years ago,"yes!!

imagine if we all live such peaceful lives!!
and maybe rely on nature!
its would be so pretty, not really easy, but calm and happy","是的！！

想象一下，如果我们都过上如此和平的生活！！
也许依靠大自然！
它是如此漂亮，并不是很容易，但是平静而快乐"
4769,UgzaPa1001SjSe3IG6d4AaABAg,1,1 year ago,how peaceful this is,这是多么和平的
17110,Ugx2Aqsy5qjxLC1EAUZ4AaABAg,1,3 years ago,she 's like girl from fairy tale..living at decent beauty place and live happy and peacefully,她喜欢童话中的女孩。
7130,UgzYm57znoY5acTxOmJ4AaABAg,1,2 years ago,it's very peaceful,这是非常和平的
17060,Ugx2-jcOkMD57ng7k7Z4AaABAg,1,3 years ago,peaceful,平静的
6822,UgwRxS8T9r2HmLTmWcd4AaABAg,1,2 years ago,your videos make me love nature more...so peaceful and satisfying...,您的视频使我更加爱大自然...如此宁静和令人满意...
7544,Ugx1KahwDL_HP9_jAg54AaABAg,1,2 years ago,i feel peacefully while watching this video,看这部影片时，我感到和平
6343,UgwH0fzfKDx0P-MjgOB4AaABAg,1,2 years ago,"something wrong with those who dislike this kind of video!! i can't understand why!!?? 
i love allllll the videos she makes...so peaceful and inspiring!! thank you for making them! ignore all haters....they are from lower realms!","那些不喜欢这种视频的人出了问题！！我不明白为什么！
我喜欢Allllll她制作的视频...如此宁静和鼓舞人心！谢谢您制作它们！忽略所有仇恨者。...他们来自下层领域！"
15064,Ugwwx2ZDpKiwEWTVUwJ4AaABAg,1,3 years ago,the best and peaceful life.,最好和和平的生活。
2404,UgxoPAIbKrwmj4X93H54AaABAg,1,1 year ago,so peaceful !!,很平静 ！！
14396,UgyebiSzSRzWTRoGhgN4AaABAg,1,2 years ago,"just found this channel. then, i really gain peacefulness. this content cool off my mind and soul. thank you",刚刚找到了这个频道。然后，我真的得到了和平。这个内容使我的思想和灵魂凉爽。谢谢
5836,Ugy1nBFREz_YBmiOYC54AaABAg,1,2 years ago,"i feel like this is how mankind should be. not this modernized, stressful world. where we already have everything planed out, school, college, work, marriage, retirement. in this society where everything runs in a system.

i fell like this is how we're supposed to be. working hard everyday, taking what we need from nature and preserving it. this is how it should be,not this crime filled world, where everyone just hates each other. it should us just spending our whole day fulfilling the basic necessities, but enjoying how peaceful it is. it's probably a lot harder than it seems. but it's seems much better than what we are living in now.","我觉得这就是人类应该的样子。不是这个现代化的，压力很大的世界。在我们已经计划的一切，学校，大学，工作，婚姻，退休的地方。在这个社会中，一切都在系统中运行。

我像这样跌倒了。每天努力工作，从大自然中获得我们需要的东西并保存它。这就是应该的方式，而不是这个充满犯罪的世界，每个人都彼此讨厌。它应该花一整天的时间来满足基本必需品，但要享受它的和平。这可能比看起来要困难得多。但这似乎比我们现在所居住的东西要好得多。"
14968,UgwtSRxngECjx9i_tXh4AaABAg,1,2 years ago,"you are so good at cooking, creative, neat and clean... you live so peaceful in that place with nature around. i love it",您是如此擅长烹饪，富有创造力，整洁和清洁...您在那个地方生活如此宁静。我喜欢它
17820,Ugw6UFx9nM8VzzCYp2V4AaABAg,1,3 years ago,"wow i really love the music that's being played on this video it just feels so peaceful and loving, this music makes me want to open up to the world more has me thanking the universe",哇，我真的很喜欢这个视频中正在播放的音乐，感觉如此和平与爱心，这种音乐使我想更多地向世界开放，这让我感谢宇宙
17138,UgxI6uwYQj3fVCakdNR4AaABAg,1,3 years ago,feels like i am watching eternal love drama. everything looks so beautiful. the food looks yummy. i just love the music. it's so peaceful.,感觉就像我在看永恒的爱情戏。一切看起来都很漂亮。食物看起来很好吃。我只是喜欢音乐。这是如此和平。
14749,UgzAh4JqVcEo9-l5rel4AaABAg,1,2 years ago,this fuck is the most peaceful comment area i have ever seen !!,这他妈是我见过最和平的评论区!!
7975,Ugw1w9Pub7leppuTkt14AaABAg,1,2 years ago,the scenery is too peaceful 平,风景太和平了
12735,UgyhR3mSSzpyOiFHC_J4AaABAg,1,2 years ago,"good life, good food , good healthy , so nature, like in heaven , peacefully...i love it",美好的生活，美味的食物，健康，所以自然，就像天堂一样，和平...我喜欢它
18457,UgxjCF28mlZkUZAOkqR4AaABAg,1,3 years ago,she always makes me feel peaceful,她总是让我感到和平
18438,Ugx7_jw_xk8i7kSIBC54AaABAg,1,3 years ago,"this is just amazing. ma sha allah... so peaceful, relaxing and calming to watch. ❤️❤️",这真是太神奇了。马沙·阿拉（Ma Sha Allah）...如此宁静，放松和平静。 ❤️❤️
12961,UgzLbSvINghbFquoRVR4AaABAg,1,2 years ago,"love you liziqi....
a very big fan from kerala , india....
a peaceful mind.....","爱你liziqi ....
来自印度喀拉拉邦的非常忠实的粉丝。
和平的头脑....."
3660,Ugw6X32gqbIBnya_TYt4AaABAg,1,1 year ago,video music is so peaceful :),视频音乐是如此宁静:)
3553,Ugxz6lsf14gNIXc9yf94AaABAg,1,1 year ago,peaceful,和平
4341,UgyYC5t33br_XRzFlnR4AaABAg,1,1 year ago,peacefull world always give happiness and it also give a creative idea,和平世界总是给予幸福，这也给了一个创意的想法
876,Ugw6Vbi_iOxZ9CORU_R4AaABAg,1,6 months ago,so relaxing and peaceful,如此放松和和平
3744,UgzYUhku5ira1ue2C9x4AaABAg,1,1 year ago,"it was wonderful, i could watch many of your videos but not bored, feeling my soul was relaxed. how peaceful this life is.",真是太好了，我可以观看您的许多视频，但并不感到无聊，感到我的灵魂很放松。这一生有多和平。
12405,Ugxpwk7vZZDA0EbnL6V4AaABAg,1,2 years ago,"i am inspired by your love for nature. how you look within to find joy and peace. i am glad to stumble across such beautiful, peaceful video. thank you sister, and much blessings to you.",我受到您对自然的热爱的启发。您如何看待内心寻找快乐与和平。我很高兴偶然发现如此美丽，和平的视频。谢谢姐姐，祝福你。
502,UgyeIH1tKTvQXpqwKz54AaABAg,1,4 months ago,peacefully ☺️,和平地☺️
8642,UgxDDV0YHO1yjucqOkB4AaABAg,1,2 years ago,"i too want to join this world. 
it's too peaceful","我也想加入这个世界。
太平了"
38972,UgwHKjfAAmGKO1MULZ94AaABAg,0,4 years ago (edited),"this is so peaceful to watch. and the food must be delicious.i would like to live a life like that, without all the anxiety, the streets full of trash, the danger and the suffer, the gas smell, the killing,the money awareness, i just want to live a life that i will enjoy and make my soul calm and happy.",这真是太平了。食物必须很美味。我想过这样的生活，而没有所有的焦虑，街道上充满垃圾，危险和受苦的街道，气味，杀人，杀人，金钱意识，我只想生活我会享受的生活，使我的灵魂平静而快乐。
39021,UgyFDPJ_RfsrsBLjFEt4AaABAg,0,4 years ago,nice video so peaceful,不错的视频如此和平
5298,UgxC3scPq3ks6I5J8zt4AaABAg,0,1 year ago,"what a beautiful woman she is damn, may she always be healthy and happy and peaceful",她该死的多么美丽的女人，愿她永远健康，快乐与和平
38852,UgwjZFzVwUOT7m4HCMZ4AaABAg,0,4 years ago,no music is better! it's so much more peaceful!,没有音乐更好！这是更加和平的！
39103,Ugz9piOGZmmRZcHLX0l4AaABAg,0,4 years ago (edited),"this is by far the best 10 minutes i have ever spent on youtube ,lovely , calmfull and peacefull music .i am amazed with the way most recepies are done here but regarding the way the popcorn is made ..waaw ,never seen anything like it ... what is the name of the baric chamber where you pour the corn pips in ? anyone ?",这是我在YouTube上度过的最好的10分钟，可爱，冷静和和平的音乐。我对大多数回收的方式感到惊讶，但是关于爆米花的制作方式。.Waaw，从未见过这样的东西...倒入玉米的Baric室的名字是什么？任何人 ？
5617,Ugz6r4MBLrFQrgzFWQ54AaABAg,0,2 years ago,"you know, when i watch these videos, i wish we were all immortal, no diseases, no crime, all happy, no human trafficking or slavery, no death, forever young, no problems - and humans can do whatever they want, pursue their passion, learn, improve and hone their skills, live peacefully in the mountains, grow vegetables, build a house, maybe a few league games, and there'd be no need for doctors or police. a perfect society. even without immortality, i'd be satisfied as long as people don't die before 80.",您知道，当我观看这些视频时，我希望我们都是不朽的，没有疾病，没有犯罪，所有幸福，没有人口贩运或奴隶制，没有死亡，永远年轻，没有问题 - 人类可以做任何他们想做的事，追求他们激情，学习，提高和磨练自己的技能，在山上和平生活，种植蔬菜，建造房屋，也许是几场联赛比赛，并且不需要医生或警察。一个完美的社会。即使没有永生，只要人们在80岁之前不死，我也会满意。
38763,UgzpX-xVvvtNh6Xmf814AaABAg,0,4 years ago,such a peaceful life.,如此和平的生活。
39203,UgybMsCYjctJ3NlCbBl4AaABAg,0,4 years ago,"amazing, beautiful, peaceful",惊人，美丽，和平
39285,UgyiiesMXHZkQLuj1QN4AaABAg,0,4 years ago,it looks so peacefull and relaxing there...,它看起来如此宁静，在那里放松...
5438,UgxdmpJUj7sLQ81ZEjd4AaABAg,0,1 year ago,so peaceful,如此和平
40517,UgzwjMhgj4jdT0dkNdV4AaABAg,0,4 years ago,"it's beautifully peaceful. the environment, cooking. dreamy...",它是美丽的和平。环境，烹饪。梦幻...
39563,Ugy5ztREl8L_FM48cAN4AaABAg,0,4 years ago,the peaceful and comfortable little day is cute everywhere.,平静舒坦的小日子呐，朴素中又处处可爱。
5195,UgyQpq2IFvO0et7xwVV4AaABAg,0,1 year ago,life but also peaceful like this is fun,生活，但像这样的和平很有趣
4742,Ugwwc2nBnjxLVG6OlY94AaABAg,0,1 year ago,so peaceful place ever,如此和平的地方
39853,Ugzw5oSPUQODWa9yaol4AaABAg,0,4 years ago,so peacefull when i am whatching her video,当我把她的视频吸引时，太平了
39932,UgxczcR9lgAfHMmtouB4AaABAg,0,4 years ago,"hello dear,,,where is the place?? its so peaceful and beautiful...love u so much...plz share the location...",你好，亲爱的，，这个地方在哪里？它是如此的和平与美丽...非常爱你... PLZ共享位置...
40026,UgylLlO0cvA65_o81Px4AaABAg,0,4 years ago,"i still watch the video of ziyi when i come out of the wall, which makes people feel very peaceful",翻墙出来还是看子柒的视频，让人心境很平和
40547,UgzflwaFcnO4nxzquLN4AaABAg,0,4 years ago,how much luck they have granted a peaceful life to the gin of the hand,他们给手杜松子酒带来了多少运气
38748,UgwdHhV-Hb6p2AAJtGF4AaABAg,0,4 years ago,it is peaceful and peaceful.๐,这是和平与和平的。
40141,UgwRNq8Tja0Ee_mrgcx4AaABAg,0,4 years ago,i fell in love with this channel i mean specially her. i always imagine life like this somewhere in china or japan but i am in southeast asia. always feel peaceful thinking and see how great old generation live without modernization still happy and comfortable and have everything they need. i hope someday when technology reach its peak we will be back in old generation again but this time more traditional modern way. balance between real life and tech. i will supprt this channel watch her videos and also the ads,我爱上了这个频道，我的意思是特别是她。我总是想像中国或日本某个地方这样的生活，但我在东南亚。始终感到和平思考，看看没有现代化的伟大的老一代仍然幸福而舒适，并拥有他们需要的一切。我希望有一天，当技术达到顶峰时，我们将再次回到老一代，但是这次更传统的现代方式。现实生活与技术之间的平衡。我会建议您观看她的视频和广告
40163,UgzfPRywKjnyz98qeZx4AaABAg,0,4 years ago,they're life seems simple yet peaceful been watching their videos i love it,他们的生活似乎很简单，但是和平看着他们的视频，我喜欢它
4578,Ugzdlqd2X-jwtt68GoZ4AaABAg,0,1 year ago (edited),i used to watch with someone. rmb this relaxing sound and peaceful view,我曾经和某人一起看。 rmb这种轻松的声音和和​​平的景色
40224,UgxrA8U9akRcblODKN14AaABAg,0,4 years ago,her life seems productive and peaceful.,她的生活似乎富有成效与和平。
40261,UgyD8qgeBxwys-qyj054AaABAg,0,4 years ago,this simple and peaceful life & this pretty girl doesn't know where ??,这种简单，和平的生活和这个漂亮的女孩不知道在哪里？
40524,Ugwvh0NRsr2Rv_odwdd4AaABAg,0,4 years ago,that's so peaceful.,那太和平了。
39843,Ugzl_j1FI-RF5D_GVQl4AaABAg,0,4 years ago,i have d feeling dat she may be having d most peaceful life in d world.....i hope so too.....awsome video....๐๐๐๐,我觉得她可能会在世界上过着最和平的生活.....我也希望.....太棒了。
18632,UgxGvLR_AC5sfKQfB6V4AaABAg,0,3 years ago,why would any sane person dislike her videos!!!??? she is an amazing peaceful person !,为什么任何理智的人都不喜欢她的视频！她是一个了不起的和平的人！
5796,UgzY6KK_ewzt5VqV0OZ4AaABAg,0,2 years ago,u have a peaceful life and sweet u will having fun with grandma and grandpa,你有一个和平的生活，甜蜜的你会和奶奶和爷爷
36915,UgxIjurTDerbv1Cz07l4AaABAg,0,4 years ago,i really like to see this girl .. she's very good .. the countryside is very peaceful,我真的很喜欢看到这个女孩..她很好..乡村很宁静
7453,UgwkJWWDx4BQ9x0wWUt4AaABAg,0,2 years ago,"when you make a magnificent village life, there is everything abundance natural all villages, no matter which country is just body strength and work after working peaceful sleep",当您过着宏伟的乡村生活时，所有村庄都有丰富的自然自然，无论哪个国家都只是身体力量和工作，在宁静的睡眠后工作
36750,UgyI7JvH-Zd6OGDiLLZ4AaABAg,0,4 years ago,this feels like it should be in a ghibli movie sksjskjs that seems like such a nice peaceful life,感觉应该是在吉卜力电影中
36630,UgzvMG9fxvH-FWW2hmB4AaABAg,0,4 years ago,"i live in a city where you can't have a normal peaceful day and i always wanted to live like her, hard work, peace, little house, happyness",我住在一个您不能过着正常和平的一天的城市，我一直想像她一样生活，辛勤工作，和平，小房子，快乐
36506,UgyoBoFkzDK1bEhX-id4AaABAg,0,4 years ago,"itโ€s so nice to look, you canโ€t take your eyes off the picture, everything becomes peaceful and calmly in my soul. thank you!",看起来真是太好了，您无法将视线从图片上移开，一切都变得和平而平静。谢谢你！
36500,Ugw8Udt4rD8Nv6DH7LJ4AaABAg,0,4 years ago,"this is the kind of life i want for my patentes and me. someday all their hardwork, all their sacrifices and all they've done will pay. i swear. they deserve something as wholesome and peaceful as this. and i'll make it happen.",这是我和我的专利人想要的生活。有一天，他们所有的努力，所有的牺牲以及他们所做的一切都会付出。我发誓。他们应该得到这样有益健康和和平的东西。我将实现它。
36429,Ugzas4JXYrcHj4mC_jp4AaABAg,0,4 years ago,i seriously want to live like this. it's so peaceful and nice.,我真的想这样生活。它是如此的和平与友善。
36422,UgxjzN8yvzkY0VCUEKl4AaABAg,0,4 years ago,this is so peaceful and overall beautiful..,这是如此和平，整体美丽。
7731,UgxSgCYsMbdkY4I6If14AaABAg.9JSet9Ah3H29JvgQwdZ873,0,2 years ago,i think it's peaceful,我认为这是和平的
36353,Ugw0vh03FgxLem9D22F4AaABAg,0,4 years ago,"i want to live s life like her. no technology, simple peaceful life with nature โค๏ธ",我想像她一样过上的生活。没有技术，简单的和平生活与自然
36347,Ugy5Tk_Zscie2sc9TEd4AaABAg,0,4 years ago,this is so peaceful,这是如此和平
36328,Ugz5A2jNkRhJBAA_Vsd4AaABAg,0,4 years ago,this video is so satisfying...what a peaceful life,这个视频是如此令人满意...多么宁静的生活
36221,UgylXJmys1bNPai7Ot14AaABAg,0,4 years ago,why is it so peaceful looking over dere,为什么如此和平地看着德尔
36187,Ugx6-ctvuBs_si3DfC14AaABAg,0,4 years ago,"beautiful and very active lady, is showing enjoying life. very peaceful environment .",美丽而活跃的女士，正在享受生活。非常和平的环境。
36184,Ugy9Q_oqdBsYlLIo3ix4AaABAg,0,4 years ago,what a peaceful life:),多么宁静的生活:)
36173,Ugw9Mub3LsWXeMOtLbl4AaABAg,0,4 years ago,the place sheโ€s lives is beautiful everything looks peaceful ๐,她生活的地方很美，一切看起来都和平
7208,Ugz3UpCbQbuG09n_9It4AaABAg,0,2 years ago,"after seeing a peaceful video like this, don't plan to waste time to think why there are dislikes. just want to say, i like it",在看到这样的和平视频之后，不要打算浪费时间思考为什么不喜欢。只想说，我喜欢它
36993,UgzIdPLAtOjj36G0Qgx4AaABAg,0,4 years ago,most calm and peaceful videos i ve ever seen..,我见过的最镇定和和平的视频。
5976,UgxoEEsfv-s9K_EX9yR4AaABAg,0,2 years ago,"the videos are very peaceful, i always watch. very hardworking and beautiful girl.",视频非常和平，我总是看。非常勤奋和美丽的女孩。
37206,UgyIkoJhQTvOAUdn9k54AaABAg,0,4 years ago,o my gosh! at first i thought it's a scene from any heavenly movie โค... it was mesmerizing โค..she....the place...the background music..the puppies...the sheep...the foods she made....each and everything was sooooooo beautiful and peaceful... heavenly....o my gosh! i wish the whole world was like thisโคโคโคโคโคโค,我的天啊！起初，我以为这是任何天上电影的场景...令人着迷❤..她..... ....每件事都很美丽与宁静...天堂般的....哦，天哪！我希望整个世界都像这个
6283,Ugx8nG2qhN8UfEgsh5R4AaABAg.9MVMGGWEbXQ9PSDz1ZUR1-,0,1 year ago,"yeah, such a peaceful life!",是的，如此和平的生活！
38451,Ugw6VX6WzlIr6pAa93Z4AaABAg.8tXqTe4SQef8unR6bd081N,0,4 years ago,so beautiful peaceful and so nature :) i wish i can visit that place one day ^_^,如此美丽的和平和如此自然:)我希望我可以有一天去那个地方 ^_ ^
38353,UgxDuDUTypT64kwELgh4AaABAg,0,4 years ago,i just want to live like this girl and will live like this ... no fame and fame .. far away from lying a lot of lies ... the peaceful mind ...,我只想像这个女孩一样生活，会这样生活...没有名望和名望..远离撒谎的谎言很远...和平的头脑...
38352,Ugwtcf4lMZFLtS_3oeV4AaABAg,0,4 years ago,i feel so peaceful when i see your videos i also love cooking but you are way better than me ๐…๐๐‘๐ป๐‘๐ป๐‘๐ป๐‘๐ป๐‘๐ป๐‘๐ป๐‘๐ป๐‘๐ป,当我看到您的视频时，我感到很宁静，我也喜欢做饭，但是您比我更好
3674,Ugz-SPDAM4e58LNnrGd4AaABAg,0,1 year ago,i wish i live there. so peaceful.,我希望我住在那儿。很平静。
38163,Ugz4VZlgiOmxK5_8esJ4AaABAg,0,4 years ago,how can it look so peaceful?,看起来如何如此和平？
38139,Ugz62fc7P6ezOZLwgOh4AaABAg,0,4 years ago,"how i wish to have such kind of a peaceful and quite life away from the hustle and bustle of city life. to hear the rooster crows, the rain that patters the breeze that gently blows...",我希望拥有如此和平而相当的生活，远离城市生活的喧嚣。为了听到公鸡乌鸦，雨水轻而易举地吹来...
38073,UgyXFHt5gyP8BIRWR0p4AaABAg.8tgdAy9n_708tl9xhpamEN,0,4 years ago,"my hometown is near this place in video, beautiful peaceful place.",我的家乡在视频中的这个地方附近，美丽的宁静地方。
38051,Ugw9_NMEHebzecJKWcl4AaABAg,0,4 years ago,i think i saw a dream like a dream .. it's really beautiful and peaceful.,我想我看到了一个梦想的梦。.它真的很美丽，和平。
38015,UgwFQfSqttywjJS0AOZ4AaABAg,0,4 years ago,im jealous of here simple and peaceful life..,我嫉妒这里简单而和平的生活..
38008,UgwymeBmPkTYeRw6Oid4AaABAg,0,4 years ago,"everything looks so good.i want to live a nice, quite village life you do.everyone in your village seems to be so humble and lead a simple life.it's a very peaceful environment.thanks for the video.",一切看起来都很好。我想过上一个美好的乡村生活。您村里的每个人似乎都很谦虚，过着简单的生活。这是一个非常宁静的环境。感谢视频。
37981,Ugx84BexfOKw5k-yM494AaABAg,0,4 years ago,my day was too bad today.ur video made me smile.its make me feel soo calm and peaceful. eating and packing and doing all thing are really mind blowing and also little funny.thank u so much.,今天我的一天太糟糕了。视频让我微笑。它使我感到宁静与和平。饮食和包装和做所有事情真的很振奋，而且很有趣。谢谢。
6477,Ugz8ZEoOpUqoTGN5gWF4AaABAg,0,2 years ago,"wow. it's just nice to watch. i feel that life is abundant, simple and peaceful",哇。很高兴观看。我觉得生活丰富，简单且和平
6580,UgzzFJgYHpDpAyMNimd4AaABAg,0,2 years ago,see feel peaceful and happy :),看到和平与快乐:)
37439,Ugz-mFYlLUd0_cYsDUd4AaABAg,0,4 years ago,"truly peaceful, want to have c/s ntn ๐",真正和平，想要拥有C/S NTN
38200,Ugy3nsOXph-ls_QJzF54AaABAg,0,4 years ago,i would give everything to live a peaceful life like her,我会付出一切，像她一样过上和平的生活
41735,Ugz9eePxEEsUBXklojh4AaABAg,0,4 years ago,to me.. they are rich.. not own many stuff but they have all their needs that nature gives to them. they live in peaceful place and healthy food,对我来说..他们很富有..没有很多东西，但是他们有大自然给他们的所有需求。他们生活在宁静的地方和健康食品
41080,Ugy2nvkO2kxzKBpZFF94AaABAg,0,4 years ago,peaceful to watch after a long day,漫长的一天之后观看
1912,UgxFbMuJmFZhp7IUCRJ4AaABAg,0,1 year ago,"god bless this family .
peaceful ... what a beautiful harmony... 
far from a city and technology .
real life is maturely simple.","上帝保佑这个家庭。
和平...多么美丽的和谐...
远离城市和技术。
现实生活很简单。"
49065,UgxvqcHyxlOeXYUmjcl4AaABAg,0,4 years ago,peaceful,和平
48545,UgzmxbHDQQa3OV3bMrF4AaABAg,0,4 years ago,"can someone please tell me if she is real? or is an actress?? i can’t believe how peaceful and comforting her channel is. i just can’t believe someone like her even exists. her contents are just so organic, meditating and addicting!",有人可以告诉我她是否真实吗？还是女演员？我不敢相信她的频道有多安宁和安慰。我只是不敢相信像她这样的人甚至存在。她的内容是如此有机，冥想和上瘾！
48214,UgxvGVEDpAt285HRBah4AaABAg,0,4 years ago,"a peaceful countryside, rich and beautiful land as in the comic. i like this place!",漫画中的宁静乡村，丰富而美丽的土地。我喜欢这个地方！
48177,UgztRHKu7Ghl25ZNUcR4AaABAg,0,4 years ago,i wish i could live there! so peaceful and beautiful.,我希望我能住在那里！如此和平与美丽。
48163,Ugx_Wn_a9wau7Cd4nAp4AaABAg,0,4 years ago,god ... the only one can ... live a life that many people admire. peaceful but not tedious .....,上帝...唯一可以……过许多人欣赏的生活。和平但不乏味.....
1892,UgwAaKIStVMxQQWcBoN4AaABAg,0,1 year ago,life is so peaceful. like ge.,生活是如此和平。喜欢GE。
47780,UgxKel3DK7WqorJg_WR4AaABAg,0,4 years ago,am i the only one who watch this because it makes me feel relax? and honestly it just reminds me how beautiful earth is and how peaceful our life could be!,我是唯一因为我感到放松而观看这件事的人吗？老实说，它使我想起了地球有多美丽，我们的生活有多宁静！
47647,Ugx60tKhVMFfbv0GPWl4AaABAg,0,4 years ago,"there were a lot of expressions of an unusual angle and it was very good.
in a peaceful atmosphere, i think that the places that make sweets and treats and have fun are well expressed.
the figure that is surprised by the explosion is also very cute 
isn't your grandmother hot?
if you sell it to japan, i want to buy it.
i'm looking forward to it again!","有很多异常角度的表达方式，非常好。
在宁静的氛围中，我认为制作糖果和零食并获得乐趣的地方得到了很好的表达。
爆炸感到惊讶的人物也很可爱
你的祖母不是很热吗？
如果您将其出售给日本，我想购买。
我再次期待它！"
46247,Ugyy5Z8EyUvYyE26vWJ4AaABAg,0,4 years ago,hello from the usa. great videos! always relaxing and peaceful. thank you,来自美国的你好。很棒的视频！总是放松与和平。谢谢
47544,UgyI2D1gqy-gkw9vcB54AaABAg,0,4 years ago,"the most peaceful video i've ever watch, thank you",我看过的最和平的视频，谢谢
47463,UgzfaGijE2NHaKPOWFd4AaABAg,0,4 years ago,"i'm a new subscriber and i'm from india 
i'm enjoying your vedio and all are peaceful and nice ur so beautifully mam ....and uploade 1 vedios daily plzz i'm waiting for ur vedio","我是一个新的订户，我来自印度
我很喜欢你的吠陀，所有人都和平又友善，你真是太漂亮了。"
47243,UgznjnwgOgvnQYUIglt4AaABAg,0,4 years ago,i wish my home was like this; it seems so peaceful.,我希望我的家就是这样。似乎是如此的和平。
47157,UgwsDRmJAY6FJXoygWx4AaABAg,0,4 years ago,the girl's life is so simple and peaceful,女孩的生活是如此简单和和平
47150,UgyKrdYyY8P_KzIpveV4AaABAg,0,4 years ago,"a big hello from india, though im truly vegan but i love watching your videos,love the details,the way things are shot, i mean its really very peaceful to watch, and good to know the ancient culture...thumbs up",来自印度的一个大招呼，尽管我确实是素食主义者，但我喜欢观看您的视频，喜欢细节，拍摄方式，我的意思是它真的很安静，很高兴知道古老的文化...
46998,UgylT3H0-hrhPKAPSzJ4AaABAg,0,4 years ago,"her village is really beautiful, full of fruits, really a peaceful place",她的村庄真的很漂亮，到处都是水果，真的是一个和平的地方
46948,UgxcTFKCYHxk0R7M_8J4AaABAg,0,4 years ago,i like yr life there take me with u really this is called peaceful life,我喜欢你的生活
49364,UgxjTCVZlgsyF9r6OXV4AaABAg,0,4 years ago,i hope the whole world is so peaceful ...,我希望全世界如此和平...
49596,UgzPrMIr-IOHlYM3iMh4AaABAg,0,4 years ago,i love it it was so peaceful and relaxing. happy chinese nee year everyone,我喜欢它是如此的和平和放松。大家
49754,UgwAXa8wDaSUmOcm7CN4AaABAg,0,4 years ago,"oh my gosh!! were you going to have a party? everything looks great!!. what a beautiful peacefull life! i envy you...(the good way)!! peace, love, & prosperity.",天啊！！你要参加聚会吗？一切看起来都很棒！！。多么美丽的和平生活！我羡慕你...（好方法）！和平，爱与繁荣。
49957,Ugz2iRD4Vppr_vftBSp4AaABAg,0,4 years ago,how refreshing and peaceful to live in a village,住在村庄多么令人耳目一新
556,UgxaCZHbNFc5fXGm-2N4AaABAg,0,4 months ago,"everything has, bik. how much is peaceful",一切都有，比克。和平多少钱
52348,UgxjwnSkM-6BDldc9mt4AaABAg,0,4 years ago,so healing and peaceful,所以康复与和平
52341,UgzlRLdaow_S2a13LMJ4AaABAg,0,4 years ago,truly peaceful,真正的和平
880,Ugy5ufRZtKASp_s3ddx4AaABAg,0,6 months ago,so relaxing and peaceful๐€,如此放松和和平
52279,UgzDELAotxtU-kRDeW54AaABAg,0,4 years ago,so peaceful . what a wonderful life. love your. videos,很平静 。多么美好的生活。爱你的。视频
52155,Ugydz4Ro8seD1fvnQrh4AaABAg,0,4 years ago,"your videos always make me feel peaceful. and my dream is live in the place like your area when i grow old. with beautifu scenery, nice weather, warm sun, foggy road",您的视频总是让我感到和平。我的梦想像我长大时一样在您所在的地方生活。拥有美丽的风景，良好的天气，温暖的阳光，有雾的路
1010,UgwdV-0nlDN3b6R7VgR4AaABAg,0,8 months ago,peaceful and joyful,和平与快乐
1153,Ugznj3V8Ee2BQqb14PV4AaABAg,0,9 months ago,i watched ein beautiful most pleasant most peaceful video sehr schรถn ๐‘๐ป๐’ฏโค๏ธ๐น๐ท๐น๐ท๐น๐ท๐น๐ท,我看了Ein美丽最愉快的最宁静的视频SehrSchön
51622,Ugz9vNbHZf3yCE1Tq-x4AaABAg,0,4 years ago (edited),"the dogs are so cute 
such peaceful life i wish i can live with nature like you","狗是如此可爱
如此和平的生活，我希望我能像你这样的大自然生活"
51092,UgzqI877VEC-rqgwgxB4AaABAg,0,4 years ago,your place was amazing its so peaceful,您的位置太神奇了，如此和平
1248,UgwICGpXwyWFNl7YWIl4AaABAg,0,9 months ago,the feeling is too peaceful,感觉太宁静了
1587,Ugwv5Co1U0wD24G8MxJ4AaABAg,0,1 year ago,so peaceful *,很平静 *
50133,UgxzzYVDoafPIAl0UIJ4AaABAg,0,4 years ago,even if i don't understand chinese i will stil watch your videos! it is just so relaxing and i feel so peaceful thank you! happy lunar new year!,即使我不了解中文，我也会观看您的视频！真是太放松了，我感到非常宁静，谢谢！农历新年快乐！
50097,Ugw3FVy-OcATD2Zgnhl4AaABAg,0,4 years ago,where is this? i need a peaceful place like this to live!!!!!!,这在哪里？我需要一个像这样的和平的地方来！
49971,UgzAx4iGTb8RdKxt7154AaABAg,0,4 years ago,"love it ! you've never disappoint and always surprising me!
such a peaceful life...is it all for real or just for your channel?
please, don't reply if it's not true. let me dream that it's still possible to just be...","爱它 ！您永远不会失望，总是让我感到惊讶！
如此和平的生活...这一切都是真实的还是仅适用于您的频道？
请，如果不是真的，请不要回复。让我梦见，仍然有可能成为..."
46413,UgzLDnRKk7GtdSk-LDl4AaABAg,0,4 years ago,"this is so peaceful, everything in this video is so beautiful, thank you so much for sharing this amazing video with us",这是如此宁静，这段视频中的所有内容都非常漂亮，非常感谢您与我们分享这个令人惊叹的视频
46018,UgzlB95TV2uUQGQisOd4AaABAg,0,4 years ago,i wish to live life like she did not compete materially without running after the simple and peaceful currency.,我希望像她没有经过简单且和平的货币那样奔跑的生活，就像她没有实质性的竞争一样。
41194,UgxcWgb7-FJfBSDzfqV4AaABAg,0,4 years ago,it was too ha to have a goat later..the peaceful life ...,稍后再有一只山羊是太不安了..和平的生活...
42191,UgyWdIatEFn1zmBlMml4AaABAg,0,4 years ago,does anyone in vietnam come here to see. peaceful .. when the store opened it to see if it was relieved ..,越南有人来这里看看吗？和平..当商店打开它以查看是否松了一口气时。
43086,UgybPGf-nxdFQQUWNAJ4AaABAg,0,4 years ago,"i want to live like this..peaceful, happy and contented. ❤️ i love to watch this kind of videos.",我想这样生活..和平，快乐和满足。 ❤️我喜欢看这种视频。
43035,Ugw9GZs9TOFagMN7TCV4AaABAg.8rSFVREWTcL8rh7JGkRxgZ,0,4 years ago,@roseangel7903 take a vacation to a peaceful place,@Roseangel7903去一个宁静的地方度假
42960,UgxP73KmZcwB8sVj7SJ4AaABAg,0,4 years ago,"beautiful! ❤thank you for sharing this amazing atmosphere, it gives calmness and peaceful joy. but where all that incredible organic sweets are going, to local market?",美丽的！ ❤感谢您分享这种令人惊叹的气氛，它带来了平静和和平的喜悦。但是，所有这些令人难以置信的有机糖果都在哪里？
42945,UgzXjYOacC8C-kKcCQN4AaABAg,0,4 years ago,"wow, i really like the peaceful setting , it’s so beautiful!!",哇，我真的很喜欢和平的环境，真漂亮！
42925,UgwLmWfFhELEUY8-uWB4AaABAg,0,4 years ago,what did i just watch?? oh my god looks so peacefully theree!! i wanna go there if i had more money :)),我只是看什么？哦，我的上帝看起来如此和平！如果我有更多的钱，我想去那里:)）
42846,UgzzoULC8x6Rx-xvXBZ4AaABAg,0,4 years ago,"lovely ,peaceful great videos ! i wish i was there !",可爱，和平的伟大视频！真希望我当时也在 ！
42502,Ugz_QY6MvOSw6KUIf8V4AaABAg,0,4 years ago,what i wouldn't give to end up with a peaceful woman such as her. just a pipe dream for a kid in the middle of no where.,我不会给像她这样的宁静女人。只是一个没有什么地方的孩子的梦想。
41982,UgxCxsdUeFk0iLliQQp4AaABAg.8roqfh3F7vs8s4_YGQkv3B,0,4 years ago (edited),"viet nam is the same. it's not miracle like that but it has organic food, simple and really peaceful life. i was born in countryside and now work in big city, however i really enjoy wonderful time when back home",越南是一样的。这不是那样的奇迹，但它具有有机食物，简单而又和平的生活。我出生在乡村，现在在大城市工作，但是我真的很喜欢回到家时的美好时光
45659,UgzkJwobXQqr_ZoIpkd4AaABAg,0,4 years ago,more i see more i fall in love with ur show . ..simply love your show .music is so soft n peaceful..and food u cook looks so yummy,我看到更多我爱上了你的表演。 。
3156,UgyPVrUg3pOUfn1hceR4AaABAg,0,1 year ago,so peaceful,很平静
41866,UgwDlfz_6l9rC9aUjHt4AaABAg,0,4 years ago,i wanna live that place. i think everything is there. and a peaceful life.,我想住那个地方。我认为一切都在那里。和和平的生活。
41754,UgwgsnCKe3soC3ZGBvN4AaABAg,0,4 years ago,just loved this video.peaceful and healthy life.,只是喜欢这个视频。
35951,UgzKy2iy8if1Dofa3zZ4AaABAg,0,4 years ago,so sweet of u and so peaceful to watch ur channel. keep it up,你真是太好了，很安静地看着你的频道。继续努力吧
41726,Ugw5L7WR7L14mxgorOx4AaABAg,0,4 years ago,your video í just so calm and peaceful,您的视频是如此镇定和和平
41336,UgzijMLvZxWVecjK9mR4AaABAg,0,4 years ago,"this video makes me feel peaceful, calm and relaxed because of the music and views that are served are extraordinary .. keep up to make more videos like this girl ...",这段视频使我感到和平，镇定和放松，因为音乐和景色是非凡的。。。。。。。。。。。。。。。。。。。。。。
41322,UgzpJDSEXoLD3FuLGLZ4AaABAg,0,4 years ago,"initially i was jealous, how could someone live so peaceful in such natural environment, but considering all the technology and entertainment we have in the city, the feeling gets complicated.",最初，我很嫉妒，一个人如何在如此自然的环境中生活如此和平，但是考虑到我们在城市中拥有的所有技术和娱乐，这种感觉变得复杂。
43218,UgwBxG9e57owSoYR5hZ4AaABAg,0,4 years ago,"i wish i would live so peacefully later. in a few years, i only hope to live peacefully.",我希望我以后会和平地生活。几年后，我只希望和平地生活。
3152,Ugx5Y3ZfZckI3rBgphV4AaABAg,0,1 year ago,peaceful so happy,和平如此快乐
43398,UgwL3DJ7dk08ACKjfNt4AaABAg,0,4 years ago,"like this way of life, feeling peaceful, not busy, happy, fresh, independent, in the midst of abundant nature",就像这种生活方式一样，在丰富的大自然中感到和平，不忙，快乐，新鲜，独立
2943,UgzFsadHW2ljJVzFRiJ4AaABAg,0,1 year ago,it's so peaceful ... i love it,太和平了...我喜欢它
45432,UgyaxPcs1FFVlWsVqX94AaABAg,0,4 years ago,"mjk is very happy to see this one is a peaceful place but warm, anyone sees v k",MJK很高兴看到这个地方是一个宁静的地方，但温暖，任何人都看到V K
45369,UgxlhimWspu85X5_hcR4AaABAg,0,4 years ago,"those are sunflower seeds not melon seeds, right? i truly love the peacefulness to the cinematic video editing and soothing background music! esp when she picked that pomelo with the perfect shaped basket fruit picker lol it was so calming to watch",那些是葵花籽而不是瓜子，对吗？我真的很喜欢电影视频编辑和舒缓背景音乐的和平！特别是当她用完美形状的篮子拾取器大声笑挑选pomelo时，这真是太平静了
2096,Ugzr7IZeDFznfqS2w_N4AaABAg,0,1 year ago,wow i wish i had a peacefull life like that,哇，我希望我过上和平的生活
45163,Ugz4KCebmcYKYOjcTnN4AaABAg,0,4 years ago,i wanna go to dis place. so peaceful.,我想去Dis Place。很平静。
44861,Ugyr-8GcwBZKbD64xoh4AaABAg,0,4 years ago,i love her videos so relaxing and calm and peaceful to watch. love the nature and animals.,我喜欢她的视频，非常放松，镇定和宁静。爱大自然和动物。
44706,Ugw0K0bQJAK27ylxErl4AaABAg,0,4 years ago,"countless puppies, one small sheep, a large yard, a peaceful and healthy hometown life, the winner of life is your",无数只小狗，一只小绵羊，一个大院子，平静健康的乡野生活，人生赢家非你莫属
44545,UgzVHaNP8yyuLtfvzKN4AaABAg,0,4 years ago,delight peaceful cookin,愉快的和平的厨师
44455,UgxLMkCIWRv4tCV5yfN4AaABAg,0,4 years ago,so peaceful:(,很平静：（
44291,UgzH6dHU5lRCQxlKAlN4AaABAg,0,4 years ago (edited),very peaceful place and she works also peace of mind,非常宁静的地方，她也很安心
43890,Ugz-ljo_hBYjhBTb5h14AaABAg,0,4 years ago,"i crave a life like this, so peaceful and surrounded by beauty",我渴望这样的生活，如此宁静，被美丽所包围
43839,UgxSJHaH7YdsBw3cAs94AaABAg,0,4 years ago,really this vedio is very peaceful,真的这个吠陀很和平
43686,UgyYxevpF3Sq-tmTobB4AaABAg,0,4 years ago,hi. your way of life is so inspiring and very relaxing to watch since my day is full of stress from studying and exams. thank you for sharing this. i aspire to live a life this peaceful and wholesome,你好。您的生活方式是如此的鼓舞人心，非常放松，因为我的一天充满了学习和考试的压力。感谢您分享这一点。我渴望过上这种和平和有益健康的生活
43519,UgwpbF56ihkN2LsmBQl4AaABAg,0,4 years ago (edited),"watching these videos sometimes makes me wish we all live like this
and wish we all enjoyed a simple, peaceful and joyful life in the comfort of our small cozy homes (without electricity, internet...even vehicles and especially money) surrounded by the beauty and resources nature has to offer
imagine how much healthier and happier we would all be, physically, spiritually and mentally from the fresh and natural food and the physical activities in that daily life","观看这些视频有时会让我希望我们都这样生活
并希望我们所有人都舒适地享受着简单，和平与快乐的生活
想象一下，从新鲜和天然食物以及日常生活中的身体活动中，我们在身体，精神上和精神上都会变得更健康和快乐"
2484,Ugz6OUVaHZq2vJQrj1t4AaABAg,0,1 year ago,"if there is a test, i can also have a peaceful life like you, that is, ...",如果有测试，我也可以像您一样过上和平的生活，也就是说...
2785,UgySOuTV1uM1dJGPjW94AaABAg,0,1 year ago,this channel shows a slice of peaceful and beautiful life,这个频道显示了一片和平与美丽的生活
35980,UgwoxYHuB7dJlQLDuA14AaABAg,0,4 years ago,i want to live this peacefully,我想和平地生活
8245,UgyrwmmVVXG19-i9YNd4AaABAg,0,2 years ago (edited),"most incredible thing is,everything is pure,fresh,unadulterated, fragnant.life is so peaceful there.
she is really strong and enthusiastic.actually, she is wonder woman 2.0","最令人难以置信的是，一切都是纯净的，新鲜的，纯净的，脆弱的。
她真的很坚强和热情。实际上，她是《神奇女侠》2.0"
35941,Ugyw4DsnAgTFk9wM5g54AaABAg,0,4 years ago,"her life must be very peaceful and quiet. she works hard for herself and her family. it must be tough living there but iโ€d also like to experience that. no noise, no claustrophobic buildings and last but not atleast no gadgets or wifi. although iโ€m not sure if thatโ€s entirely true since theyโ€re using a camera. even just for a day or a week, i hope i can experience a calm and peaceful time with her or just like her.",她的生活必须非常和平与安静。她为自己和家人努力工作。那里一定是艰难的生活，但我也想体验到这一点。没有噪音，没有幽闭恐怖的建筑物，最后但至少没有小工具或wifi。尽管我不确定这是否完全正确，因为它们正在使用相机。即使只是一天或一个星期，我也希望我能与她或像她一样经历平静而和平的时光。
14510,UgxXxhsEMCJnhogu9DR4AaABAg,0,2 years ago,i become peaceful after watching this,观看这次thanks之后，我变得和平
26930,Ugx_E8uzD5dNnbmqYIV4AaABAg,0,3 years ago,when it is peaceful and no cheats,当它和平而没有作弊时
26807,Ugz4wJXZgNDOc3q-oIF4AaABAg,0,3 years ago,so peaceful and delicious โค๐ค—,如此和平和美味❤
14027,UgzBbeif6eTZ_wYv3zR4AaABAg,0,2 years ago,how peaceful and beautiful her village . wowwwww love it,她的村庄多么宁静和美丽。 wowwwww喜欢它
14065,UgzWt1ty2hp2CY4qzF94AaABAg,0,2 years ago,its totally a peaceful life.....loved it.,这完全是和平的生活.....喜欢它。
25903,Ugzg51UwhIoJkS1R1H14AaABAg,0,3 years ago,i want to live just like them ๐ญ๐ญ itโ€s so peaceful,我想像他们一样生活
25776,UgyQxuxwjACUOQzp-Md4AaABAg,0,3 years ago,0:24 so peaceful,0:24如此和平
25544,Ugz9AeJWAMiEPeQ_09l4AaABAg,0,3 years ago,"peaceful and carefree, but not like me now",和平与无忧无虑，但现在不像我
14702,UgyD5hnEL0sMcF-8xst4AaABAg,0,2 years ago,the most peaceful channel in youtube,YouTube中最和平的频道
13933,UgxTDf9EAM-0bPzavM54AaABAg,0,2 years ago,even her sheeps look peacefull,甚至她的绵羊看起来很平静
25316,UgxZYu6YlaUNU57i5sd4AaABAg,0,3 years ago,"geez, it's really peaceful, i want to live, i want any fruit to stay, any metik is available ...",geez，真的很和平，我想活着，我希望有任何水果留下来，任何Metik都可以使用...
25178,UgwPQwu_b5AdFc6k9D54AaABAg,0,3 years ago,such peaceful village,如此宁静的村庄
25079,Ugwj6Seym7usuaYYM2F4AaABAg,0,3 years ago,"you are very sweet !!! you are super !!! i rest when i look at you! you are calm and peacefulness at once! you are prosperity! thank you, i only put thoughts with you in order !!!",你很可爱！你是超级！我看着你时我休息！你一次镇定和宁静！
25005,Ugyo7gue4RMuw7A26Qp4AaABAg,0,3 years ago,this video!! music. cinematography and overall just put me in a peaceful state and safe aura after having a veu stressful dangerous day in the big city.. thank you,这个视频！！音乐。摄影和总体上只是让我处于宁静的状态和安全的光环之后，在大城市度过了压力很大的危险的一天。谢谢
24898,UgwHxEQZJ1TMbrrekPZ4AaABAg.905qohjHkaM920ysupw5zP,0,3 years ago,"i love her way of life,its so pure and so peaceful,and the granma is blessed to have her,she gets to eat all that great food!!",我爱她的生活方式，如此纯洁，如此宁静，而Granma很幸运地拥有她，她可以吃所有的美味佳肴！
24842,UgyiDDa6tlz69ZPD3u94AaABAg.90BWA-ivq-791DJbV5_7BQ,0,3 years ago,it seems very peaceful โค,似乎很和平❤
24757,UgzNcm-UFwL8QHi47_V4AaABAg,0,3 years ago,peacefull place..i like this,和平的地方..我这样
26932,UgzC0n6xlm-yt64_NG14AaABAg,0,3 years ago,she was blessed with how peaceful life supposed to be..๐ฅฐ,她为自己的和平的生活应该是多么的祝福。
13791,UgwFwoysQEftftzrdtZ4AaABAg,0,2 years ago,"i know this feeling disappear at the end of this video, but i really really want to go back in time to the days where people were living this kind of peaceful live .",我知道这种视频结束时这种感觉消失了，但是我真的很想回到人们过上这种和平的生活的日子。
119,Ugxl3Sx4gfcMmk_pQIh4AaABAg,0,3 weeks ago,"although it is different from the real rural life, everything is so quiet and peaceful. most of the chinese people who are in farming civilization have come from ancient times to the present. in front of the world!",虽然和真实的乡村生活有区别，但一切是那么地宁静与祥和，身处农耕文明的大部分中国人民从古至今都是这样过来的啊，真的很佩服她能把这样美好的画面呈现在世人面前！
28515,Ugw2xOB1_W7Ha45IetF4AaABAg,0,3 years ago,i looove all of her videos. they are so peaceful ๐’•,我借鉴了她所有的视频。他们是如此和平
29049,UgxO8t8XT3V1-0p0pzl4AaABAg,0,3 years ago,"life like that, so peaceful and poetic: (((((((",这样的生活，如此和平与诗意：（（（（（（（（（（（（（
28920,Ugw0Ci90mJN0BKtDasF4AaABAg,0,3 years ago,i love the way she cooks and the peaceful place where she lives.,我喜欢她做饭的方式和她居住的宁静地方。
28879,UgyteHlUgmi5RpAidqt4AaABAg,0,3 years ago,calm and peaceful.... i just love what she does,冷静与和平....我只是爱她所做的
28796,UgzfgHHCqOGqLY79pvB4AaABAg,0,3 years ago,likes to live like that. peaceful comfort.,喜欢这样生活。和平安慰。
28768,UgzlZdEOP-vMgqbW7dp4AaABAg,0,3 years ago,life is peaceful,生活是和平的
13037,UgxEmvOdQ-Xk928miWJ4AaABAg,0,2 years ago,it is so peaceful to see her,见到她真是太平静了
13282,UgwfGs812EPtsJsG5O54AaABAg,0,2 years ago,i am sick and i watched your video...it was so calm and peaceful,我病了，看过你的视频...太镇定和宁静了
13284,UgyaznhFZKZxhVzJGHF4AaABAg,0,2 years ago,peaceful,平静的
27348,UgwoBK95SLTCe-m60uJ4AaABAg.8zKMCb-XwpB948sphBxrit,0,3 years ago,"i hope that she will pass away peacefully...
ยฐโ“ยฐ","我希望她能和平地去世...
°✓°"
28417,UgykIkDPNXLlLROk0q94AaABAg,0,3 years ago,"she never gives the puppies any attention -- that's the only thing i'd change. what a peaceful, beautiful location!",她从不给小狗提供任何关注 - 这是我唯一改变的事情。多么宁静，美丽的地方！
28335,UgzKeZkqfxR4YrOMjGl4AaABAg,0,3 years ago,peaceful life,和平的生活
28080,UgxhahqYdYfFhQujmmJ4AaABAg,0,3 years ago,don't you get tired doing all these things alone..thanking you very much for making our mind peaceful..,您不是一个人做所有这些事情。
27854,UgxkaE6iq4MTNV_WKzl4AaABAg,0,3 years ago,peacefull,和平
13369,UgwqljrhGSDjtWXjuTR4AaABAg,0,2 years ago,i like ur lifestyle it's a very peaceful life,我喜欢你的生活方式，这是一种非常和平的生活
27778,Ugyg7NDuX-eI551an2p4AaABAg,0,3 years ago,really very peaceful ๐๐,真的很和平
13610,Ugw8C4NH-MDxFIy8kHR4AaABAg,0,2 years ago,perfect life....peaceful,完美的生活....和平
24739,UgzoZuIlKEcgbp9p_0R4AaABAg,0,3 years ago,"i feel at peace with myself while watching ur all vg videos , feeling just awesome ,,great cool environment, so much peaceful weather, i just speechless , i love mountain area,",我在观看所有VG视频时与自己保持和平，感觉很棒，凉爽的环境，如此宁静的天气，我只是无语，我爱山区，
24655,UgzBfL2XVeK7AXs-cMx4AaABAg,0,3 years ago,really wishing such a house and garden. thanh dam is peaceful. love you so much,真的希望这样的房子和花园。 thanh大坝是和平的。那么爱你
24613,UgxNA20EPqCaX-P0U4V4AaABAg,0,3 years ago,"theres always something soothing about these videos. the sounds, the colors, and if we had smell television the smells. ๐ the music. i even enjoy the sound the wood makes when they chop it and the fire sizzling. and when they scoop stuff out of a container. its all so relaxing, peaceful and beautiful. lol i love it. i wish i was there. ๐",这些视频总会有些舒缓。声音，颜色，如果我们闻到电视的气味。
20750,Ugy9AWA74RK20ofP9bd4AaABAg,0,3 years ago,like life like this. peaceful . happy .,像这样的生活。平静的 。快乐的 。
18097,UgzucH9iCTK7Y3vxjBZ4AaABAg,0,3 years ago,what a peaceful life ...,多么宁静的生活...
18335,UgwkxzU9ENyJwYO1oth4AaABAg,0,3 years ago,the river is really peaceful!,这条河真的和平！
18430,UgwDjguKUTDLvJRvGEp4AaABAg,0,3 years ago,"so very peaceful and relaxing, ( she is cute",如此和平和放松，（她很可爱
20951,UgzifV3i5_ovGXuOoVh4AaABAg,0,3 years ago,i wish life was like this. peaceful calm but full of adventures in the country.,我希望生活就是这样。和平平静，但充满了冒险。
20892,Ugx9auuiL0YQpEVo_XV4AaABAg,0,3 years ago,ohhh... that is such a peaceful and happy life....our lives is but a product of this system of stressed and nothing more. she's living the dream.,哦...那是一种如此和平与幸福的生活。...我们的生活不过是这种压力系统的产物，仅此而已。她正在实现梦想。
20851,UgzX5KMiJYmI0If2DP54AaABAg,0,3 years ago,what a beautiful and peaceful life!!,多么美好而宁静的生活！
20830,Ugx5MogH9bvAQStdsyx4AaABAg,0,3 years ago,she makes hard work look peaceful,她让辛勤的工作看起来和平
20741,UgzdPeNIDSGDcG_lm4t4AaABAg,0,3 years ago,"this takes me to the old age, without technology the peaceful life, i wish that i should have been her cousin",这将我带到了老年，没有技术的和平​​生活，我希望我应该是她的堂兄
24518,UgxDS3lDa0dqApDQmAp4AaABAg,0,3 years ago,it's peaceful and happy ...,和平与快乐...
20372,Ugx4cKpwMCQ6J0BYmX94AaABAg,0,3 years ago,"shady, peaceful",阴暗，和平
20366,UgyYLOxRcDpUjCv7GQl4AaABAg,0,3 years ago,"this place is my fantasy world. every fruit, veggies and livestock is around her. more over it seems quite, peaceful, and amazingly beautiful. who ever married this woman and living with her in this place already claimed heaven. 
liz is one of a kind. much respect! blessings!","这个地方是我的幻想世界。她周围的每个水果，蔬菜和牲畜都在她身边。更加超越，看起来很宁静，令人惊讶。曾经与这个女人结婚并与她一起住在这个地方的人已经宣称天堂。
丽兹是一种。非常尊重！祝福！"
19953,Ugz2GBIjVFa-TZUppSN4AaABAg,0,3 years ago,peaceful but still....,和平但仍然...
19797,Ugy6DX0oIS-TO-hH54B4AaABAg,0,3 years ago,"i love her videos, they’re so peaceful and calm. the wholesome part of youtube.",我喜欢她的视频，他们是如此和平与平静。 YouTube有益健康的部分。
18463,Ugx3GtlvnNbhvTrHrXp4AaABAg,0,3 years ago,so peaceful. such happiness.,很平静。这样的幸福。
19310,UgxtxKoB2a_ceo4USZ14AaABAg,0,3 years ago,"this is the life i want when i grow up tneres food,its peaceful,and cute pets?",这是我长大的食物，宁静而可爱的宠物时想要的生活吗？
19248,UgzBslyEUuVQX7qquMB4AaABAg,0,3 years ago,so peaceful and beautiful videos,如此和平与美丽的视频
21162,Ugwu3lJV-ZOG6XFahEx4AaABAg,0,3 years ago,peaceful. life goal ๐๐,平静的。人生目标
17286,UgwrVbNDBREPG59by-Z4AaABAg,0,3 years ago,peaceful,平静的
17275,Ugxcw2sS2O-3FaenseN4AaABAg,0,3 years ago,her life is so peaceful and inspired,她的生活是如此和平和受到启发
21771,Ugzwx-4196hFJxN3ceJ4AaABAg.93LBik03GBN93LCXoErxnI,0,3 years ago,i can't believe it's in mianyang๏ผis my stay in china fake?my home is 100 kilometers from mianyang๏ผwhere is such a peaceful place?china's rural areas are definitely not like this! absolutely!,我不敢相信它在米安扬（Mianyang），我在中国的住宿是假的吗？我的家距离米扬（Mianyang）100公里，这是一个和平的地方？中国的农村地区绝对不是这样！绝对地！
24396,UgxMMxdAxWkaPDtcXTJ4AaABAg,0,3 years ago,just wishing to be with you and peaceful life v is enough,只是希望和你在一起，而和平的生活v就足够了
24320,Ugx2xWKGqHXRy7x9XAV4AaABAg,0,3 years ago,"feeling like lost in another world, peaceful, gentle ..
่ฐข่ฐขใ€","感觉像迷失在另一个世界中，和平，温柔..
谢谢。"
15096,UgyMPbonwvcfHozgypt4AaABAg,0,3 years ago,"ever since i was a young kid i've always wanted to live like this. in nature, alone with my own resources, peaceful. i'd only go back to get things i cant make or grow. but i'm only 15 so i still live in a place i dont like. my shyness plays a big role in my wanting to be alone, but living with nothing but nature has always been what i wanted",自从我还是个小孩以来，我一直想这样生活。本质上，独自拥有我自己的资源，和平。我只回去得到我无法做出或成长的东西。但是我只有15岁，所以我仍然住在一个我不喜欢的地方。我的害羞在我想要的一个人中起着很大的作用，但是除了自然之外，什么都不是我想要的
15360,UgwAonGjZgRjld4s58J4AaABAg,0,3 years ago,life is so peaceful ... like in a fairy tale..,生活是如此和平...就像在童话中一样..
15494,UgwHbsPluGHGClZXt4p4AaABAg,0,3 years ago,planting my own little garden and watching your video are the only ways to make me feel inner peace during the pandemic and riots. thank you for those great videos. every shot is so delicately and beautifully made yet you live such a peaceful and natural life.,种植我自己的小花园和观看视频是使我在大流行期间感到内心和平的唯一方法。谢谢您的精彩视频。每次镜头都是如此精美，精美，但您过着如此宁静而自然的生活。
15517,Ugw46QlBbBKl-jATELd4AaABAg,0,3 years ago,it's peaceful,这是和平的
23575,UgwtZdzfsYSEc5-SFpx4AaABAg,0,3 years ago,"i think of the rural spring festival when i was a kid, a beautiful and peaceful childhood",想起了小时候的农村春节，美好宁静的童年
15971,Ugzfh-zD_FNLhQkqKoJ4AaABAg,0,3 years ago,it is so peaceful to watch her doing her things,看着她做自己的事情真是太平了
16193,Ugy_h7yrCDCqgMiqX9R4AaABAg,0,3 years ago,life is peaceful,生活是和平的
16834,UgwOzs7NRN9Z2bZTU014AaABAg,0,3 years ago,"peaceful life, fresh food, nature, dogs....and sheep",和平的生活，新鲜的食物，自然，狗……和绵羊shaun？是​​你吗？
22563,UgxB2LaFeQbJSxkMltt4AaABAg,0,3 years ago,"enter the girl formula to live a peaceful life in the countryside, beautiful, firm, very cute. chinese rural media in the past perfectly from chinese novel fans",输入女孩公式，在乡村过着和平的生活，美丽，坚定，非常可爱。过去的中国农村媒体完美来自中国小说迷
22474,Ugzk2hZzSJPMNCq5HPR4AaABAg.92v_huHNonN9AmjgoAYbEp,0,2 years ago,@jordynisboredyn using a camera to record her peaceful life and a laptop to upload her videos on youtube is nowhere near the addiction most of us suffer from technology nowadays.,@jordynisboredyn使用摄像机记录她的宁静生活，并在YouTube上上传视频的笔记本电脑与当今我们大多数人都遭受技术的成瘾差不多。
17233,UgxBh02T2Ne0I2RmQjB4AaABAg,0,3 years ago (edited),"it is peaceful and simple, very important",这是和平与简单，非常重要的
22403,Ugz73vy6fg4Dhn6LWmJ4AaABAg,0,3 years ago (edited),"pls, does anybody stop me watching this till the end? this is so chilling, peaceful and แบฃghhhhhhhh!!!!! idk! this video is smt great that no word can explaint it! love it!",请，有人阻止我看这个直到最后吗？这是如此令人寒冷，和平和ảghhhhhhh！ idk！这个视频很棒，没有任何言语可以解释它！爱它！
17257,UgxMyYQnnPGjln7ebxZ4AaABAg,0,3 years ago,what is the 2nd bgm??? i wanna know that is so peaceful,什么是第二bgm ？？？我想知道那是如此和平
29143,UgxUylDO7AGuYhNDTSZ4AaABAg,0,3 years ago,original 1 garden of vegetables and fruits like that feel peaceful when watching this girl's clip,原始的1种蔬菜和水果花园看着这个女孩的剪辑时会感到宁静
29635,Ugye_YcEONv17M_r9_t4AaABAg,0,3 years ago,"i saw his life very peaceful, from indonesia like",我从印度尼西亚看到他的生活非常和平
35889,UgyM6RSiksjwN8f9rxp4AaABAg,0,4 years ago,"i want this peaceful, natural, beautiful life",我想要这种和平，自然，美丽的生活
34291,Ugzz-QCbvMYo6W6_Q-p4AaABAg,0,4 years ago,i am crying this is so peaceful to watch,我在哭，这真是太平了
34765,UgzYVSu1wwc95gPgXZp4AaABAg,0,4 years ago,this is what i want to become. living peacefully in the countryside and doing things from scratch. i want that level of satisfaction.,这就是我想要成为的。在农村和平生活，从头开始做事。我想要那种满意度。
34737,UgxPdF7kTGX4vyN0Csl4AaABAg,0,4 years ago,"peacefully, as v",和平，v
9441,UgzoyjvlhXGZ8CM6S3F4AaABAg,0,2 years ago,it's so peaceful to watch.,观看真是太平了。
34408,UgzYe5F7XiB8LAsJ0ZB4AaABAg,0,4 years ago,"my entire existence feels pointless when watching her, i literally do nothing all day :( but they r very peaceful",当看着她时，我的整个生存都毫无意义，我整天什么都不做:(但是他们很和平
34318,UgzUDyRMu9Pz5adH0ph4AaABAg,0,4 years ago (edited),peaceful life,和平的生活
34312,Ugwx87IyyjJQzpDosNZ4AaABAg,0,4 years ago (edited),"wow amazing. this lady definately can be future daughter in law . it can see that their so so peaceful and no strees. sorrounding by healthy way of life.
๐๐๐๐๐๐","哇，太棒了。这位女士绝对可以是未来的女儿。它可以看到他们如此和平，没有串。通过健康的生活方式痛苦。
"
34303,UgzqvMumQC0r89hr2hx4AaABAg,0,4 years ago,"this is what school should teach us. why are we living so hard? trying to best each other. trying so hard, but for what? recognition ? appreciation? preservation ? if we all just stopped, if we all just listened, if we all were to breathe from the depths of our hearts, if we were to live.... the world wouldnโ€t be so bad. because there would be nothing we would be living for. no ideals, no trying to one up, no competition, no bloody suck ups. if money was not a thing and if we arenโ€t so selfish then we could get by. taking only the amount we need. sharing and not discriminating, not hating, not killing. then the world we live in wouldnโ€t be sinking? living as one, living peacefully, just like the animals all around us. taking only what they need and nothing more. theyโ€ve survived longer then us yet the amount of time we have existed is a chip of what they have and what have we done? killed this earth. schools should have taught us how to harvest wool, how to clean wool, how to make clothing. schools should of taught us how to cook with the life around us. schools should of taught us not to be selfish, not to want, not to become greedy like the people before us. instead we learn about multiplying aโ€s,bโ€s and cโ€s, learning about history, singing do re mi. but for what? to get a job, to earn money, to eat too much, to become corrupt, to listen to leaders who donโ€t give a fuck. this is what it means to live. like her. yet we live a life of such unhappiness. trying to buy too much trying to earn too much. when all we need is just a little. keep it simple. what have we done.",这是学校应该教我们的。我们为什么这么努力？试图互相最好的。尝试这么努力，但是什么呢？认出 ？欣赏？保存？如果我们都停下来，如果我们都倾听的话，如果我们都要从我们的内心深处呼吸，如果我们要活下去。...世界不会那么糟糕。因为我们将没有什么可以为之而来的。没有理想，没有尝试一个人，没有竞争，没有流血的吮吸。如果钱不是一件事情，如果我们不是那么自私，那么我们就可以通过。只拿我们需要的金额。分享，不歧视，不讨厌，不杀人。那么我们生活的世界不会沉没吗？像我们周围的动物一样生活，和平地生活。只采取他们需要的东西，仅此而已。他们的生存比我们更长，但是我们已经存在的时间是他们拥有的东西以及我们做了什么的筹码？杀死了这个地球。学校应该教我们如何收获羊毛，如何清洁羊毛，如何制作衣服。学校应该教我们如何与周围的生活一起做饭。学校应该教会我们不要自私，不要想要，不要像我们之前的人们那样变得贪婪。取而代之的是，我们了解了乘以A，B和C的繁殖，了解历史，唱歌Do Mi。但是什么？找工作，赚钱，吃得太多，变得腐败，倾听那些不他妈的的领导者。这就是生活的含义。像她这样的。然而，我们过着如此不幸的生活。试图购买太多尝试赚到太多的东西。当我们只需要一点时。把事情简单化。我们做了什么。
9732,UgyocxsR202i9r_0kvJ4AaABAg.9GukARbN8zo9HpCtCTKG3d,0,2 years ago,monica murray yes.... amaizing and peacefull... in nature :),莫妮卡·默里
34826,UgwbJa7fHlYLWy4VhbJ4AaABAg,0,4 years ago,"i really like her. i have never seen a girl like her. i admire her very much, hoping that there is a place where she visits her, the vision is peaceful and beautiful.",我真的很喜欢她，我从来没有见过像她这样的女孩，我非常敬佩她，希望有一次访问她的地方，视野平和而美丽。
34138,UgwRe11TkDO3ncd3FyF4AaABAg,0,4 years ago,how can something be so fucking peacefull! my life sucks compared to this... a 7 to 17 job which only pays enough to survive and all the stress. i'm wasteing my life...,某事怎么会让他妈的和平！与此相比，我的生活很糟糕... 7至17个工作只能付出足以生存和所有压力。我正在浪费我的生活...
34000,UgxQ4obKp7Mzrv-Mbi54AaABAg.8vAAkm2tSd49Hlxy-uL8Tx,0,2 years ago,".. yup.. always working, but not a rat race..blend with and take only what you need from the nature...peaceful and content life..",..是的..始终在工作，但不工作。
33984,UgxQ4obKp7Mzrv-Mbi54AaABAg.8vAAkm2tSd49F42fmAP7or,0,2 years ago,"yes!

imagine, with some time how peaceful!!","是的！

想象一下，有一段时间的和平！！"
33922,UgxQ4obKp7Mzrv-Mbi54AaABAg.8vAAkm2tSd4982TDvGtYj1,0,3 years ago,"it's not though, not for everyone. i wish more people could live like this, if they wanted too. i would be nice if we could all live like this, but there literally isn't enough fertile land for everyone to live like that. with a big hunk of property in the country, where you could grow all you need. we need farms and farmers and some people have to do other work to keep the world running. late stage capitalism has definatly made life unnaturally hard for most of us, though. i'm with you though. it does seem peaceful, doesn't it? <3",不过，不是每个人。我希望有更多的人能这样生活，如果他们也愿意的话。如果我们都可以这样生活，我会很好，但是从字面上看，每个人都没有足够的肥沃土地。在该国有一大堆财产，您可以在这里种植所需的一切。我们需要农场和农民，有些人必须做其他工作以保持世界的运转。不过，对于我们大多数人来说，后期资本主义绝对使生活变得不自然。我和你在一起。看起来确实和平，不是吗？ <3
10168,Ugy0X3NiYjoh3Aq-dBB4AaABAg,0,2 years ago,i feel so peaceful watching u,我感到很宁静看着你
10224,UgyJrmcnfoQubwkmNDp4AaABAg,0,2 years ago,i find peaceful when i m watching you video,当我看你的视频时，我会很安静
33678,UgzzXV26ZNwpydmOV6N4AaABAg,0,4 years ago,this is a peaceful video and i want to eat now,这是一个和平的视频，我想现在吃饭
34803,Ugw6DrMFiIS2pbJh-Pl4AaABAg,0,4 years ago,heaven ๐ so peacefully,天堂
34988,UgyAK_6vW3JDRaQlt7l4AaABAg,0,4 years ago,"both beautiful and talented. life looks like a dream, strangely peaceful.",既美丽又有才华。生活看起来像是一个梦，奇怪地和平。
30012,UgzqXF8HRcr-byQ2TC94AaABAg,0,3 years ago,peaceful,平静的
35691,UgyZbshTNBgGoIs2gvl4AaABAg,0,4 years ago,so peacefull and mashaallah view is awsome,所以和平和玛莎拉的观点真是太棒了
7989,UgxMTPHBJY7gixDr36B4AaABAg,0,2 years ago,how beautiful and peaceful living style❤️,多么美丽与和平的生活风格❤️
35843,Ugxjd-MnTNKLCvfUQ_J4AaABAg,0,4 years ago,this is so peaceful. and sheโ€s so pretty ๐ญ,这是如此和平。她真漂亮
35821,Ugx1INp-ghT5sDAysHl4AaABAg,0,4 years ago,this is so amazing! she is so cool! love her and the peaceful environment in all these vids!! ๐’•๐’•๐’•,这真是太神奇了！她太酷了！在所有这些视频中爱她和和平的环境！！
8224,UgxgYmsPrh-NICAu4b14AaABAg,0,2 years ago,"it’s a peaceful way of life, by i don’t think i’d ever want it. i’m a lazy person by nature, and my father worked hard and swore to never let me live a life like this, he says it’s tiring work and would make my “smooth hands” calloused. i’ll honor his wishes and try to succeed in the urban landscape while appreciating such a life ^^",这是一种和平的生活方式，我认为我永远不会想要它。我天生就是一个懒惰的人，父亲努力工作，发誓永远不要让我过上这样的生活，他说这很累，会使我的“光滑双手”变得冷酷无情。我会兑现他的愿望，并试图在城市景观中取得成功，同时欣赏如此生命^^
35787,Ugxhc9VngabMnEw6ouV4AaABAg,0,4 years ago,everything is peaceful.great video!,一切都是和平的。
35781,Ugy29SrF9XDWLffRXGR4AaABAg,0,4 years ago,love to live there.. peaceful,喜欢住在那里..和平
18980,UgydxrtPww08yACab9F4AaABAg,0,3 years ago,this is so peaceful,这是如此和平
35674,UgzALFf8MWcL-XGo0vl4AaABAg,0,4 years ago,i'm going to base one of my characters off of you. this is so peaceful to watch.,我将把我的角色之一源自您。这真是太平了。
9233,UgydluaDF5IAnH-tbwt4AaABAg,0,2 years ago,that was the most peaceful 10 minutes of my life,那是我一生中最宁静的10分钟
35650,UgyTobC4uGDmJzo6s794AaABAg,0,4 years ago,your video is always peacefull,您的视频总是和平
35582,UgwdCsYI4TTRyRVwF_h4AaABAg,0,4 years ago,"i wish i would have the possibility to live in that kind of place. i would retreat to there whenever i could if i had the knowledge. in finland there are some people who live within nature in lapland but that place is really cold. and i'm not sure what parts of nature to use. also hunting is a big part in there. and moose & reindeer husbandry. look at me brambling on. 


your videos are beautiful and peaceful. kudos to you.","我希望我有可能住在那种地方。如果我有知识，我会尽可能地撤退到那里。在芬兰，有些人生活在拉普兰，但这个地方真的很冷。而且我不确定要使用的自然部分。狩猎也是其中的重要组成部分。和驼鹿和驯鹿饲养。看着我brambry。


您的视频美丽而宁静。对你的敬意。"
35476,UgwbaA4Ch8vY73bXC5d4AaABAg,0,4 years ago,you have a beautiful home. i wish that i could live in such a peaceful place.,你有一个美丽的家。我希望我能住在如此宁静的地方。
8889,UgxUC9P7EtrSAAU_rUB4AaABAg,0,2 years ago,a very peaceful and pleasant life,非常宁静和愉快的生活
8974,Ugx5K3X73RjUmcnwbmt4AaABAg,0,2 years ago,"her clip has invested very much, seeing peaceful and pleasant.",她的剪辑投资了很多，看到了和平与愉快。
35269,Ugzz9Jwrnr6WNzyBlIZ4AaABAg,0,4 years ago,peaceful and very interesting videos. food also,和平且非常有趣的视频。食物也是
35068,UgyoQ22FTE7CBFzC4qx4AaABAg.8ukF8x1n6m-8voLQpcA2PX,0,4 years ago,i feel the same way. this girl knows so many things. she's so smart and hardworking. she looks so happy. i honestly envy people who manage to live so beautifully and peacefully. that place is gorgeous.,我有同样的感觉。这个女孩知道很多事情。她是如此聪明和勤奋。她看起来很高兴。老实说，我羡慕那些设法如此美丽，和平地生活的人。那个地方很漂亮。
33671,UgzT0gqm3ubXqD7i_0l4AaABAg,0,4 years ago,i always get a peaceful vibe when watching these types of videos. looks like a good place to retire at,观看这些类型的视频时，我总是会得到和平的氛围。看起来像是退休的好地方
11114,UgwRSiHbw7R2VzINHjd4AaABAg,0,2 years ago,"peaceful music, peaceful life ๐๐’–๐’–๐’–๐’–",和平音乐，和平的生活
33495,UgycvCYuh0pt82pDmht4AaABAg,0,4 years ago (edited),"everything is so peaceful 
your videos have high quality","一切都如此和平
您的视频具有高质量"
31071,Ugz9ln6yJIrTobv8Xvx4AaABAg,0,3 years ago,peaceful life. wish you more and more supporters,和平的生活。祝您更多的支持者
31637,Ugy3aLHZTmtQDscOH2R4AaABAg,0,4 years ago,i was watching dianxi xiaoge channel and then suddenly i saw liziqi channel with many more million views. they have both peaceful life and healthy foods.,我正在看Dianxi Xiaoge频道，然后突然看见Liziqi频道，观看了更多的观看次数。他们既有和平的生活又有健康食品。
11774,UgyV8rE0p1Z_fKQmbh94AaABAg,0,2 years ago,"i love your video, so peaceful. i want to ask you if is possible to add some tittle of the thing that you do and the products you use( there are many things that we dont know what it is) thank you and blessing.",我爱你的视频，如此和平。我想问一下您是否可以添加您所做的事情和使用的产品（有很多我们不知道是什么的东西）谢谢和祝福。
11864,UgwbJe344NSv6vPxOUF4AaABAg,0,2 years ago,wish i could live this peaceful life too,希望我也能过上这种和平的生活
31316,Ugzgk_zweYahDehGjDl4AaABAg,0,3 years ago,"awww so peaceful and beautiful 
the little lamb is sooooo cute!!!","awww如此和平与美丽
小羔羊太可爱了！！！"
31112,Ugw3JY3k0ydzm9QpdXJ4AaABAg,0,3 years ago,"wow one life very beautiful
it is peaceful and gentle","哇，一生非常美丽
这是和平而温柔的"
31102,Ugwv-fK1yNpZfDccGP94AaABAg,0,3 years ago,"a girl, two puppies and a baby sheep, under the blue sky. how peaceful they are",一个女孩，两只小狗和一只绵羊，在蓝天下。他们有多和平
31099,UgyC6kjXeiF2YLC2RU94AaABAg,0,3 years ago,so peacefull life...love from india...,如此和平的生活...来自印度的爱...
12442,UgzvngKrRPygWDpppeB4AaABAg,0,2 years ago,chinese's snow white... so peaceful,中国白雪公主...如此宁静
33494,UgxFbiYwPb_wRq_jwEd4AaABAg,0,4 years ago,"we were supposed to live life like this, simple, peaceful and productive. now here we are, a fee years away from a dangerous pollutant air and global warming lol",我们应该过这样的生活，简单，和平与富有成效。现在我们在这里，距离危险的污染物和全球变暖大声笑了几年
12580,UgyGoZklSatTstTKavx4AaABAg,0,2 years ago,she makes live look so peaceful,她使现场看起来如此宁静
30756,Ugxmjr7POdzuxVjE0Yh4AaABAg,0,3 years ago,the peaceful countryside.,和平的乡村。
30680,UgyqZAqN5ABUtAC9pgx4AaABAg,0,3 years ago,tears are so peaceful and pretty.,眼泪是如此和平与美丽。
30565,UgxLplt-O1uT0ck1aRt4AaABAg,0,3 years ago,peaceful ๐,和平
12836,Ugy4FgVSKccCQyW1IqJ4AaABAg,0,2 years ago,it must be peaceful and very comfortable life ...,它必须是和平且非常舒适的生活...
12935,Ugw0b7TuX-MlZuP8ny54AaABAg,0,2 years ago,peaceful life,和平生活
30266,UgyWs975FvYAX8FxDrR4AaABAg,0,3 years ago,there is just something about these videos and the peaceful skill of this beautiful lady that speaks to my spirit. thank you ๐๐ผ,这些视频和这位美丽的女士的和平技巧只是对我的精神说话。谢谢
31728,UgzXaWFhSt9sZsjAWIN4AaABAg,0,4 years ago,it's so peaceful,如此和平
31745,UgzoLV-MFJjkfBHF4oJ4AaABAg,0,4 years ago (edited),how can dried dead animal flesh be peaceful .......why choose violence when you don't have to,干燥的死动物肉如何和平.......为什么不必选择暴力
11679,UgwYiRZVrMVIEu7-uOd4AaABAg,0,2 years ago,"peaceful n natural life.... fantastic ๐‘
#khanakhazanawithsnehal","和平n自然生活....很棒
#khanakhazanawithsnehal"
11557,Ugwl4_PRInVlfHk6PzF4AaABAg,0,2 years ago,so peacefull,如此和平
33412,UgwW89UWpHZoS3A26qJ4AaABAg.8vH4dW6_4wZ8vHQ3AsOmRM,0,4 years ago,she gave up her original job to take care of her grandma. she lead a happy and peaceful life every day.,她放弃了自己的最初工作，以照顾祖母。她每天过着幸福快乐的生活。
33368,UgwB7I1O8vLoso6nNFt4AaABAg,0,4 years ago (edited),omg what in the world...this is the most beautiful video i've watched...so peaceful n calming...what a life...i love it..made me smile,天哪，世界上什么...这是我看过的最美丽的视频...如此宁静的镇静...真是个生活...我爱它..我的微笑
33319,UgxWLguPzjmDw8sMhlV4AaABAg,0,4 years ago,itโ€s so peaceful.....,太平了.....
33296,UgyosBstA_-lq_YXgYd4AaABAg,0,4 years ago,"want to have a mini, calm and peaceful, spices and vegetables in planting around the backyard and the roses are beautiful, i like it ,,",想要一个迷你，平静与和平，在后院种植的香料和蔬菜很漂亮，我喜欢它，
33291,UgyOjZK9S6-aZDAo4r14AaABAg,0,4 years ago,soo peaceful and great,如此和平与伟大
33285,UgwNYGKfP67bCgdoqSZ4AaABAg,0,4 years ago,"really a peaceful life. my mouth was watery whole time and whomever you will marry he will be lucky. really enjoyed. popcorn cannon that was a new thing to watch. 
thumbs up(^_^)","真的是和平的生活。我的嘴一直很流水，无论你嫁给谁，他都会很幸运。真的很享受。爆米花大炮是新事物。
竖起大拇指{"
33257,UgxkFTj_godu7rGvTkZ4AaABAg,0,4 years ago,"all my stress is gone while watching this, in china village that i explored, really was so peaceful and breathtaking , rich with all organic foods and clean air, people are so decent and innocent too, reminiscing those good old times ๐๐๐",在观看这一点时，我探索的中国村庄都消失了，确实是如此的和平与宽松，充满了所有有机食物和清洁的空气，人们也是如此不错，也很无辜，回想起那些美好的时代
33253,UgwIPMcHUpwg15dM4Fd4AaABAg,0,4 years ago,i don't know why i enjoy watching her doing all the work! such a peaceful thing to watch!,我不知道为什么我喜欢看着她做所有的工作！如此宁静的事物！
33224,UgzARKUp4HGTJUns-oV4AaABAg,0,4 years ago,i want to live there peacefully.,我想和平地住在那里。
32975,UgzNt8cYA8vdLymj1RB4AaABAg,0,4 years ago,im living in a province but my life is not like this . im stressed out . i want a peaceful life like hers .,我住在一个省，但我的生活不是这样。我强调了。我想要像她一样和平的生活。
11419,Ugx6HmqRh_n6Fn_Vh694AaABAg,0,2 years ago,life is too peaceful.,生活太宁静了。
32837,Ugxor3b1qXWwG7ufZb54AaABAg,0,4 years ago,i feel peaceful from your video. โบ๏ธ,我从你的视频中感到和平。 ☺️
11550,Ugwxv5ilbgDPmYXrWKB4AaABAg,0,2 years ago,she looks soo peaceful,她看起来很宁静
32220,Ugw98zMUT5-2W4KP6xF4AaABAg.8vxydkDtngx9GZJVk6p5qf,0,2 years ago,"she makes farmstead life seem so peaceful and, she does it with such grace.",她使Farmstead的生活看起来如此和平，并且以如此优雅的态度做到了。
32068,Ugw0pVTAqMMGk2w6xlZ4AaABAg,0,4 years ago,your video made me feel so peaceful ๐ฅฐ,你的视频使我感到很宁静
29283,UgwksunySbazAHxrG4V4AaABAg,0,3 years ago,this is the kind of peaceful hunger game life that i've always dreamed of as a kid,这是我小时候梦dream以求的和平的饥饿游戏生活
