,cid,votes,time,含nice,含nice中文翻译
16580,UgwG6EGI9KhD1FkfuKZ4AaABAg,510,3 years ago,who is her photographer? the whole video is nicely shot,她的摄影师是谁？整个视频拍摄得很好
17533,Ugz7qOySXHjdxny0QiZ4AaABAg,190,3 years ago,"i think this is what we call ""inner peace"" - all of us, literally, are desperately pursuing some kind of life like this. it is escapism but not 100 percent, as it is more positive. really really nice, heart-warming video. thank you.",我认为这就是我们所说的“内在和平” - 从字面上看，我们所有人都在拼命追求像这样的生活。它是逃避现实的，但不是100％，因为它更积极。真的很好，令人心动的视频。谢谢。
3678,Ugw1ZflOso2IwRtveWd4AaABAg,147,2 years ago,"it looks very satisfying that everything is available in the garden or to say farm.the way of cooking ,doing things are so nice...and also gave me lots of tips",看起来所有东西都可以在花园中或说农场。烹饪方式，做事真是太好了……也给了我很多技巧
14163,UgxhOUXbZAJ0PtM19IF4AaABAg,121,3 years ago,the snails are like: aww a nice bath. boom salt,蜗牛就像：一个不错的浴缸。繁荣盐
6573,UgyJYKtGZcL-3TvQYDt4AaABAg,72,2 years ago,"the house is nice and i want to live there. delicious food...every time i see it, i admire it.๐‘๐‘๐””๐",房子很好，我想住在那里。美味的食物...每次看到它，我都很佩服。
28552,UgxCpRiDGzrwuzVOfl94AaABAg.8yY6-41Td1g8zF7j7MJpc7,71,3 years ago,@franzpeters3824 nothing to do?... i can see she is working hard... and she posting videos which watch by over 1 million people.. and she get a pretty nice income...,@franzpeters3824无所事事吗？...我可以看到她正在努力工作...她发布了一张超过100万人的视频。
2740,UgzEDsZzmYAPNawTzGh4AaABAg,62,1 year ago,"its so nice to watch this kind of videos, because this pandemic limits us to travel places, but because of your video i have the luxury to see your place in my own home and this makes me learn something from your beautiful culture!
and most specially thank you for inspiring me to create countryside life content, love from the philippine countryside ❤️","观看这种视频真是太好了，因为这个大流行使我们限制了旅行的地方，但是由于您的视频，我很奢侈地看到您在自己家中的位置，这使我从美丽的文化中学到了一些东西！
最特别感谢您激发我创造乡村生活内容，菲律宾乡村的爱情❤️"
33866,UgzT3Fw6kDY8XD26H7N4AaABAg,60,3 years ago,"your hometown is so nice. green mountain and green water are jinshan yinshan, green mountains and clear waters are gold and silver.",你家乡真好。青山绿水就是金山银山，Green mountains and clear waters are gold and silver.
30791,UgzmqjkWfDbMH9dZX1t4AaABAg,57,3 years ago,"everytime i watched her vids, i heard the nature singing.. nice one. all in all. a million thanks for this wonderful vids! im still amazed",每当我看着她的视频时，我都会听到大自然在唱歌。总而言之。一百万感谢这个美妙的视频！我仍然惊讶
15970,UgxDX_CkTY_gptXSund4AaABAg,26,3 years ago,i'm hungover and stumbled upon this channel and wow this is all so relaxing and nice,我宿醉了，偶然发现了这个频道，哇，这一切都很放松和不错
33996,UgzgJmjWEu74B04XM4t4AaABAg,13,3 years ago,"bamboo shoot with fermented fish is also quite nice ❤️
love from kyrgyzstan... vk","用发酵鱼竹芽也很不错❤️
吉尔吉斯斯坦的爱... VK"
7351,UgxWxP04w_ntPta5Djp4AaABAg,13,2 years ago,"heyy !! just to let you know she also sell products too !!



one of my favorite is her sauces because it reminds me of my mom's cooking hehe 






have a nice day !!","嘿！只是为了让您知道她也出售产品！！



我最喜欢的是她的调味料，因为它使我想起了妈妈的烹饪






祝你今天过得愉快 ！！"
19074,Ugxx0C0wczLWx2DIaoJ4AaABAg.928Ic4g69m392De8CnUWQv,11,3 years ago,"welcome to china, it is a beautiful country won't let you down.have a nice travel",欢迎来到中国，这是一个美丽的国家，不会让您失望。
1367,UgyK3lkycrWXjxJDwzV4AaABAg,10,1 year ago (edited),"i love watching your videos. our family ties are very nice to take advantage of nature, nature. i am turkish, our food culture is not similar, but i am watching because you like your work and healthy diet.",我喜欢观看您的视频。我们的家庭关系非常适合利用自然，大自然。我是土耳其语，我们的饮食文化并不相似，但我正在看，因为您喜欢您的工作和健康的饮食。
30227,UgxlD7F4LIADR8nw3Xx4AaABAg.8yVezNp8yw38yvFd2XbMC1,9,3 years ago,this is indeed always nice to see.,这确实总是很高兴看到。
16591,UgwG6EGI9KhD1FkfuKZ4AaABAg.92t3bTvXZ7H92xuW7Yem7v,9,3 years ago,nicely shot and beautifully edited.,精心射击，精美编辑。
2629,Ugx0BAOT4AoUIWtTzOp4AaABAg,9,1 year ago,a nice moment of calm from the everyday stress of modern life.,从现代生活的日常压力中，一个平静的时刻。
19002,Ugw1cZqeV_fUti3ordl4AaABAg.92C9VVriOb_92OaxHgVqf5,7,3 years ago,"china is nice, some of the news are totally bullshits",中国很好，有些新闻完全是牛棚
7775,UgxVc_iZpXIzyoTiQ2R4AaABAg,6,2 years ago,she has everything in her garden.she is also very beautiful and good cooker.i want a nice garden like her.,她的花园里有一切。她也很漂亮且很好的炊具。我想要一个像她一样的花园。
33463,UgxloP2ft62aF1uYF9B4AaABAg,6,3 years ago,"
very nice video","
非常好的视频"
19913,Ugx3zuXyOf11s3dxiwp4AaABAg.91GSbollkUx91tlZ1aK1ZF,6,3 years ago,"david hutchins not everything has to do with politics. some people just can’t enjoy a nice video of a beautiful girl who cooks delicious food in a beautiful village. btw china is a big country, there’s plenty of capable people. we can fool ourselves, but not the whole world.",大卫·哈钦斯（David Hutchins）并不与政治有关。有些人只是无法欣赏一个漂亮的女孩，一个漂亮的女孩在一个美丽的村庄里烹饪美味的食物。顺便说一句，中国是一个大国，有很多有能力的人。我们可以自欺欺人，但不能自欺欺人。
24895,UgxPuSaE6FTw-C5kg-R4AaABAg.8zBgMr8-y0x8zKy9hDKIvt,5,3 years ago,nice english,不错的英语
3077,UgxnoEYcEyxkykti06Z4AaABAg,5,1 year ago,"i like n fall in love with chinese cuisine,,not including pork,
n the costume in ancient times is really beautiful,, with all the herbs is really nice,, i hope in indonesia there are many more like that,, cos i really love n i miss it","我喜欢n爱上中国美食，不包括猪肉，
n古代的服装真的很漂亮，所有草药都非常好，我希望在印度尼西亚还有更多类似的草药"
25952,Ugy3T9UBZIq4uol7Lnt4AaABAg,5,3 years ago,girl it's video beautiful chinese girl cool work nice character and beautiful.,女孩这是视频美丽的中国女孩很酷的作品漂亮的角色和美丽。
27861,UgzbXcUiu3NDTNPT39x4AaABAg,4,3 years ago,who ever watching this video have a nice day,曾经观看此视频的人过得愉快
28331,Ugy-UfRsD7_JQ46ukqx4AaABAg,4,3 years ago,"part of the reason why i enjoy watching these videos so much is that they remind me of how things used to be when i was little. granted, i am not a girl from china living on a vast farm like she does, but i did have a small place in kentucky where we took care of ourselves and harvested our own food like this. it's nice to see that there are some people out there who still take a moment to do things in a more old-fashioned kind of way.",我如此喜欢观看这些视频的部分原因是，它们使我想起了我小时候的情况。诚然，我不是一个像她那样生活在一个庞大的农场上的中国女孩，但是我确实在肯塔基州有一个很小的地方，我们在这里照顾自己并像这样收获了自己的食物。很高兴看到那里有些人仍然花点时间以一种更老式的方式做事。
5904,UgxTppqJZwwpwH5jSYJ4AaABAg,4,2 years ago,"wanting true โค๏ธ love to share happiness๐น
""seeking for someone who wants to share true love & happy life together""
hope to find, out nice warm heart, honesty, faithful, respectful, and sweet partner. ๐น๐’–๐’โ๐•","想要真正的❤️爱分享幸福
“寻求想要共享真正的爱与幸福生活的人”
希望能找到，诚实，忠实，尊重和甜蜜的伴侣，找到美好的心脏，诚实，忠实。"
11479,UgwMNTBfwxhzAnzQdCh4AaABAg,4,3 years ago,"nice love this nurture 
watching from philippines 
i'm your new subscribe and new follow
4/16/2020","好爱这个养育
从菲律宾观看
我是您的新订阅，新的关注
4/16/2020"
222,UgwpAtBflsNp7wqgwKh4AaABAg,4,2 months ago,"i first watch the video, very nice video, very good and the food is great. thank you.",我首先观看视频，非常好的视频，非常好，食物很棒。谢谢。
23525,UgyUpwHixjK79S0vbpV4AaABAg,4,3 years ago,"looks like a very nice chef, so good",看起来像一个非常好的厨师，太好了
24194,Ugz5zEh-f60meazAxZ94AaABAg,3,3 years ago,"aah delicious food . i can feel the aroma from my phone . 
nice channel . nice spirit.","aah美味的食物。我可以从手机上感觉到香气。
不错的频道。好精神。"
28394,UgwUIpxwSyasjhBUl9h4AaABAg,3,3 years ago,beauty coming out of the inside. i respect you who live in nature. i thought it was nice.,美丽从内部出来。我尊重你生活在大自然中的人。我以为很好。
5676,UgwoVwKtjWAhazfBoyp4AaABAg,3,2 years ago,wowwww look nice place n verry delicious ur food n presentation..i like your style๐,wowwww看起来不错的地方n verry美味的食物n呈现..我喜欢你的风格
19123,Ugx886IfmdSWfAg3v0l4AaABAg,3,3 years ago,"hello i'm from indonesia .. i like your video, you are also beautiful and charming .. i love you .. nice to meet you from indonesia",你好，我来自印度尼西亚..我喜欢你的视频，你也美丽而迷人..我爱你..很高兴从印度尼西亚认识你
6405,Ugzf70cPsPH67pHqP_d4AaABAg,3,2 years ago,"this is one of the nicest channels i have ever watched. seems perfect, almost like a video game.",这是我看过的最好的频道之一。看起来很完美，几乎就像电子游戏。
10682,UgxqSpb3Gk81b3ZvGH54AaABAg.98VupjufjU799bhs_TkVlm,3,3 years ago (edited),"@kobebryantt237 i never said sex is wrong. i simply believe we've distorted and diminished it into something completely base and meaningless. sex can be a beautiful thing, but modern society has objectified it, turned it into a commodity devoid of any notion of love or romance. we take it for granted, just like we take everything else for granted. nothing is held sacred anymore: not nature, not animals, not communities, not people, not love, not life itself. everything now is expendable, and can be turned into an item and exploited to make a quick profit. we have collectively abandoned the pursuit of higher spiritual values for the sake of base materialistic desires. and it's only when we're lying on our deathbeds that we truly realize the tragedy of seeing things this way. have a nice day.",@kobebryantt237我从没说性行为是错误的。我只是相信我们已经扭曲并将其减少到了完全且毫无意义的东西中。性可能是一件美丽的事物，但是现代社会已经对其进行了客观化，将其变成了没有任何爱或浪漫概念的商品。我们认为这是理所当然的，就像我们把其他一切都视为理所当然一样。再也没有神圣的人：不是自然，不是动物，不是社区，不是人，不是爱，而不是生命本身。现在的一切都是可以消耗的，可以变成一个物品并被利用以快速获利。为了基本的唯物主义欲望，我们共同放弃了对更高精神价值的追求。只有当我们躺在死床上时，我们才真正意识到这种方式看到事物的悲剧。祝你今天过得愉快。
5930,Ugxbo9UV7tJZLo3Ydc14AaABAg,3,2 years ago,"wanting true โค๏ธ love to share happiness๐น
""seeking for someone who wants to share true love & happy life together""
hope to find, out nice warm heart, honesty, faithful, respectful, and sweet partner. ๐น๐’–๐’โ๐•","想要真正的❤️爱分享幸福
“寻求想要共享真正的爱与幸福生活的人”
希望能找到，诚实，忠实，尊重和甜蜜的伴侣，找到美好的心脏，诚实，忠实。"
23891,Ugz5VVNjAvtGED9UzlN4AaABAg,3,3 years ago,wow nice vedio i'love the nature hope someday i came that pls pls sponsor me,哇，尼斯·韦迪奥，我爱大自然，有一天我来了，请赞助我
23864,Ugwyw-j-vvQ_FpJA9uF4AaABAg,3,3 years ago,every time i watch your video it is amazing for me it vrey nice it nice video i give you a gold video,每次我观看您的视频时，对我来说真是太神奇
31607,UgwXcDyacnoVwyUcMid4AaABAg.8yVAfDgpCIP8yVYa1L1Awn,3,3 years ago,yes ! i agree with you . her video's are so peaceful & nice info too .,是的 ！我同意你的看法 。她的视频也是如此和平，也很好。
31194,UgzZqTm1a5PmVQ97EaJ4AaABAg.8yVK7gKNOF78yVz33BbC4d,2,3 years ago,"people always say the chinese are disgusting because of all the things they eat, like snails. it’s nice to see someone appreciate the food there. i’m chinese but i live here, in america.",人们总是说中国人因为吃的所有东西，例如蜗牛而感到恶心。很高兴看到有人欣赏那里的食物。我是中国人，但我住在美国。
2411,UgwVI6CzCJoOb7YFmUF4AaABAg,2,1 year ago,li ziqi's such a nice granddaughter,李齐（Li Ziqi）的一个好孙女
14568,UgzGJkA1_05JZiiafKl4AaABAg.947wSBzYSTb94l2pYWQQeP,2,3 years ago,"tala taptap please dont try pushing your beliefs on other people. believe what you want, but please don't try discouraging other peoples beliefs just because it isn't your own. its really nice to know that you are loyal to your own beliefs though. i hope you have a nice day or night.",Tala Taptap请不要尝试将您的信念推向其他人。相信您想要的东西，但请不要只是因为这不是您自己的信念而劝阻其他人的信念。不过，很高兴知道您忠于自己的信念。希望您有一天或晚上愉快。
16556,UgwntRlzQaXcKUNhnqh4AaABAg,2,3 years ago (edited),this is some garden of eden shit! feels so nice.,这是伊甸园的一些花园！感觉很好。
3641,Ugz3jEDHt5o8KgTVRDd4AaABAg,2,2 years ago,such a nice life. i rather live that plain and simple life rather a luxurious one,如此美好的生活。我宁愿过着简单而简单的生活而不是奢侈的生活
15829,Ugz9yIW0_sTfOVZcda54AaABAg.933dWSf5Viy936hC-8Dy95,2,3 years ago (edited),shelly g old chinese culture spirit for this in fact，so we do really for peace ，friendly and hardworking . hello from a 5000years’ country . nice day lady.,雪莉·古老的中国文化精神实际上是为了，所以我们确实为和平，友好而勤奋而做。您好，来自5000年的国家。美好的一天女士。
19894,UgwIJ2xbp1jcvHaWy5t4AaABAg,2,3 years ago,is she god gifted?? she is different from all. very nice person,她上帝有天赋吗？她与所有人不同。非常好的人
16386,UgzwGITKQLsjqnmotyd4AaABAg.92vu5wyg244931aJrJquH-,2,3 years ago,was it a nice time?,是个好时机吗？
12353,UgyyLMkP4MtuTbl6VaB4AaABAg,2,3 years ago,everything you want and everything you need is already at the surroundings everything has all around you it's so nice live peacefully in this kind of place.,您想要的一切和所需的一切都已经在周围的环境中，一切都在您周围，在这种地方真是太好了。
20316,UgyQ3PrPLH5pg0wxOD94AaABAg,2,3 years ago,nice work sister god bless you,好姐姐上帝保佑你
6575,UgzZD3E2I3UUy3WnK5R4AaABAg,2,2 years ago,a nice landscape! nice dish! a nice family โช,一个不错的风景！不错的菜！一个不错的家庭♪
20470,UgxpVNbdQosrzl4gzaN4AaABAg,2,3 years ago,how nice to be able to ask for such a daughter -in -law.,能讨个这样的媳妇多好。
5947,UgxBZlK643skj4gvMxZ4AaABAg,2,2 years ago,"wanting true โค๏ธ love to share happiness๐น
""seeking for someone who wants to share true love & happy life together""
hope to find, out nice warm heart, honesty, faithful, respectful, and sweet partner. ๐น๐’–๐’โ๐•","想要真正的❤️爱分享幸福
“寻求想要共享真正的爱与幸福生活的人”
希望能找到，诚实，忠实，尊重和甜蜜的伴侣，找到美好的心脏，诚实，忠实。"
209,UgxsAWxx-f0Q7oJMgV14AaABAg,2,2 months ago,thanks for the nice art,感谢您的美好艺术
32945,UgyKxDG2sweyla-S9Rd4AaABAg,2,3 years ago,nice your videos. watch your videos continuosly,很好的视频。连续观看视频
34607,Ugyt6byGBsMbKGaiKiV4AaABAg.8yUTWAnSN2D8yUX0DdQz_3,2,3 years ago,almost certainly same your style of food making you are really nice woman,几乎可以肯定的是，您的食物风格使您真是个好女人
21733,Ugyl_DFiso8i4_KaEJ54AaABAg,1,3 years ago,nice,好的
5714,Ugx89YlV4SOKOiMoPGp4AaABAg,1,2 years ago,nice to see you โค๏ธ,很高兴见到你❤️
5671,UgwpUI0m8Mk-QT1ICNl4AaABAg.9G4tMmRfxew9JeFfwdXoiG,1,2 years ago,"@tomrauhe don't think you are right and the rest of the world is wrong. tried to be nice with you, but you showed you are narrow-minded paranoid. just leave the channel.",@Tomrauhe认为您是对的，世界其他地方是错误的。试图和你在一起，但你表明你是狭narrow的偏执狂。只需离开频道即可。
22098,UgwiByV7i7WLKxVIasV4AaABAg,1,3 years ago,very nice,很不错
22037,Ugw_ALxoZxltfzN_pUR4AaABAg,1,3 years ago,"thanks for video amazing, relax music.... and the beautiful girls very nice job",感谢您的视频令人惊叹，放松音乐....和美丽的女孩非常出色的工作
236,UgwgMdBmIGjTyJFz2xt4AaABAg,1,2 months ago,nice,很好
29363,UgzBCETLKkpjr6Uk0GV4AaABAg,1,3 years ago,beautiful face and very nice video,美丽的脸和非常漂亮的视频
14107,Ugyzn0jR9_MVKf_fFrl4AaABAg,1,3 years ago,very nice to watch your videos ❤️,很高兴观看您的视频❤️
21831,Ugy_0HQl5RD_m_9X6QV4AaABAg,1,3 years ago,nice to,很好
5834,UgzNxJt4f-vUBIBHlhR4AaABAg,1,2 years ago,"hello, nice to meet you, i like your profile. i am interested in serious relationships. i would be very happy to hear from you. my name is timmy",您好，很高兴认识您，我喜欢您的个人资料。我对认真的关系感兴趣。我很高兴收到您的来信。我叫蒂米
29033,UgyESDbJD32KjnrPOZ14AaABAg,1,3 years ago,"oh my good
nice video","哦，我很好
不错的视频"
29036,UgzVX1s3HdmhWmmILgN4AaABAg.8yXyAuH9Z1Y8ybCLHMOgOU,1,3 years ago,"@martishakryll4937 i, honestly, did not think about it, do you think they eat them all the same ??? i don't want to think about it, but still the video is beautiful, thanks for the clarification !!! it was nice to talk, good luck !!",@martishakryll4937 i，老实说，我没有考虑过，你认为他们都吃了一样吗？？？我不想考虑它，但是视频仍然很漂亮，谢谢您的澄清！
21779,UgwHHw9NsEGyLXeYM3F4AaABAg.9-WlF9BrJ_t979-q-V5BKG,1,3 years ago,"my mom died too, in the usa. he also loves to bake pastries and cakes.

ziqi's great, what? and it's still nice!","我妈妈在美国也死了。他还喜欢烤糕点和蛋糕。

Ziqi很棒，什么？而且还不错！"
5968,UgxBZlK643skj4gvMxZ4AaABAg.9FF-ZvuKkMT9FK5T0TISDm,1,2 years ago,"wanting true โค๏ธ love to share happiness๐น
""seeking for someone who wants to share true love & happy life together""
hope to find, out nice warm heart, honesty, faithful, respectful, and sweet partner. ๐น๐’–๐’โ๐•","想要真正的❤️爱分享幸福
“寻求想要共享真正的爱与幸福生活的人”
希望能找到，诚实，忠实，尊重和甜蜜的伴侣，找到美好的心脏，诚实，忠实。"
25964,UgzRJLYhXfDMUfr3I3h4AaABAg,1,3 years ago,nice,好的
22431,Ugy1kKD8N_74PGQAcS54AaABAg.9-3jSt4Dier9-5FpEirWtK,1,3 years ago,"the people's liberation army is in hong kong. if you want to revolutionize the army camp, don't shout nice, okay!",解放军就在香港，要革命去炸军营啊，别光喊着好听，行吗！
28591,UgxCpRiDGzrwuzVOfl94AaABAg.8yY6-41Td1g9-R90XLFeCW,1,3 years ago,nice!!!!!!!!!!!!!!!!!!!,好的！！！！！！！！！！！！！！！！！！！
6847,UgyRV-ZitwAendP0GTp4AaABAg,1,2 years ago,very nice,很不错
10501,UgzEBhZMJzuREOq576l4AaABAg,1,3 years ago,nice,好的
9356,UgxCpS7maCPpyEvHD6J4AaABAg,1,2 years ago,"nice u r hard work sister god blas u ,",辛勤工作的辛勤工作姐妹上帝us u，
9348,UgzN599uh_tlX4xr-pR4AaABAg,1,2 years ago,nice when i tested,我测试时很好
9116,Ugy5NlJebTYB-gXw_rR4AaABAg,1,2 years ago,"she is so nice, so great...amazing ladyโค",她真好，真是太好了...神奇的女士❤
11127,UgxS3m6P5-5nxlPHYY94AaABAg.97zCCgz7tT298T3YaRGD3J,1,3 years ago,nice,好的
25866,UgwUSWcRLWE9oKBL1yd4AaABAg,1,3 years ago,"here from grumps 
and they weren't kidding when they said this is nice","这里是脾气暴躁的
当他们说这很好时，他们不是在开玩笑"
25931,UgxDDqbewBEVqPFraQl4AaABAg.8ywsIU928nF8z2LPB56W0u,1,3 years ago,i'm vegan but i love seeing people cook nonvegan meals. either way it's nice to watch people put so much care into simple things like cooking.,我是素食主义者，但我喜欢看到人们煮不素食的饭菜。无论哪种方式，都可以看到人们将这么多照顾到诸如烹饪之类的简单事物中。
8383,UgycNLd-p0cw5PY72oB4AaABAg,1,2 years ago,nice,好的
26349,UgyH1cVx3GC5Do489rR4AaABAg.8yrFbc8y1bE8yzPkZFJRp6,1,3 years ago,mine too i remember one of the video's on this channel showed a section of her garden with the puppies following her it was nice.,我也记得我也记得这个频道上的一个视频显示了她花园里的一部分，跟着她的小狗很好。
23972,Ugw81vFIYBdoax9ldC54AaABAg,1,3 years ago,"from iraq
you very nice","来自伊拉克
你真好"
23562,UgzAiGPIeVejnrgm6PZ4AaABAg,1,3 years ago,nice,很好
27054,Ugx4lHJvvCLvs4oTuM14AaABAg,1,3 years ago,"very nice clip i have never been seen before. i am so interesting on you producing so much. i will always to wait for the new clip more. 
especial i always keep watching you channel more and more .","我以前从未见过的非常好的剪辑。我对您的生产如此有趣。我将永远等待新的剪辑。
特别是我一直在看着你越来越多的渠道。"
7718,Ugx8ltE9u2Dqq-LMSKl4AaABAg,1,2 years ago,nice,好的
12598,UgwfQzSv2iGG5pSDEOJ4AaABAg,1,3 years ago,nice work i like it,很好，我喜欢它
22785,UgzN4986sghqxeoJ91V4AaABAg,1,3 years ago,it is admirable everything that is girl does. i arrived by chance and it has amazed me. it's nice to see how everything collects in your own village. congratulations from colombia lo ziqi,这是女孩所做的一切令人钦佩。我偶然到达了，这让我惊讶。很高兴看到您自己村庄的所有内容如何收集。来自哥伦比亚的恭喜
7503,UgzXt-2Y0WrDejdYL_Z4AaABAg,1,2 years ago,very nice ๐‘,非常好
12837,Ugxf_za02R93kk5Lk654AaABAg,1,3 years ago,what the nice life,美好的生活
22587,UgwOmhNcXJUluURnR6B4AaABAg.9--5CrdeP009-CXcZGWE-z,1,3 years ago,"@choink2558 yes indeed...you know as brazilian is really complicated...i. remember when i went to college by walking in manaus/amazonas i used to have my earphones as louder as possible just to not listen disrespectful words towards me, we feel like an object ...some men talk like we are rude if we don't pay attention to their stupid words,here in north brazil the most part of men are really rude,disrespectful,stupid about the way they treat women...brazil has a long way to change many things in our society... we have many rights which is nice... but we need more we deserve more! ❤",@choink2558是的，确实...你知道巴西人真的很复杂...我。请记住，当我上大学时，我曾经在马纳斯/亚马逊群岛上行走时，我曾经让我的耳机尽可能响，只是不听我的不尊重的话，我们觉得自己像个对象……有些人说话，就像我们不去的话一样粗鲁t注意他们愚蠢的话，在北巴西，男人的大部分人真的很粗鲁，不尊重，愚蠢的对待女人的方式……巴西有很长的路要改变我们社会的许多事情……我们有许多很好的权利...但是我们需要更多我们应该得到更多的权利！ ❤
270,UgyLHqhLp4VRqJKkKMV4AaABAg,1,2 months ago,nice one,好一个
13161,UgwiNjwgK5yh8sjR2PB4AaABAg,1,3 years ago,iove her life style it's hard working but calm and peaceful it seems nice,我使她的生活方式很难工作，但是平静而和平，看起来不错
29805,Ugyo-zNNOrTd02WhoK94AaABAg,1,3 years ago,very nice music,非常好的音乐
13233,UgxuwU1FU-KjA1ye1Yl4AaABAg,1,3 years ago,nice video.....,不错的视频.....
13236,UgzU2AaO0fW7WreVKfx4AaABAg,1,3 years ago,"your videos are pretty awesome, so ive subscribe to your channel miss/mrs lizigi.. i love to plant vegestable also even in a tiny space area of our backyard
wish to go home to our province, to do like what youve been doing in ur farm, its so relaxing, and i love the montage video nice place you have there lizigi family","您的视频非常棒，所以我订阅了您的频道小姐/Lizigi夫人。.我也喜欢在我们的后院的一个小空间区域种植vistable。
希望回到我们省，喜欢您在Ur农场所做的事情，它是如此放松，我喜欢您在那里有Lizigi Family的Montage Video的好地方"
7168,UgwHrF2O9thYhYnxeaB4AaABAg,1,2 years ago,very nice:),很不错：）
35100,UgwPtAXmqIr9ZzbM-NF4AaABAg.8yUS2-MVzry8yUVXMsApkU,1,3 years ago,sameee 1 yr i'm a fan. it's nice because of the content e,Sameee 1年，我是粉丝。很高兴，因为内容e
5369,UgzOl8eMHVeSXpNguct4AaABAg,1,2 years ago,beautiful nice,美丽漂亮
21723,UgyIb054OyEzSWVT2T54AaABAg,1,3 years ago,"is very a nice place, a big farm big garden, she has a different kind of vegetables. she cooks fresh from the garden. i like this place is such big space.",是一个非常好的地方，一个大型农场大花园，她有另一种蔬菜。她从花园里煮新鲜。我喜欢这个地方是如此大的空间。
3505,UgyFliw6bXAPe7PI4Rl4AaABAg,1,2 years ago,very nice video,非常好的视频
32600,Ugy3JoJvK3tJqvkzAod4AaABAg,1,3 years ago,liziqi... i love you... your video very nice... love from indonesia,liziqi ...我爱你...你的视频非常好...来自印度尼西亚的爱。
20226,UgzNWHNRZISiwNXtOCR4AaABAg,1,3 years ago,"☀️amazing very amazing but beautiful work... very nice video.
weldone good job. best of luck☀️","☀quingamiging非常令人惊奇，但很漂亮的作品...非常不错的视频。
Weldone好。最好的buck☀️"
1279,UgwK556Dfg91OIk1RQt4AaABAg,1,1 year ago,it is really nice.,真的很好。
20026,Ugz9iA4oOVuuWtQCYex4AaABAg,1,3 years ago,it's really nice,这太好了
3364,Ugw8WHnx6GMitRN9xGJ4AaABAg,1,1 year ago,nice,好的
31710,UgwkViv_w8z9bLZG6hN4AaABAg,1,3 years ago,"
nice food.
i would love to live there !!!","
好吃的食物。
我很想住在那里！！！"
33769,UgwCJNhRHVU1I7skuyF4AaABAg,1,3 years ago,nice cooking,不错的烹饪
33726,UgyTYggl1o1gqXfOlEd4AaABAg,1,3 years ago,i wish i could understand what liziqi and grandma say to each other. they always look like they are having such a nice conversation.,我希望我能理解利兹奇和奶奶彼此说什么。他们总是看起来像是进行了很好的交谈。
32534,UgwEpE5MzJvMjg4r_8d4AaABAg,1,3 years ago,young bambo is nice,年轻的班博很好
16247,UgyLxo2IxadT3K6mQHx4AaABAg,1,3 years ago,it's nice to see so many foreigners appreciated ziyi! ❤,看到这么多外国人欣赏子柒真好！❤
17672,UgwmK2CE-ut17z9dL7N4AaABAg,1,3 years ago,english would be nice to know what that all is i really enjoy watching channel but i can not read chinese wish i could ti find out just curious,英语很高兴知道我真的很喜欢看频道，但我不能读中文，希望我能发现好奇
15705,UgwLot7CjKhuYaXNaSV4AaABAg,1,3 years ago,"hello from spain, very nice !!",来自西班牙的你好，非常好！
32814,UgzhWn_e9ZKfhEXdCgN4AaABAg,1,3 years ago,"the shire from the lord of the rings when everything looks very nice, magical. magnificent video",当一切看起来都很好，神奇时，戒指之王的郡。宏伟的视频
33280,Ugz6RAYLXRi8fsFdIZd4AaABAg,1,3 years ago,nice vlog love from pakistan,来自巴基斯坦的好vlog爱情
17577,Ugwys5uGYJng3aj99o94AaABAg,1,3 years ago,im indonesian...i have been cooking like this 20 years ago....nice..,我的印度尼西亚人...我20年前一直在做饭。
230,UgwI7ygk9HhR6FzADh94AaABAg,1,2 months ago,"umbrella atmosphere so nice to sleep, so jealous. i like the atmosphere.",雨伞气氛很高兴入睡，太嫉妒了。我喜欢气氛。
16657,UgzaWbxIQ7jtdY1EyHF4AaABAg.92syMjW-6cz934_ndjvSrc,1,3 years ago,"@garytang7740 i mean she is making a lot of money through this channel, if i was her, i would buy new and nice potteries too.",@garytang7740我的意思是，她正在通过这个频道赚很多钱，如果我是她，我也会买新的和不错的陶器。
16753,Ugz-voqvSlNThP6XzdF4AaABAg,1,3 years ago,nice food.,好吃的食物。
2161,Ugw15oTbIQZyUHmULsB4AaABAg,1,1 year ago,nice,好的
33003,UgweTN5lZEduK1s-jzR4AaABAg,1,3 years ago,hi very nice cooking lovely hours,嗨，非常好烹饪美好的时光
1895,UgzHEE361sYyfUlj_5h4AaABAg,1,1 year ago,very mantapppp. nice to meet you,非常曼塔普普。很高兴见到你
3884,UgwfzjhEODQlgJeDNBB4AaABAg,1,2 years ago,nice video!,不错的视频！
1977,UgwiDoBOzFxQnaG_2Ml4AaABAg,1,1 year ago,"i suddenly remember my mom, she loves eating river snails. we would always go to the river to catch snails every sunday for her. nice video",我突然记得我妈妈，她喜欢吃河蜗牛。我们总是会在每个星期日去河里抓蜗牛。不错的视频
35206,Ugwx1VvDTzsKvEVWNdd4AaABAg,1,3 years ago,nice....,好的....
18429,UgxzbZWW4kFq0SrkTxp4AaABAg,1,3 years ago,nice video just the background,不错的视频只是背景
34396,UgzymzM30h1WGcSyyo54AaABAg,1,3 years ago,wow nice...,喔不错哟...
19096,Ugxx0C0wczLWx2DIaoJ4AaABAg.928Ic4g69m392WwEs105vv,1,3 years ago,"korea is very very nice! people, food, heritage~ everything is wonderful! but now winter! very cold~",韩国非常非常好！人，食物，遗产〜一切都很棒！但是现在冬天！很冷〜
30030,UgzLwzHtzrVkM2FQjEB4AaABAg.8yVqoJo7C7f8yk6M4zXLzS,1,3 years ago,oh hell no in guessing your a trump support i know lol i guess you don't like lizi qi shes not white but asian anyways like i said have nice rascit life,哦，在猜测你的特朗普支持时，我知道你知道你不喜欢lizi qi不是白人，而是像我所说的那样的亚洲人。
14988,UgzreL_CFNmIjvF4gzp4AaABAg,1,3 years ago,the camera angles are really nice. great cinematography!,相机角度真的很好。很棒的摄影！
24458,UgySrzyUPnHwc8NC-OZ4AaABAg,0,3 years ago,wow ...nice cooking and using huge indigenous knowledge,哇...烹饪不错，并使用庞大的土著知识
24459,UgxYo6rikmRlaPL-85t4AaABAg,0,3 years ago,wow ...nice cooking and using huge indigenous knowledge,哇...烹饪不错，并使用庞大的土著知识
24563,UgyshRR30Lqm2zyYEt94AaABAg,0,3 years ago,video taking super very nice,视频拍摄超级很好
24709,Ugyh2HXs9gQaHZ-NlZB4AaABAg,0,3 years ago,"nice video ! i want to live in this countryside.
where is it (even roughly said)?","不错的视频 ！我想住在这个乡村。
它在哪里（甚至粗略地说）？"
19600,UgzY15GkOneiWuMmgRV4AaABAg,0,3 years ago,nice,很好
24845,UgwG4XpIRIAq1wQm3At4AaABAg,0,3 years ago,what a nice view,好美
24885,UgzJK48HiiIeImapuk54AaABAg,0,3 years ago,nice one,好一个
23834,Ugz57HIge11k1Wq9Uxh4AaABAg,0,3 years ago,very nice,很不错
23831,Ugyn4QcjpJyNpSM8W-l4AaABAg,0,3 years ago,so nice cooking,很好的烹饪
23781,UgzYGeGNyXnplwchYsZ4AaABAg,0,3 years ago,nice good chican,不错的奇奇
23757,UgwIOBYKi7nyzlRMuC54AaABAg,0,3 years ago,"i marry her , if she agrees ,cute nice cooking",我嫁给她，如果她同意，很可爱的烹饪
23756,Ugy6RoRxYTr0258YVut4AaABAg,0,3 years ago,"nice hard work lady , i seen ever",辛勤工作的女士，我见过
23736,Ugy70G8rj5jxDmVGHvl4AaABAg,0,3 years ago,nice video,不错的视频
23728,UgwiqJL_SJD5NW40jq14AaABAg,0,3 years ago,nice madam,好夫人
23577,UgxX1MKDT7B0IWzMaf14AaABAg.8zfpS_f3W7x90pJDzlKJc6,0,3 years ago,@ michko6114 nice one,@ michko6114很好一个
24934,UgysVlyn2EG2etXxlnB4AaABAg,0,3 years ago,nice video friend,不错的视频朋友
19624,UgyvEWRyjLgZILzWStt4AaABAg,0,3 years ago,very nice,真好
24436,UgyZmZVBaCMkUVHLR6d4AaABAg,0,3 years ago,"i want to go there, your place was so nice and quiet.",我想去那里，你的住所是如此安静。
19389,UgwxqDCXnIPPWHl-jdR4AaABAg,0,3 years ago,very nice,很不错
23996,UgwUkEhGI08L1iA-5r94AaABAg,0,3 years ago,very nice,非常好
24275,Ugx5Tc9Za2xrcA9_qP14AaABAg,0,3 years ago,nice,好的
24258,UgyzWpbNJsb-hC9Lw2p4AaABAg,0,3 years ago,very nice,很不错
24298,UgybWaGgLs9XB8SN5kp4AaABAg,0,3 years ago,i love it nice food,我喜欢它不错的食物
24341,UgwSEn_mc-sk1PlxdeN4AaABAg,0,3 years ago,looks niceeeee,看起来不错
24218,UgxPJlgWlGg8aZjWqUp4AaABAg,0,3 years ago,i don know ur language but i like it ur videos dr ur cooking very nice one day i stay to ur village,我不知道你的语言，但我喜欢你的视频，有一天我待在你的村庄
19427,UgwSAcorGy23yfXTx1N4AaABAg,0,3 years ago,nice,好的
24217,UgxlhspND87wI75VaPp4AaABAg,0,3 years ago,"the film and music are nice, beautiful, haha.",影片和音乐都好听，好看，呵呵。
19432,Ugw6_PVK6T79wWynX_V4AaABAg,0,3 years ago,what a nice view,好美
19434,UgyJxN8B_AsJ9b91p-l4AaABAg,0,3 years ago,nicely video,很好的视频
19627,UgwgK-9A4i8yF4YrvNN4AaABAg,0,3 years ago,very nice,很不错
19082,Ugxx0C0wczLWx2DIaoJ4AaABAg.928Ic4g69m392GdYkSDY5i,0,3 years ago (edited),people in the philippines are nice but i dont think it'll be the same with other asian country. i've been in china and south korea and people there are,菲律宾的人们很好，但我认为与其他亚洲国家不一样。我去过中国和韩国，那里有
24364,Ugw9pLLZdoZblx8aBtZ4AaABAg,0,3 years ago,nice,很好
24172,UgwgPas9EH8HV4MmM8N4AaABAg,0,3 years ago,nice acting,表演不错
24171,UgzsUkNwo878COF7CEJ4AaABAg,0,3 years ago,nice,好的
24073,UgxAGMBUsep4gzQzZ5R4AaABAg,0,3 years ago,"i happened to saw one video. and just keep on waching one after another......really good to see you plucking up the vegetable from own yard and cooking the same..as well as the old style of cooking...in old types of vessels.....without touching or harming the nature...
one small question do you really do it yourself or have some servants at home? 
do you sell the vegetables in market ?
nice channel....love from india.","我碰巧看了一个视频。然后继续互相打磨……真是太好了，看到您从自己的院子里拔出蔬菜并烹饪相同的蔬菜。 ...没有触摸或伤害自然...
一个小问题，您真的自己做还是在家有一些仆人？
您在市场上出售蔬菜吗？
不错的频道....来自印度的爱。"
24054,Ugxj4JoMoraHO6gbXfd4AaABAg,0,3 years ago,hi i'm india my name is prasad nice to meet you.u r so nice u r video s,嗨，我是印度，我叫Prasad很高兴认识您。
24373,UgxHG7EkjVPS7FA43qV4AaABAg,0,3 years ago,"very nice 't eat poke it's not good for human being 
hope you don't mind and english language also use for us we not much new what you making food and what you added in the cooking 
please do easy for us thanks","非常好
希望您不介意和英语也用于我们，我们没有什么新鲜的东西，您在做饭和烹饪中添加的东西
请为我们做轻松，谢谢"
19486,UgxIiN1QWC4qRgCMN4l4AaABAg,0,3 years ago,nice video..'entertaining to watch..'..love it,不错的视频..'娱乐观看..'..喜欢它
24428,UgwH6fpqIIZJi3p7sih4AaABAg,0,3 years ago,nice,好的
24051,UgxtNO4IzsJQZOtcEjZ4AaABAg,0,3 years ago,"very nice didh
great recipe:","非常好
很好的食谱："
21282,Ugzw66wLPLv3OPa-9m54AaABAg,0,3 years ago,nice,好的
22848,UgyYutRyLrd4wCCn-Fp4AaABAg,0,3 years ago,very nice cook,很好的厨师
23473,Ugxqu-kyUI8C7zrW_4x4AaABAg,0,3 years ago,wow nice,喔不错哟
21101,UgydVxzunkDT7kN1hUV4AaABAg,0,3 years ago,bun yaka is nice.,bun yaka很好。
20095,Ugzxy25Dxvno9EhcQEV4AaABAg,0,3 years ago,"this is nice, anybody knows those snail name ?",这很好，有人知道那些蜗牛的名字吗？
21797,UgwHHw9NsEGyLXeYM3F4AaABAg.9-WlF9BrJ_t9nvPiwjogM9,0,2 months ago,"hello everyone, i'm frome cambodia and have a nice day everyone",大家好，我是柬埔寨，祝大家愉快
20250,UgzlUzEmvuPLIia8UdN4AaABAg,0,3 years ago,wawww nice l love youuuuu somt.,wawww nice l love youuuuu somt。
20534,Ugy62CU9V0Fu8x0eSuh4AaABAg,0,3 years ago,nice,好的
20801,UgxETmSzYJNa5pOjUPt4AaABAg,0,3 years ago,nice sis ♥,不错的姐姐♥
25026,UgzkwKMBRu6zxSzo2194AaABAg,0,3 years ago,"i don’t understand, if you have such nice foods, why would you wanna have dog meat?",我不明白，如果您有这么好的食物，为什么要吃狗肉？
20898,UgxmhSrEIf0OnCA7hYt4AaABAg,0,3 years ago,nice video. enjoyable.,不错的视频。愉快。
20952,Ugzfd5QiP4NNnhqbnLp4AaABAg,0,3 years ago,nice,好的
21060,Ugw0DTLwRTqxmYSlTUl4AaABAg,0,3 years ago,nice video,不错的视频
21709,UgwBRxLOi-ZesieYcjN4AaABAg.9-_KlQ8-Npx90hse0E0cCx,0,3 years ago,@rbproducoes5675 u are u nice when u are going to send ur address,@rbproducoes5675 u当你要发送地址时你很好
21117,UgyiF3bmXCoiNfIYaXh4AaABAg,0,3 years ago,very nice,非常好
21858,UgzPhKPPhzsk8C2pNkl4AaABAg,0,3 years ago,very nice tecnikes,非常好的tecnikes
21125,UgyJHAbW_TVEeqFKEnx4AaABAg,0,3 years ago,i like the atmosphere around her .. very nice to eat. there are all around.,我喜欢她周围的气氛..非常好吃。周围有很多。
21600,Ugyhvog76Wr9plFzD154AaABAg,0,3 years ago,"nice video
im from indonesia
i like you","不错的视频
我来自印度尼西亚
我喜欢你"
21155,UgwEXhvneR81dwRZvDt4AaABAg,0,3 years ago,nice vlog,不错的视频博客
21596,UgwqrY9otjWLiIVgExB4AaABAg,0,3 years ago,"nice production, as far as chinese-trying-to-channel-japanese goes, but this is simply not the ""rural china"" is like. no one - and i mean, no one - in china keeps their place their rural kitchen and places this clean.",就中国的渠道 - 日本人而言，这是不错的制作，但这根本不是“中国农村”。没有人 - 我的意思是，没有人 - 在中国将他们的乡村厨房保留下来，并将其整洁。
21538,UgxReyHAU15NaEF7W7p4AaABAg,0,3 years ago,very very nice,非常非常棒
21483,Ugz6VeYiZsGVPn0JDDR4AaABAg,0,3 years ago,"pure beautiful peace is my feeling 
thank you give me nice moments","纯美丽的和平是我的感觉
谢谢你给我美好的时刻"
21467,UgyY5ZfO6LIkkUP_2Nd4AaABAg,0,3 years ago,nice,好的
21377,Ugz8T1QaAQFD-y2x1HZ4AaABAg,0,3 years ago,nice rasape,不错的rasape
21171,Ugwsyr-z3y-2WiZoRUR4AaABAg,0,3 years ago,very nice everything this woman does and more that background melody is something magical,这位女人所做的一切都很好，而背景旋律是神奇的
21213,UgzsiUiHB0katCfrUSl4AaABAg,0,3 years ago,so nice,很好
20075,UgyxpwBXhM-WUeolMQh4AaABAg,0,3 years ago,i'm vietnam: nice,我是越南：很好
20056,UgyiyDhiMley5J745Ah4AaABAg,0,3 years ago,nice job,不错的工作
23378,UgwALNgodNu6jdYMmJd4AaABAg,0,3 years ago,"nice......so relaxed


another wow ! video here...watch till end...


https://www.youtube.com/watch?v=4mr3mv8jong
https://www.youtube.com/watch?v=8xfhtjnpyaa","很好......很放松


另一个哇！视频在这里...观看直到结束...


https://www.youtube.com/watch?v=4Mr3mv8jong
https://www.youtube.com/watch?v=8xfhtjnpyaa"
22494,Ugx8Kcp1KHSQ53W92p94AaABAg,0,3 years ago,finally i know her name now.... nice videos,终于我知道她的名字。...不错的视频
23359,UgyCZHOjOe8eSlEydrF4AaABAg,0,3 years ago,she's so pretty...her cutting style is very nice..bamboo shoot looks crunchy..all are great recipe,她真漂亮...她的剪裁风格非常好.. bamboo拍摄看起来松脆..所有的食谱都很棒
19657,Ugyg3vdzEWZAZ7R8Rul4AaABAg,0,3 years ago,a very nice garden,一个非常好的花园
23162,UgylAkWYlUm2NNNYP4Z4AaABAg,0,3 years ago,thats very nice. without words,这是非常好的。没有言语
19671,UgxrtHNeHG7WXf7ZRVZ4AaABAg,0,3 years ago,too beautiful and cook wonderfully well. i married you! nice to meet you! i love your youtube channel.,太漂亮了，煮得很好。我嫁给了你！很高兴见到你！我爱你的YouTube频道。
23004,Ugwx5unlXYFfa7VWpZ14AaABAg,0,3 years ago (edited),"wow so nice and beautiful 
watch my channel please","哇好漂亮
请观看我的频道"
21303,UgzvB9-yuCxhury9wTt4AaABAg,0,3 years ago,nice video greetings from argentina,来自阿根廷的好视频问候
22800,UgzszbIDHXvcxmpBo0J4AaABAg,0,3 years ago,what a nice view,好美
22660,UgwEDQroO1c_uXMoEBF4AaABAg,0,3 years ago,i love your life style very nice one,我爱你的生活方式非常好
19691,UgyCmxslq3IjvQiMmZ94AaABAg.91b9Iwityop92P8pvZCYgs,0,3 years ago,@mmwang9124 wow... its nice to hear.... let her to live in peace of mind and healthy wealthy life..,@mmwang9124哇...很高兴听到....让她过着安心和健康的富裕生活。
22508,UgzoI1ygZdt_Y3ycHbV4AaABAg,0,3 years ago,i respect you.thank you for your nice hurt girl.,我尊重你。谢谢你的好伤害女孩。
19705,UgwaJrxSM5LuI7oYFwB4AaABAg,0,3 years ago,what a nice view,好美
21947,Ugz8U1xS1QVWPvMCwSZ4AaABAg,0,3 years ago,nice video,不错的视频
22337,Ugzrk0-cvaHW5gvONH94AaABAg,0,3 years ago,so nice your cooking,很好的烹饪
19748,UgyRNsbqkd7celERbal4AaABAg,0,3 years ago,"nice video, i like this",不错的视频，我喜欢这个
19760,UgzphqoG5Wn1saABGUt4AaABAg,0,3 years ago,very nice how to contact them,很好如何联系他们
19791,UgwEN-E34yWGYdTXXa94AaABAg,0,3 years ago,everything looks very nice/pictire preaty i don't know if i would like it will take a while to get used it.,一切看起来都非常好/pictire preaty，我不知道我是否愿意将其使用一段时间才能使用它。
22291,Ugyu7vDnIbq4r_7HpU94AaABAg,0,3 years ago,very nice,很不错
22231,Ugx0bmX64j8zCKP1OIZ4AaABAg,0,3 years ago,very nice,很不错
22127,Ugxe2lKEDyjpFJOdB4V4AaABAg,0,3 years ago,"love the design of the fermentation vessel. nothing can get in, but gasses can still escape. very nice craftsmanship too.",喜欢发酵容器的设计。没有什么可以进入的，但是气体仍然可以逃脱。也非常好的工艺。
19855,Ugy5jSw0pfuCO87fKRF4AaABAg,0,3 years ago,very nice u r cooking .good,很好做饭。
19860,UgxIMqi8XqHtC8Mg-PF4AaABAg,0,3 years ago,how nice there i want to live greetings from guatemala,我想从危地马拉那里过来的问候真好
22057,UgzA9DE1HS0Mn-ZkAmd4AaABAg,0,3 years ago,"so good, so nice",很好，好吧
24995,UgxJsRZf2yo8BYXHNol4AaABAg,0,3 years ago,nice girls,很好的女孩们
34483,UgzNhJ2mD8QlSOLtWKV4AaABAg,0,3 years ago,"nice place , i want to come here to live a month <3",好地方，我想来这里一个月<3
25056,UgwhTW3R6-R3xa4glux4AaABAg,0,3 years ago,nice,好的
29043,UgxrxlDmInXxSqPwncJ4AaABAg.8yXxwnokw6P8yeZ-_vrJPG,0,3 years ago,"@user-zn7y1cw9g can be later, i will write, although we have half the eleventh, i'm tired of household chores. you know, i look at the channels in non -russian, i write comments, knowing that no one will answer. but you will not believe how nice it is when people write in russian. i have been watching the asian channels for a long time, i leave comments, no one answers, i am calm. and then the comments went, i'm surprised !!!",@user-zn7y1cw9g可以稍后写，我会写信，尽管我们有一半，但我厌倦了家务。你知道，我看着非俄罗斯人的渠道，我写评论，知道没有人会回答。但是，当人们用俄语写作时，您不会相信它是多么的好。我很长一段时间以来一直在观看亚洲频道，我发表评论，没有人答案，我很镇定。然后评论发表了，我很惊讶！！！
30250,UgxlD7F4LIADR8nw3Xx4AaABAg.8yVezNp8yw38zXdli7gWbC,0,3 years ago,nice,好的
30289,UgxlD7F4LIADR8nw3Xx4AaABAg.8yVezNp8yw392HPuCiW93Y,0,3 years ago,"she takes care of her grandma so well, such a nice person. every time i think about li ziqi it’s all pleasant thoughts",她很好地照顾了奶奶，一个很好的人。每当我想到李Ziqi时，这都是令人愉快的想法
30347,UgxlD7F4LIADR8nw3Xx4AaABAg.8yVezNp8yw3984QcoHv3pm,0,3 years ago,hi .l am form bangladesh .so very nice video.,HI .L AM Form Bangladesh。非常好的视频。
30395,UgxlD7F4LIADR8nw3Xx4AaABAg.8yVezNp8yw39CkgmgKLW6s,0,2 years ago,wao verry nice so sweet,wao verry很好
30494,UgwNelYL8F5uVC0RErp4AaABAg,0,3 years ago,nice,好的
30551,Ugyjtfo9QitmGt2azJR4AaABAg,0,3 years ago,nice,好的
30572,Ugys20cvLbgwi-gVIQN4AaABAg,0,3 years ago,very nice,很不错
30583,UgwKM6eK6R3KYs2n_yl4AaABAg,0,3 years ago,wwaaww nice video..god bless you ☺️,wwaaww不错的视频..上帝保佑你☺️
30606,UgxIB2A22dK54RS3iLl4AaABAg,0,3 years ago,nice tv,不错的电视
34803,UgyYRbz5VFUaM0u_l354AaABAg,0,3 years ago (edited),li zi qi has been uploading a lot of vids lately i'm really happy for that but i'm a bit worried that she might be forcing herself from doing a lot of work and also how she leaves the bamboo's roots so that they can grow again is really nice of her,Li Zi Qi最近在上传了很多视频，我真的很高兴，但我有点担心她可能会强迫自己做很多工作，也有他们如何离开竹子的根源，以便他们能够成长同样，她真的很好
30809,Ugy2sCVm1a1_t35zF9d4AaABAg,0,3 years ago,your are very nice,你很好
31417,UgzBk8GfA_HF_9J-tDB4AaABAg,0,3 years ago,nice,好的
31581,UgxovCcjBjCjQwUOJmd4AaABAg,0,3 years ago,"what was the bird saying/chirping at the end? some like ""nice nice nice""",最后的鸟在说什么？有些喜欢“很好的好”
34748,UgxVb5F31AUVLpq17Jp4AaABAg,0,3 years ago,nice vido.,不错的vido。
31636,UgwqI47hhZNA2n9kYV94AaABAg,0,3 years ago,long life and happy for your family. nice video,长寿，为您的家人感到高兴。不错的视频
34832,UgzSvjDO0PjaZGHEQCZ4AaABAg,0,3 years ago,its so nice. i love this video.,挺好的。我喜欢这个视频。
30027,UgzLwzHtzrVkM2FQjEB4AaABAg.8yVqoJo7C7f8yjujgfVBif,0,3 years ago,oh hell no yuh i thought so yuh have a nice rasict life,哦，我以为，你想，你有一个美好的rasict life
29976,Ugy0r3xWMhuEZhoD15t4AaABAg,0,3 years ago,"nice video
i wish you would make videos daily and longer","不错的视频
我希望您每天都会制作视频"
29536,Ugw7pdGvQF_fd0s96zJ4AaABAg.8yWiBLps9B58yeAuFlZ74o,0,3 years ago,ofc no offence to the europeans. i know most of you guys are great and all but i'm targeting racist baskets not the nice peeps!,OFC对欧洲人没有冒犯。我知道你们大多数人都很棒，但我都以种族主义篮子而不是窥视的目标！
29213,UgyfkiBMlXxxD_GYhDZ4AaABAg,0,3 years ago,nice video,不错的视频
29259,UgzZ_AtGs8NkXPHxnZ54AaABAg,0,3 years ago,its really very nice,它真的很好
29296,UgxHJMjw0z9SddNe6Nt4AaABAg,0,3 years ago,so nice.ahaha,太好了。哈哈
29387,UgxtJwnYIB1ipq1uRll4AaABAg,0,3 years ago,very nice video you still look gorgeous as always,非常好的视频，您仍然一如既往地看起来很漂亮
29403,UgxYyiyth6S9NVIFmOB4AaABAg,0,3 years ago,nice,好的
29431,UgwqtBl6eoHeXE61S0V4AaABAg,0,3 years ago,truly organic and nicely cooked food,真正有机的食物
29565,UgwchLBbW9Dzw2QwtJd4AaABAg,0,3 years ago,wow nice i never miss all your video,哇，我永远不会错过你所有的视频
29899,UgwTbB_Fo22uCdTzPEJ4AaABAg,0,3 years ago,wow sis bembo tarkari... very nice trik i like it...,哇，sis bembo tarkari ...非常好，我喜欢...
29658,Ugx6X6S7kIaR211zMV14AaABAg,0,3 years ago,she very nice.,她很好。
29703,UgzpH3BE2koNS4RrEgp4AaABAg.8yWSez1D5Ga8yZUd7OELN2,0,3 years ago,"anne godwin 
ive just subscribed to your channel
happy day's anne! 
i agree, with your comment wonderful that she provides english subtitles isn't.
i just love this channel! 
and all the people, who take the time to give a comment, l just enjoy reading them all. 
have a nice day! everybody.♥
moira 
from england.","安妮·戈德温
我刚刚订阅了您的频道
快乐的一天的安妮！
我同意，您的评论很棒，她提供的英语字幕不是。
我只是喜欢这个频道！
所有的人都花时间发表评论，我只是喜欢阅读所有内容。
祝你今天过得愉快！大家。♥
莫伊拉
来自英国。"
29754,UgxloZMckPPu5mSY2b94AaABAg,0,3 years ago,nice to that you can walk through a beautiful yard and pick out anything you see and eat it. amazing,很高兴，您可以穿过美丽的院子，挑选出您看到的任何东西。惊人的
29813,Ugx-BqCs_yZXCz97QAB4AaABAg,0,3 years ago,ooh... those are awfully nice large bamboo shoots.,哦...那些非常漂亮的大竹芽。
29818,UgxRKBAeVIT3ah03sIR4AaABAg,0,3 years ago,"your work is very challenging, but you do well... you can support me by following my youtube channel. have a nice day",您的工作非常具有挑战性，但是您做得很好...您可以通过遵循我的YouTube频道来支持我。祝您有美好的一天
29889,Ugy5oJpU0SHqKj4hQax4AaABAg,0,3 years ago,"thanks for your nice images......
can you hold the english info a little bit longer on the screen.....
to fast for my age.......","感谢您的漂亮图像……
您可以在屏幕上保存更长的英语信息吗？
为了我的年龄快速........"
31682,UgxoZscyRD5FDO7R8bR4AaABAg,0,3 years ago,the bamboo shoots smells good while theyre cooking a bit bitter in a nice way. they also have a mushroomy taste and they're crispy and juicy.,竹芽以一种很好的方式烹饪时闻起来很香。他们也有蘑菇的味道，它们酥脆又多汁。
31698,UgzpZD9RP12Pa9FW_Wt4AaABAg,0,3 years ago,nice,很好
31782,UgwU4pkcLEeX9EK9uyN4AaABAg,0,3 years ago (edited),very nice... i love the vegetables... i love to watch ur videos very relaxing easy cooking... easy picking veg. and fruits.. i love it i love u... i feel hungry always u watching u❤️❤️❤️❤️,非常好...我爱蔬菜...我喜欢看您的视频非常轻松的烹饪...轻松挑选蔬菜。和水果..我爱它，我爱你...我总是饿了，你总是看着u❤️❤️❤️❤️
34626,UgzFQZlSWftmOy8qROx4AaABAg,0,3 years ago,nice,好的
33161,UgyrH7NVEpHzwCiGFet4AaABAg,0,3 years ago,very nice.,很不错。
33202,UgykjQSv-gM89zpOeux4AaABAg,0,3 years ago,nice,好的
33217,UgyhCmDazwpUjiFxf3R4AaABAg,0,3 years ago,wow nice,喔不错哟
33506,UgwMk0J_yUmHAk9YoCN4AaABAg,0,3 years ago,very nice sister,非常好的姐姐
33528,Ugw30jk7iKe7Lddhu-94AaABAg,0,3 years ago,vl lagise....nice video...,vl lagise ....好视频...
34696,UgzA9Zm3wGTILHG1O9B4AaABAg,0,3 years ago,nice video,不错的视频
33896,UgywJFjB7QSfXsqUFbl4AaABAg,0,3 years ago,nice video ☺☺☺,不错的视频☺☺☺
33102,UgxFM5p0bMGNhl3N-zN4AaABAg,0,3 years ago,nice,好的
33924,Ugw2mADFme6-jX6vPw54AaABAg,0,3 years ago (edited),so nice to hear granny laugh to her heart's content ☺️,很高兴听到奶奶对她内心的内容笑☺️
33943,UgwWO_45MZgwGfIwos14AaABAg,0,3 years ago,it’s nice to watch these at 3am sometimes,很高兴有时凌晨3点看
34067,Ugy2zoAGT2Ad9sqV-154AaABAg,0,3 years ago,nice! new video again! she’s the only one i don’t ignore. as soon as i see a new video watch it right away.,好的！再次新视频！她是我唯一不忽视的人。我一看到新视频立即观看。
34180,Ugw89_Rx7r6EvszCRhd4AaABAg,0,3 years ago,i am weating for your new video.. very nice video..i love it liziqi,我正在为您的新视频而奋斗..非常好的视频..我喜欢IT Liziqi
34244,Ugw-dG4MOL1xREcT3bx4AaABAg,0,3 years ago,nice,好的
34313,UgzbZ_6efSLnJ6VfaM14AaABAg,0,3 years ago,nice video liziqi. n,Nice video liziqi.
33149,UgzXCadyd2V9MID5nON4AaABAg,0,3 years ago,wow very nice,哇，很棒
33024,Ugzj3t-waWHVbUXjsvV4AaABAg,0,3 years ago,nice all kuken free you not gooto shoping,不错的所有Kuken免费
32031,UgxiVUC-gkHZsAE65Gh4AaABAg,0,3 years ago,"soo young and beautiful, and soo skilled! your videos are a breeze of fresh hair in this hot summer! eng. sub would be very nice! thanks!",SOO年轻而美丽，Soo熟练！在这个炎热的夏天，您的视频轻而易举！工程。 sub会非常好！谢谢！
34747,UgyW8wQu3BfZ7L7rftF4AaABAg,0,3 years ago,nice,好的
32216,Ugzd9emFMbtKr7Fv29p4AaABAg,0,3 years ago,nice video mam,漂亮的视频妈妈
32235,Ugyl9hnNcy_d0V_NfgZ4AaABAg,0,3 years ago,very nice and interesting to watch! thank you ! joy and happiness to you!,非常好看，很有趣！谢谢 ！欢乐和幸福给你！
32245,UgwItWSY6KhcFXCoCZh4AaABAg,0,3 years ago,where is this place? can we visit? so nice !,这个地方在哪里？我们可以去吗？太赞了 ！
32423,Ugz_KPxbwmmnjdmqYSh4AaABAg,0,3 years ago,nice,好的
32547,UgyyJWg3fyXhdipXtQN4AaABAg,0,3 years ago,nice video,不错的视频
32593,UgzSB40vcKQMxarAVRB4AaABAg,0,3 years ago,nice sir and liziqi iam pakistan iam big fane for you ... hasnain shah,尼斯先生和liziqi iam巴基斯坦IAM Big Fane ... Hasnain Shah
34697,Ugxi7Glre0XGTtAM03V4AaABAg,0,3 years ago,berry nice,贝里很好
32954,UgxmwDjRR_CFEfjN3ax4AaABAg,0,3 years ago,"can someone tell me what is in those pots with the water seal? is it vinegar or oil or something that pickles the vegetable?


one of these days i hope to see her sharpen her magic cleaver. i've never doubted that she cleans the magic cauldron, but it was nice to see that included this time because i've wondered how she does it. if it is cast iron then just with water and a cloth i guess.","有人可以告诉我那些带有水封的锅里有什么？是醋还是油，还是腌植物的东西？


这些日子之一，我希望看到她锐化了她的魔力。我从来没有怀疑过她清洁了魔术大锅，但是很高兴看到这次包括，因为我想知道她是怎么做到的。如果是铸铁，我想只是用水和一块布。"
32664,UgzqnGc0VH1N2-0Lzot4AaABAg,0,3 years ago,so nice,太赞了
32847,UgzTTitMmPbrRXSvtQp4AaABAg,0,3 years ago,very nice ❤️,非常好❤️
32867,UgyKwrfVXCXuG2JrOY54AaABAg,0,3 years ago,nice video,不错的视频
32900,UgwTk3gfA-0G0dEtlad4AaABAg,0,3 years ago,very nice cooking sis,很好的烹饪姐妹
32912,Ugw-jz5H7LEhGn1IDTd4AaABAg,0,3 years ago,you nice and your video natural,你很好，你的视频很自然
32937,UgyO_hP2ijpyQGfbJfp4AaABAg,0,3 years ago,so nice video,太好了视频
29151,UgyLMxxbBnVTKIkhKZd4AaABAg,0,3 years ago,very nice everything ♥ ️,非常好的一切♥谢
29040,UgzVX1s3HdmhWmmILgN4AaABAg.8yXyAuH9Z1Y8yh7t2X7F8t,0,3 years ago,"@user-dw6rn9zh6c! very nice) i also have a cat-“pick” murchik). hit the wall fainted, came to his senses, now he is manual. you're well done! our little animals are smaller brothers)",@user-dw6rn9zh6c！非常好）我也有一只猫“ pick” Murchik。
25063,Ugytvmc3UbnvGly8w114AaABAg.8z8TZEwBEei8zIv6KUsflR,0,3 years ago,very nice,很不错
28953,UgxCpRiDGzrwuzVOfl94AaABAg.8yY6-41Td1g9CXJR8f5LAw,0,2 years ago,nice video,不错的视频
25838,UgwzXbFJnWRkvmoEOJB4AaABAg,0,3 years ago,"everything is fresh picked, beautiful presentation, lovely animals too! nice to see your grandma enjoying your cooking, wish her well and happy day ❤️",一切都是新鲜的，美丽的演讲，也是可爱的动物！很高兴看到您的奶奶喜欢做饭，祝她一切顺利，快乐的一天❤️
25892,UgxKceET6bzBwCs7-rl4AaABAg,0,3 years ago,wa ! she can do anything and we can see anything she was doing .nice.,哇！她可以做任何事情，我们可以看到她正在做的任何事情。
25914,Ugy0_BQ7ONn6T-E7JBJ4AaABAg,0,3 years ago,it's rrally nice cooking. and i like har,烹饪真是太好了。我喜欢har
34443,Ugwn-eHzWw_msSbNUD54AaABAg,0,3 years ago,nice,很好
26023,UgyyK86aAC05CRB-Pqx4AaABAg,0,3 years ago,"she is surrounded by a massive garden with a nice variety of fruits and vegetables, very organic.",她被一个庞大的花园包围，有各种各样的水果和蔬菜，非常有机。
26063,UgzY64VyRYjxIjfu-hB4AaABAg,0,3 years ago,"i really like your videos, i am a kitchen fan and i enjoy you prepare the dishes. that you also do with much love and with a wonderful cleaning and perfection. but regardless of food, their videos convey a lot of peace and positive energy. and you seem to me a very nice and beautiful girl. very good person. thanks for your videos.",我真的很喜欢您的视频，我是厨房迷，我很喜欢您准备菜肴。您也充满爱心，清洁和完美。但是，无论食物如何，他们的视频都传达了很多和平与积极的能量。在我看来，你似乎是一个非常漂亮和美丽的女孩。很好的人。感谢您的视频。
26144,Ugz16CAYxmD6X4_riZx4AaABAg,0,3 years ago,so nice #thailand,真好#Thailand
26182,UgxYRdUK27MDO0cl-CB4AaABAg,0,3 years ago,very nice cooking i like it. and u r so cleaver.,我喜欢的烹饪非常好。和你是切肉刀。
26317,UgwNQcaOeC24T9a_AMh4AaABAg,0,3 years ago,very nice place to live....,非常好的居住地。
26321,UgzS2NaNNYCPeKgqutZ4AaABAg,0,3 years ago,"very nice place to live, fresh food",非常好的居住地，新鲜食物
18789,Ugx1ZeTm9plV60z7ROB4AaABAg,0,3 years ago,what a nice view,好美
26425,Ugxn3rzsj_8t_xsQCRp4AaABAg,0,3 years ago,nice video,不错的视频
26485,UgwiYyD58wbTbvsMSZx4AaABAg,0,3 years ago,nice recipe,不错的食谱
26487,UgwtB0uHZSaxVKETLwt4AaABAg,0,3 years ago,nice,好的
26540,UgyZeDMWq8ZFRIDjJ5l4AaABAg,0,3 years ago,nice and yummy food,美味的食物
25720,UgwER2qnmVJ7VmOqujl4AaABAg.8yzGOMxnfp88z3sp4bwjYw,0,3 years ago,true very nice ambiance..,真正的非常好的氛围。
25701,UgxyfbSuMVcxrNnb3iN4AaABAg,0,3 years ago,nice nice ji,很好的JI
25685,UgzssyvZArr7B4U8jbN4AaABAg,0,3 years ago,nice dis,不错
25282,Ugwthj_VmPbE9vI72qt4AaABAg,0,3 years ago,the video has a very nice quality.,该视频的质量非常好。
25094,UgzleZxRclhVF12E22d4AaABAg,0,3 years ago,"very nice,i like it!",很好，我喜欢！
25103,Ugy9WaCljGpWBtnqToJ4AaABAg,0,3 years ago,hai very nice,海很好
25123,UgzyOIkfKIGdzeaW6n54AaABAg,0,3 years ago (edited),"c'mon i need to eat that food, this is crazy i am sleeping and dreaming about food, i am going to kidnap her, she should share, this is not nice i am never coming to look her vedios again. her food is making me go crazy...",来吧，我需要吃那种食物，这太疯狂了，我正在睡觉和梦见食物，我要绑架她，她应该分享，这不是很好，我再也不会来看看她的vedios。她的食物让我发疯...
25125,Ugy-attR8ywpA_Dskpt4AaABAg,0,3 years ago,"oh i really loved what she made the best part is everything is so fresh, i would love to live with her , is this real where she's living everything too nice and beautiful to be real...",哦，我真的很喜欢她所做的最好的部分，一切都是如此新鲜，我很想和她一起生活，这是她的生活，她过着一切美好而美丽，无法真实的东西...
25167,UgzLSGGx4MwNa4_FqRF4AaABAg,0,3 years ago (edited),"i’m so happy to see the english subtitles, i watched several videos the other day from your facebook that didn’t have the subtitles. it’s nice to read everything you are preparing!! you have a beautiful life and you are incredibly talented!! you should build a bed and breakfast so people can come and visit and learn to cook and sew with you!! you would stay booked up!! hello from florida!!",我很高兴看到英语字幕，前几天我从您的Facebook看过几个视频，而这些视频没有字幕。很高兴阅读您准备的所有内容！！您的生活很美，您的才华也非常有才华！！您应该建造一个床和早餐，以便人们可以来参观并学会与您一起做饭和缝制！！你会预订的！你好来自佛罗里达州！
25182,UgxqoEVfwA73TEidX454AaABAg,0,3 years ago,it's nice,真不错啊
25308,UgwUlrpmm3d8VUzNesF4AaABAg,0,3 years ago,very nice vdo,非常不错的vdo
25674,Ugw3Sy04QMhAlrlkxNl4AaABAg.8z-Jevpgkdp8z6uNn6RaLt,0,3 years ago,"it seems to be very nice, also wanted to live in such a place",似乎非常好，也想住在这样的地方
25318,UgybGRkCTfK5RmbQS3F4AaABAg,0,3 years ago,"hi, i really love your cat videosin your channel. i also havea channel and want to expose it more from people. it would be nice if you can check it out and leave a like and comment . my cats are very special and have their own amazing things they do.",嗨，我真的很喜欢您的猫视频您的频道。我也有频道，想向人们展示更多。如果您可以检查一下并发表评论，那就太好了。我的猫很特别，他们有自己的惊人事情。
25453,UgzPgVmZDJnjiC8ajdZ4AaABAg,0,3 years ago,nice video. the video is really beautiful.,不错的视频。视频真的很漂亮。
25487,UgyuanrbicjFDMqDxJp4AaABAg,0,3 years ago,your vliges very nice,你的vliges非常好
25532,UgzeirQsAcsaGsLlaSx4AaABAg,0,3 years ago,so nice,太赞了
25583,UgwPN_pehAIpHdZ3Mbt4AaABAg,0,3 years ago,nice,好的
25646,Ugyop0wLcQl7KrWuoGl4AaABAg,0,3 years ago,so nice your garden,你的花园很好
26613,Ugx0LQzidmvNV0Gub0d4AaABAg,0,3 years ago,"anyone else notice that the interior of her house would be cause for condemned living conditions here in the west. and yet, here we sit, marveling at how nice and quaint this is. she washes her feet in a pond and yet we pay out thousands of dollars to have treated water pumped into our houses. 
her clothes appear to be less than thrift store cast offs and yet she can make a woman look beautiful and feminine in them. 
what a messed up world this is. 
her neighbors probably slave 17 hours a day to make our shoes of which we have several. 
my god, what has this world come too.","其他人注意到，她房屋的内部将导致西方遭到谴责的生活条件。然而，在这里，我们坐在这里，惊叹这是多么美好和古朴。她在一个池塘里洗脚，但我们付出了数千美元，以处理水中的水。
她的衣服似乎不比旧货店脱颖而出，但她可以使女人在其中看起来美丽而女性化。
这是一个混乱的世界。
她的邻居可能每天17个小时奴隶，让我们的鞋子有几个小时。
我的上帝，这个世界也发生了什么。"
26630,UgzN9sgGYC6uRxH-NcR4AaABAg,0,3 years ago,"hello, it gives a very nice nature to peace",您好，这给和平带来了非常好的本性
26657,UgwmJ7L9cFrZ1kxfjlB4AaABAg,0,3 years ago,nice video mam.,漂亮的视频妈妈。
28450,UgwJ_jPMHTYQzd0SbIN4AaABAg,0,3 years ago,very nice and intelligent is lady. cordial health from mexico,女士是非常友善的。来自墨西哥的亲切健康
28022,UgzNVV7CXFHHBjiKz6Z4AaABAg,0,3 years ago,nice home and nice videos your lucky,不错的家和漂亮的视频您的幸运
28058,UgyMpBcLCGDt8g1nD0N4AaABAg,0,3 years ago,"nice ,",很好，
28081,UgwI9ePoR_8E4i_JQuF4AaABAg,0,3 years ago,nice~,很好〜
28144,Ugzg-1XAUChLswGZLN14AaABAg,0,3 years ago,"@yundengogo it would be nice if the people doing subtitles could only translate what is being said or the words shown on screen in the video.. any additional information or cooking tips (like ""careful when trying this at home, we don't want fermented finger tips or nails"") might be funny but they should be said in the comments and not the subtitles.. otherwise it's just going to be confusing to figure out which words come from liziqi and which ones were added by a random person who has nothing to do with the channel",@yundengogo，如果执行字幕的人只能翻译所说的话或视频中显示的单词。发酵的手指秘诀或指甲”）可能很有趣，但应该在评论而不是字幕中说。与频道无关
28201,UgwGgrwCeQqp6Lyj4hV4AaABAg,0,3 years ago,very nice,非常好
28289,UgzEUHrA5oHM20dIvlJ4AaABAg,0,3 years ago,very nice ❤️❤️❤️❤️❤️❤️❤️❤️,非常好❤️❤️❤️❤️❤️❤️❤️❤️❤️❤️
28455,Ugx2dBd3S_-CiASpJOJ4AaABAg,0,3 years ago,the video is so nice but the viet sub is so silly,视频很好，但是越来越愚蠢
27998,UgzBIfeYkya2Gp3d36V4AaABAg,0,3 years ago,i am from bangladesh.....i like liziqi....she is so much pretty girl....she is nice person..... personally i like her......i see your cooking episod.....your home environment very much beautiful place....but where is your father mother?,我来自孟加拉国.....我喜欢liziqi ....她是如此漂亮的女孩....她是个好人.....我个人喜欢她...我看到你的烹饪情节.....您的家庭环境非常美丽的地方....但是您父亲的母亲在哪里？
28477,UgwuyAzD2r8b9VsF7BR4AaABAg,0,3 years ago,nice,好的
34895,Ugzb7fGqgEx4bJdsVA94AaABAg,0,3 years ago,nice,好的
28654,UgxCpRiDGzrwuzVOfl94AaABAg.8yY6-41Td1g92E3rGySvm3,0,3 years ago,nice touch lol,好触摸大声笑
28706,UgxCpRiDGzrwuzVOfl94AaABAg.8yY6-41Td1g93rEJ6hHKUT,0,3 years ago,@vinithav7605 i like the pretty nice income,@vinithav7605我喜欢相当不错的收入
28816,UgxCpRiDGzrwuzVOfl94AaABAg.8yY6-41Td1g9872a5WabIs,0,3 years ago (edited),"@franzpeters3824 she's doing things better than you! if you dont have nice things or constructive things to say, get off from here! her primary language is not english but she could speak other language and dialect! you cant even do what she does get off your high horse",@franzpeters3824她比你做得更好！如果您没有好事或有建设性的话要说，请从这里下车！她的主要语言不是英语，但她可以说其他语言和方言！你甚至不能做她脱下高马的事情
28851,UgxCpRiDGzrwuzVOfl94AaABAg.8yY6-41Td1g99ZMYzZ1_tK,0,3 years ago,"franz peters you have nothing to do but to criticize a girl who had a tough childhood, working as hard as she can to help her grandma, a girl despite her own difficulty, donated countless stuff to help combat covid19, who inspired so many people. what did you do to help other people? be a man, bro, don't do coward stuff like this anymore. i can speak more than three languages fluently. you don't see me mocking you for not being able to speak a language do you? you don't see me mocking you for being a coward do you? you don't see me mocking you because you are a racist do you? you don't see me mocking you because you sit on your ass all day just to insult people online do you? you don't see me telling you the truth that you are a oxygen waster and a disgrace do you? what kind of vile devil throw insults at nice people just so they could shoot their juice?",弗朗兹·彼得斯（Franz Peters）除了批评一个童年艰难的女孩，尽可能地帮助她的奶奶，一个女孩，尽管她自己的困难，但捐赠了无数的东西来帮助与启发这么多人的Covid19打击Covid19。您做了什么来帮助他人？做个男人，兄弟，不要再做这样的胆小鬼。我可以说流利的三种语言。您没有看到我嘲笑您无法说一种语言吗？你看不到我嘲笑你是胆小鬼吗？你看不到我嘲笑你，因为你是种族主义者吗？您看不到我嘲笑您，因为您整天坐在屁股上只是为了侮辱人们在线吗？您没有看到我告诉您您是浪费氧气，是耻辱吗？什么样的邪恶的魔鬼侮辱了好人，以便他们可以拍摄果汁？
28004,Ugy88OHusgPO8J2ntRx4AaABAg,0,3 years ago,what a nice place.,真是一个好地方。
27972,UgwV5aSs4td0tlGfDlF4AaABAg,0,3 years ago,i want eat from ur cook.. very nice,我想从你的厨师那里吃饭..非常好
26698,UgxljjrYZPigpaGuDx94AaABAg,0,3 years ago,nice!!!,好的！！！
27333,UgzwWsd-Hiu36kTVt2Z4AaABAg,0,3 years ago,just found a nice article about her https://link.medium.com/bpygq9ykbz,刚刚找到了一篇关于她https://link.medium.com/bpygq9ykbz的好文章
26772,Ugw1gMtULZb5f3hdMiV4AaABAg,0,3 years ago,nice,很好
26831,Ugw96LH8rMEwYDzKXfR4AaABAg,0,3 years ago,very nice,非常好
27033,UgwGlXbdzgnihHJfG094AaABAg.8yixt2ZyQb28ypgK0yyjZx,0,3 years ago,"tell me please. when you say ""there,"" do you mean to say there is a region in china this pretty, so clean, very natural, lacking congested roads and filled with fresh air? i don't see her using plastics or wearing disposable clothing. her skin is white and clear. her world is too nice. not even martha stewart could present like this and ms. 
stewart had a team of helpers off camera. tell me this is very real. i would love to go to china and live like that. i don't care about religion and could give up discussing politics for that lifestyle. of course, it would take me a few years to learn the basics of chinese language.","请告诉我。当您说“那里”时，您是说中国有一个美丽，如此干净，非常自然的，缺乏拥挤的道路并且充满新鲜空气的地区？我看不到她使用塑料或穿着一次性服装。她的皮肤是白色的。她的世界太好了。甚至玛莎·斯图尔特（Martha Stewart）也无法像这样呈现。
斯图尔特（Stewart）有一个助手团队。告诉我这是非常真实的。我很想去中国生活。我不在乎宗教，可以放弃讨论这种生活方式的政治。当然，我花了几年的时间才能学习中文的基础知识。"
27173,Ugw1rXGfAODEqh6zWf54AaABAg,0,3 years ago,nice video,不错的视频
27196,Ugx_qLYcnpPFZhKpUBt4AaABAg,0,3 years ago,nice,好的
27231,UgzcR5v0eqoCKrb04314AaABAg,0,3 years ago,"so nice, the weather is good.",很好，天气很好。
27385,UgwJN98wgL0F39DTZol4AaABAg,0,3 years ago,how much people in ur home ? it's so nice channel,你家里有多少人？太好了频道
27843,UgxLLQHMy3U_RaVV6W14AaABAg,0,3 years ago,nice,好的
27408,UgytpzHV7oKejvoEH-J4AaABAg,0,3 years ago,nice,好的
27586,Ugw6ZdT7m5IThnO2TLB4AaABAg,0,3 years ago,"nice, wow.",很好，哇
27660,UgzIbrWIfvbAQ9ODWTR4AaABAg,0,3 years ago,you are very nice girl,你是非常好的女孩
27760,UgxcxBAb4UqAHczu5854AaABAg,0,3 years ago,very nice,很不错
27796,Ugy9uS9_jxGBNkWsTKd4AaABAg,0,3 years ago,nice video,不错的视频
27817,UgzU70C2zS5sALYMe6N4AaABAg,0,3 years ago,"this ekip is amazing! they make everything seems so natural. the life, the living standard, the food.,etc everything. but, the video was made so professionally. she acts every well and natural as well. the video angles are also nice. so we know there is an excellent ekip behind",这个Ekip很棒！他们使一切看起来如此自然。生活，生活水平，食物等。但是，该视频是如此专业制作。她也表现得很自然。视频角度也很好。所以我们知道背后有一个出色的ekip
26396,UgwtJ5VRy8S20DmuOg14AaABAg,0,3 years ago,very nice video.,非常好的视频。
38,UgxazWR-f4JVDRTYw654AaABAg,0,2 weeks ago,very very nice,非常非常好
18769,UgxXhQ3GjHzo9Z888Qh4AaABAg,0,3 years ago,nice vid,不错的vid
5890,UgzbiSvvKpIOaFxnCUh4AaABAg,0,2 years ago,your video is very nice,您的视频非常好
5983,UgwVq7xzjDo_NwHLgvx4AaABAg,0,2 years ago,nice,好的
6028,Ugy29zJqcAbYuGO5ARt4AaABAg,0,2 years ago,what is this but so nice look,这是什么，但看起来很好
6163,UgzE5hoe7yL5IVs60yh4AaABAg,0,2 years ago (edited),i want to buy some of the tools you use. you should offer a link somehow and make money that way. also the fermenting pots. we ferment food here also. but those pots are very nice.,我想购买您使用的一些工具。您应该以某种方式提供链接并以这种方式赚钱。还有发酵罐。我们也在这里发酵食物。但是那些锅非常好。
6182,UgwyfdLstlZA1r71xGt4AaABAg,0,2 years ago,wow this is so nice and amazing to โค๏ธโค๏ธโค๏ธ๐’,哇，这真是太好了，很棒的❤️❤️❤️
6209,UgxaHe_KPWDqigakVoV4AaABAg,0,2 years ago,"nice ๐‘ video
i love these videos","不错的视频
我喜欢这些视频"
6294,UgwdQf-FuTL0b4ybV0J4AaABAg,0,2 years ago,"how nice to lead a life like this, with a lot of peace and tranquility among nature. very beautiful videos.",过着这样的生活，在自然界中充满了和平与安宁，真是太好了。非常漂亮的视频。
6369,Ugy82nJHwxum38cSff54AaABAg,0,2 years ago,what a great scene nice view nice food good quality of shots nice angle i wish we all live happy life and simple life like this,多么美好的场景，美好的食物质量好，镜头好，我希望我们所有人都过上幸福的生活和简单的生活
6415,UgxTTernZgeA3b9VKJl4AaABAg,0,2 years ago,nice i loved,我爱
6491,UgzweJD4tbnhvDNxb8Z4AaABAg,0,2 years ago (edited),i love your grandma she is sooo nice i love every grandma and mom and dad in the world bless god all of you mother and dad and grandma bless all of you even you bless you bless god everyone ๐บโค๐’๐’๐บโค๐บ๐’๐’โค,我爱你的祖母，她太好了，我爱世界上的每个祖母，爸爸妈妈祝福上帝，你们所有人，爸爸爸爸和奶奶，甚至你们所有人，你们所有人祝福你祝福上帝
6555,UgzjtcEc1YQ_o0QrzC54AaABAg,0,2 years ago,"she is truly an inspiration. ๐i watched almost every videos in her channel. โค๏ธ makes me want to live a simple life too. to everybody enjoying it as well i wanna share with you my friend's music and hopefully liziqi notice it too (would be truly awesome ๐). he writes very good music for free and it's a nice way to enjoy life even on quarantine. let's all share positivity and love. you can check the link below! ๐€

https://m.youtube.com/channel/ucdexl2evplsj8dvfv4cmcga","她确实是一个灵感。 

https://m.youtube.com/channel/ucdexl2evplsj8dvfv4cmcga"
6751,UgzSCWtVwUk3cuEBbhp4AaABAg,0,2 years ago,nice house,不错的房子
6886,UgzwUViqkzT6Nvvd2TR4AaABAg,0,2 years ago,wow fantastic and nice i'm from iraq๐๐๐๐๐๐๐๐๐,哇，我来自伊拉克很棒，很高兴
6956,UgzVjCCMBku5_WF7qNB4AaABAg,0,2 years ago,nice,好的
7067,UgzsJHCmg1bw5qkTiBx4AaABAg,0,2 years ago,very nice,很不错
7154,UgxqSVv48X1dil9i4cp4AaABAg,0,2 years ago,nice,好的
5918,UgwmIta5-9jvizOJqQ54AaABAg.9FK4_1mSrLe9FXfvRD7WEN,0,2 years ago,those who say that true love isnโ€t real or isnโ€t coming hasnโ€t experienced true love. true love never fails. i think that wouldโ€ve a great addition to your statement:) have a nice day!,那些说真正的爱不是真实或没有来的人没有经历真正的爱。真爱永远不会失败。我认为这将是您的陈述中的一个很好的补充：)祝您有美好的一天！
5757,UgyKuYTYuxTZGJhnpSR4AaABAg,0,2 years ago,nice,好的
7233,Ugx70gcupyVOQ_E4Sw94AaABAg.9DAaQ5xuvxJ9DO9RpSepz1,0,2 years ago,@jenchengtsai2758 nice...,@jenchengtsai2758很好...
5683,UgzU-Erur_KxyvSbNPp4AaABAg,0,2 years ago,very nice,很不错
4940,UgyR1rS_X-Gc2pX2k8J4AaABAg,0,2 years ago,btw nice,顺便说一句
5080,Ugy6qGih-by_ZgR381R4AaABAg,0,2 years ago,so amazing girl there nice idea grandma,太神奇的女孩那里好主意奶奶
5097,UgyhmGf-H329DuTcu3F4AaABAg,0,2 years ago,"very nice health to your hand and visits my channel, it was very happy if you subscribe๐ฅฐ๐ฅฐ",您的手非常健康，访问我的频道，如果您订阅
5108,Ugwz9VvjRZ8p2_j9ZFl4AaABAg,0,2 years ago,nice foods,不错的食物
5144,UgzXsPeqrGnrblmLVzx4AaABAg,0,2 years ago,its just so calm and nice u know i love it i love ur videos so cool ๐๐,它是如此的镇定和很好，你知道我爱它，我喜欢你的视频，太酷了
5207,Ugz1ZhL2IumHIIG1lTJ4AaABAg,0,2 years ago,nice,好的
5276,UgyRTZeBA43_yE-7lpB4AaABAg,0,2 years ago,"this video reminds me that anime that spoke of a phantom ""princess of bamboo sprout"" very nice, alternative and colorful with only watercolors the plot reminded a little the novel cime stormy โค๏ธ",这段视频提醒我，动漫谈到了一个幻影“竹子公主”，非常好，替代品，只有水彩画，情节使小说cime cime cime cime storky❤️
5383,Ugyq6VuL9Qs60ear4DB4AaABAg,0,2 years ago,"i look for hours ... i like to look so much. after work i lie rest and look .. it soothes so, looking at how they work and prepare something very tasty and beautiful. there is no translation, i try to understand so. i find a useful one for myself .. i am also interested in the garden and landing ... i really want to learn something to cook something else .. the girl is very cute and beautiful, hardworking .. it is very nice to look at her labors . everything is very beautiful, and i really like that they love my grandmother so .. i donโ€t even know .. i wonโ€t be young with a young one .. but i would like at least a little, such care in old age .. thank you! your videos let your soul enjoy and rest.",我看几个小时...我喜欢看很多。下班后，我躺在休息和看。没有翻译，我试图理解。我为自己找到了一个有用的。我也对花园和着陆感兴趣...我真的很想学习一些东西来烹饪其他东西。美丽，勤奋..看着她的劳动真是太好了。一切都很漂亮，我真的很喜欢他们爱我的祖母，所以..我什至不知道..我不会和一个年轻的人在一起..但是，我至少想要一点点，这样的照顾。.谢谢！您的视频让您的灵魂享受和休息。
5529,UgzBrQXEeQXxrd1sou54AaABAg,0,2 years ago,wow thats so nice and pretty the place you live in so many food grown i like thats cool,哇，真是太好了，漂亮的地方，你住在很多食物中，我喜欢那很酷
5530,Ugz020chZU4Snqw49fV4AaABAg,0,2 years ago,very nice beautiful ๐นโฅ๏ธ๐น๐‘๐‘๐’•,非常漂亮的美丽
5535,UgyD6xyfPATSd-Ngtq14AaABAg,0,2 years ago,nice.๐น๐งกโค,很好
5537,UgzxZltnPH8ETeQcNj54AaABAg,0,2 years ago,wow so nice,哇好吧
5550,UgwGmQxHj7JHSNvqHYJ4AaABAg,0,2 years ago,very nice! really it's like a paradise!! your very lucky woman,很不错！真的，这就像一个天堂！你非常幸运的女人
5674,UgyBI7CCEBfbzRjQ1T14AaABAg,0,2 years ago,nice ๐‘ looking delicious,很好
5675,UgwmrmxT7mBRFPf7c1J4AaABAg,0,2 years ago,can work hardly but can't cook nicely because i love chinese food ever,几乎无法工作，但不能很好地做饭，因为我喜欢中国菜
7171,Ugw8SAuoHY0qL0z-BtJ4AaABAg,0,2 years ago,very nice,很不错
7278,UgyGSQ6-HlnQzS_RoEZ4AaABAg,0,2 years ago,amazing are these foods you could say through your stomach to your heart until your saliva is flowing. i wish you a nice day.,您可以通过您的肚子对您的心脏说这些食物，直到您的唾液流动为止。祝今天好运。
4920,UgwMhYrScPpwzkRykJd4AaABAg,0,2 years ago,"nice place 
plz support may chanel","好地方
PLZ支持可能会使"
7747,UgwA1-CCiYSz5b72s914AaABAg,0,2 years ago,video nice,视频不错
7800,UgwxwMzjM8vYTrjE8rN4AaABAg,0,2 years ago,wow very nice ๐‘๐‘๐๐,哇，非常好
7802,UgxHfFo6fYN-2gpkK054AaABAg,0,2 years ago,nice video. happy food,不错的视频。快乐的食物
7819,UgwWaCgYPIZ8IOD2NjF4AaABAg,0,2 years ago,it's all about nature...so please don't destroy our mother.....nice video...,一切都是关于自然的...所以请不要摧毁我们的母亲.....不错的视频...
7921,Ugy-cKyQyxdzebN6oV54AaABAg,0,2 years ago,nice,好的
7995,UgwCHZzwAQQULifwcER4AaABAg,0,2 years ago,nice preparetion,不错的准备
8021,UgwsZbV82Vso1Z76Ped4AaABAg,0,2 years ago,nice video & subscribe now #kureghorband2,不错的视频并订阅＃kureghorband2
8090,UgyU1uY1D9rzAKjJGHB4AaABAg,0,2 years ago,very nice,很不错
8131,UgyJyKKXZXoezft2K7B4AaABAg,0,2 years ago,verynice,很不错
8145,Ugz3U3S4vHDk3uY7yNx4AaABAg,0,2 years ago,very nice,很不错
8153,UgwWfO3KB7aUbPRVhQp4AaABAg,0,2 years ago,very nice,很不错
8213,UgwfGcabtQ0TN56keCJ4AaABAg,0,2 years ago,nice place from bangladesh,来自孟加拉国的好地方
8261,UgyuKxou2jdGJXR9lpF4AaABAg,0,2 years ago,nice background,不错的背景
8290,Ugz4iqG7KOUQX7aYA4t4AaABAg,0,2 years ago,"nice video.. 
watch my channel for learning new receipes. i dont live in such a beautiful place even though i hope u will like my receipes. click here๐‘๐‘๐‘#whiteheronreceipes","不错的视频..
观看我的频道学习新收据。即使我希望您会喜欢我的收据，我也不会住在一个美丽的地方。单击此处"
8301,Ugzk-ziYXrFL2rHv_EV4AaABAg,0,2 years ago,thank you super nice very beautiful,谢谢你，非常漂亮
8318,UgxoJ5FTNTw-H-hhoMh4AaABAg,0,2 years ago,what a jejejejej ... nice cooking ... miss beoutefull girl ....,真是个jejejejej ...美好的烹饪...小姐Beoutefull Girl ....
7767,UgwDA4rjDybptqjsKWd4AaABAg,0,2 years ago,nice,好的
7722,UgwHtjv6-WiC87KorDB4AaABAg,0,2 years ago,"nice.. natural beauty....
watch my big market video","Nice. . Natural Beauty. . .
观看我的大市场视频"
7279,UgyxgvmdbsJQOCmWMVx4AaABAg,0,2 years ago,nice video delicious food ๐๐๐‘,不错的视频美味食物
7704,UgxUfjXsGuwdC60w9d54AaABAg,0,2 years ago,nice...,好的...
7285,UgzbpoXm-1hLhX086GN4AaABAg,0,2 years ago,very nice video,非常好的视频
7317,UgxePnULaTZuf12Op4F4AaABAg,0,2 years ago,wow nice..i like,哇好..我喜欢
7337,UgyFxM9AbSlA0meMFHN4AaABAg,0,2 years ago,"if in the indonesian name was rebel, the java name was bung ... nice to ing with a puppy puppy puppy ...
pitho2 ra knows to say he is, where is the nation of the negoon mil kaluda yuaaaa hehhee ....","如果印尼名字叫叛军，爪哇名字是bung的...很高兴和一只小狗小狗一起吃...
Pitho2 ra知道他是，negoon Mil Kaluda Yuaaaa hehee的国家在哪里..."
7405,UgyjdDYK9GXOIyNczDp4AaABAg,0,2 years ago,nice,好的
7412,UgzjTpgb-_-GUUTQzjZ4AaABAg,0,2 years ago,he nice i like it food ๐‘,他很好，我喜欢它的食物
7421,UgyorLS8r6oMXsyCFNt4AaABAg,0,2 years ago,"nice, i like this, i hope success for all of viewers ๐‘๐‘๐‘",很好，我喜欢这个，我希望所有观众都成功
7464,Ugz7iw1izWfQJ3XnS3J4AaABAg,0,2 years ago,wao very nice so sweet,wao非常好甜蜜
7472,UgyafSanFqSkNtzlxFt4AaABAg,0,2 years ago,nice,好的
7526,Ugx_dWTuqlKOXaY_um94AaABAg,0,2 years ago,rawtuai is a very nice stake๐€๐€,Rawtuai是一个非常不错的股份
7545,UgxyCndtAjSqBe7kkNF4AaABAg,0,2 years ago,very nice home i like cooking,我喜欢做饭的好家
7555,UgzYfx7eEPvr4G7FUu14AaABAg,0,2 years ago,"i like this video,, verry nice ๐",我喜欢这个视频，verry很好
7587,UgzkVsXNvbFhWgncxi54AaABAg,0,2 years ago,wow nice channel. isn't it???,哇，不错的频道。不是吗？？？
7588,UgxD-2aADVSRVO4U3VB4AaABAg,0,2 years ago,wow nice channel. isn't it???,哇，不错的频道。不是吗？？？
7608,UgzvKR4nyuBvjOSKyCF4AaABAg,0,2 years ago,nice vedio,不错的韦迪奥
7675,UgzY28rDvmSkZJn8jkR4AaABAg,0,2 years ago,you are nice girl ๐๐,你是好女孩
4930,UgzbP4WjRm0kCeBeHAV4AaABAg,0,2 years ago,the village is very nice,村庄非常好
4836,Ugz0QRXvPubvZJzDKIR4AaABAg,0,2 years ago,nice,好的
18723,UgzFqkSJdWbabJELw6d4AaABAg.92LpgnlaC5X92_pNjYhTFx,0,3 years ago,thats very nice,这是非常好的
941,UgxYlw4CqXUqmMLLZ6N4AaABAg,0,1 year ago,"so lovely women , nice and delicious eating",如此可爱的女人，美味可口的吃
969,UgxR-EeQgfqA89nHyZx4AaABAg,0,1 year ago,nice,好的
970,UgyDetROJ7iwateJk1R4AaABAg,0,1 year ago,nice,好的
1287,UgxeSHRH4Nz6vxuI_NB4AaABAg,0,1 year ago,very nice to eat.,吃得很好。
1343,UgwzTGwQPekCop304VZ4AaABAg,0,1 year ago,nice,好的
1439,UgypYO0jwowIwJ9J2rJ4AaABAg,0,1 year ago,nice super,不错的超级
1476,UgzfrOayZxkymjF8Cdx4AaABAg,0,1 year ago,"nice village ❤❤❤"" my channel also support",好村庄❤❤❤“我的频道也支持
1529,Ugwan3BV-YMdOMQVgQZ4AaABAg,0,1 year ago,so pengen play to t4 mbk y t4 is nice,所以彭根（Pengen）玩T4 MBK Y T4很好
1555,UgyN-eS-WhZvOT5sXup4AaABAg,0,1 year ago,"very nice,subscribe already",非常好，已经订阅了
1644,UgyhWvAWsD65mAZ88xd4AaABAg,0,1 year ago,very nice video☺,非常好的视频☺
1730,Ugw7D8LSr-NN8CpEgMJ4AaABAg,0,1 year ago,super recorded nice,超级录制不错
1756,Ugx-ECdSJpBo-h3g17V4AaABAg,0,1 year ago,very nice,很不错
1782,Ugwpe7YPDiCDvd8OTkh4AaABAg,0,1 year ago,nice one,很好
1810,Ugy1q0EfSlRU027SKJp4AaABAg,0,1 year ago,have been very nice to cook,做饭很好
1907,UgwdkTpx4dltWVo1UnZ4AaABAg,0,1 year ago,hello nice girl,你好，好女孩
1945,UgwqU7BoKmNFIuAfIgB4AaABAg,0,1 year ago,nice thanks from bangladesh,孟加拉国的感谢
964,Ugyzl89R7mGN9Nzq3Nx4AaABAg,0,1 year ago,nice ❤,很好❤
843,UgxXr7nltBS78iLKJGl4AaABAg,0,11 months ago (edited),back to nature and cook with feel will maked everythings nice. god bless you dear,回到大自然，用感觉烹饪会使所有人都很好。上帝保佑你亲爱的
2100,UgyQaK3XFKIqMzYIWlp4AaABAg,0,1 year ago,very nice,很不错
830,UgxNS_2pv4kfFaWts4F4AaABAg,0,10 months ago,your nice vegetarian,你的素食主义者
179,UgysjyB3ZsM3_GMmxix4AaABAg,0,1 month ago,nice,很好
278,Ugx-oFzg-jq0ofvSCzB4AaABAg,0,2 months ago,nice,很好
279,UgwWt-P-fkaK0G5uvHx4AaABAg,0,2 months ago,nice video like subscribe done ❤,不错的视频，例如订阅完成❤
352,Ugx_WCCHnkVwh8g4LzB4AaABAg,0,3 months ago,nice foreign quilt one one .. here in the pile. it's hard to get the rabong,很好的外国被子一个..在这里。很难得到拉邦
356,UgxFmmkQOtQu8FMw1vF4AaABAg,0,4 months ago,very nice video,非常好的视频
468,UgwN6M1TsihFVoOCAyd4AaABAg,0,5 months ago,nice video.l like it,不错的视频。
475,UgxhG3LNi_F8xc0r8j14AaABAg,0,6 months ago,everything he was doing was so nice seemed like all so beautiful and i don't know but he didn't upload more videos,他所做的一切都很好，似乎都很漂亮，我不知道，但他没有上传更多的视频。
564,UgwAZzyT5y-7_XZJexh4AaABAg,0,7 months ago,the picture quality is very nice. i keep it even better! thank you ☺,图片质量非常好。我保持更好！谢谢
574,UgyYFQx1Eee8CdrK2OF4AaABAg,0,8 months ago,nice,好的
579,UgxspMjdpaOst0pdvQp4AaABAg,0,8 months ago,nice ☺️ thank you,很好☺️谢谢你
630,UgxADoiG30pxrn7sLFF4AaABAg,0,8 months ago,"nice video , see my village ❤️",不错的视频，请参阅我的村庄❤️
657,UgzWWfsoE_OsVprPKd94AaABAg,0,9 months ago,nice,好的
663,UgzLYjJZcAVaTfcY-bx4AaABAg,0,9 months ago,nice work ❤ from sri lanka,不错的工作❤来自斯里兰卡
707,UgzNz05PJfzwmyykg2x4AaABAg,0,9 months ago,nice,好的
825,UgzNfC8dXUqaPQJD7wZ4AaABAg,0,10 months ago,durger very nice,Durger非常好
1990,UgzV422bNeyN-zXdlGx4AaABAg,0,1 year ago,"nice,im from indonesian",很好，我来自印度尼西亚人
2106,UgwfUW8msOovljZz-mV4AaABAg,0,1 year ago,nice❤️,很好❤️
4740,Ugwbdus-4xwPHyunyL54AaABAg,0,2 years ago,very nice..,很不错..
3351,UgyRfCBMkF0RIjtHx4h4AaABAg,0,1 year ago,i am indian all videos super nice,我是印第安人所有视频超级好
3523,UgxaCEtZyle2x4PQEul4AaABAg,0,2 years ago,"thanks for sharing, nice video!
shnrkx0zxci","感谢您的分享，不错的视频！
shnrkx0zxci"
3585,UgyvZFXWffUHSDVPfaF4AaABAg,0,2 years ago,"bamboo forest ... great ...

i like bamboo root (rebung), my wife often cook it ...
nice video ...","竹林...太好了...

我喜欢竹根（Rebung），我的妻子经常煮它...
不错的视频 ..."
3597,UgwYSlrd3B6ksgXi3_h4AaABAg,0,2 years ago,nice video. love,不错的视频。爱
3697,Ugzc7XnZdi92rrbQTa14AaABAg,0,2 years ago,it would be nice to list ingredients and there benefits..love the dog n kitty's,列出成分和好处是很高兴的。
3792,Ugzqh7PDdlgru-5UHop4AaABAg,0,2 years ago,nice,很好
3865,UgwPMi5ZtIRV984WJep4AaABAg,0,2 years ago,nice to know nature don't price gouge you in times of pandemic.,很高兴知道大自然在大流行时期不要给您定价。
3867,UgxPjVvJA245Gj8KT-14AaABAg,0,2 years ago,nice,好的
3925,UgzL8KrmMeCjSXHsCs54AaABAg.9LicT_rORKf9LnfXOShYeB,0,2 years ago,"what are the nice, i don’t know why so many people watch it",有什么好看的，不晓得为什么这么多人看
3937,Ugwbmod8ItAVXsGyq9N4AaABAg,0,2 years ago (edited),"this video would suit a movie like 'the last woman on earth' as you never see anyone but her mum - no men, just wonderful and easy work and tonnes of food everywhere...its a nice dream yet not quite the reality we live in. she knows whats she is doing at least and works hard even still so i give her that. nice entertainment.",这部视频将适合电影《地球上的最后一个女人》，因为您除了妈妈以外再也没有见过任何人 - 没有男人，只有精彩而轻松的工作和无数的食物……这是一个美好的梦想，但不是我们生活的现实在。她知道自己在做什么，至少正在努力工作，甚至还在努力，所以我给了她。不错的娱乐。
4049,UgyzovVgbw7_Zuw9NTt4AaABAg,0,2 years ago,"she is phenomenal girl. nice, gentle , strong, industries. she can do everything!! i love her very much.",她是惊人的女孩。好，温柔，坚强，行业。她可以做一切！我非常爱她。
4276,Ugzzzui_Yf9evZAh-Dp4AaABAg,0,2 years ago,"i am not tired of seeing this video, nice to meet indonesia itself",我不厌倦看这部影片，很高兴见到印度尼西亚本身
4433,UgwPVHCOTxKobSvo-I54AaABAg,0,2 years ago,this nice vedio,这个不错的韦迪奥
4454,UgxcbCi8PvgNrAxmVbB4AaABAg,0,2 years ago,"nice
thank you for sharing..kiss from indonesian","很好
谢谢您的分享。"
4618,Ugy_SjTCUNTibAjiJwZ4AaABAg,0,2 years ago,nice,好的
4644,UgylQL4CDaFLJPgaRWV4AaABAg,0,2 years ago,where are her dad and mom? the nice angel seems to be quite unhappy.,她的爸爸妈妈在哪里？好天使似乎很不开心。
3508,Ugwv2uullkUHKEWMmtx4AaABAg,0,2 years ago,"nice, i liked it",很好，我喜欢它
3291,UgyK6qchVX-EGG125lZ4AaABAg,0,1 year ago,so nice to see u nourishing grandma with food and love,很高兴看到你用食物和爱滋养奶奶
2110,Ugyw93mMYKlj8gzIwNx4AaABAg,0,1 year ago,a nice nature of nature,自然的良好本质
3229,Ugw3xeYEBmgnQspva-J4AaABAg,0,1 year ago,it's nice to be a wife of hard work from the cook… beautiful p,很高兴能成为厨师辛勤工作的妻子……美丽的p
2187,UgzDjVZy8omVvlmBCcZ4AaABAg,0,1 year ago,very nice,非常好
2228,Ugy_Bx38fd-PkVQathV4AaABAg,0,1 year ago,"nice sister
#rj_couple","好姐姐
#RJ_COUPLE"
2243,UgwFY49CWuxR20z7kr14AaABAg,0,1 year ago,"https://youtu.be/zec-oe3hyi8
nice and great .","https://youtu.be/zec-oe3hyi8
很好，很棒。"
2434,Ugysurw9tVySecPj0Ct4AaABAg,0,1 year ago (edited),"hi mouth nice flavor
hoo it's a forest area snow any any any any into?","嗨，口味很好
哦，这是一个森林区域下雪吗？"
2443,Ugy1g60xTp-8socwmZx4AaABAg,0,1 year ago,"nice food
https://www.youtube.com/watch?v=tcghkrh8j8i","好吃的食物
https://www.youtube.com/watch?v=tcghkrh8j8i"
2557,Ugx5au9KgCZ2Ivl4wqh4AaABAg,0,1 year ago,nice,好的
2566,UgypEc5SisKfR5TqSaB4AaABAg,0,1 year ago,"hello beautiful hostess, hello everyone, nice to meet you all",你好美丽的女主人，大家好，很高兴认识你们所有人
2728,UgzQCaotEOtqT9r6Vvh4AaABAg,0,1 year ago,i am from bangladesh. i like your all video.i wish if i will be like you.all the best for your nice journey.,我来自孟加拉国。我喜欢您的全部视频。我希望我能像您一样。一切都最好的旅程。
2800,UgyjokKB5kT-vLggUk54AaABAg.9RPpxXlXsf_9UpjKWbP5bp,0,1 year ago,"@cassiahlly yeah the view and the fact you can get close to the nature, those are nice as when you go there for a vacation. live a life there, get away from the convenience of current technology. it's difficult, it's not ugly, might be deep inside u think it's ugly, so u assume what i think it is ugly.",@cassiahlly是的，景色和事实您可以接近大自然，就像去那里度假时一样。在那里过上生活，摆脱当前技术的便利。这很难，这并不丑陋，可能在内部深处，您认为这很丑陋，所以您假设我认为这很丑陋。
2873,UgyKKnsSKLOl3Vb10-l4AaABAg,0,1 year ago,wow wonder full nice,哇，好奇
2918,UgyzwE51-v73m2LpgKB4AaABAg,0,1 year ago,nice baget kak liziqi,漂亮的小袋kak liziqi
3026,UgwZi8WQ1TmL6qxCiRx4AaABAg,0,1 year ago,nice,好的
3029,UgzR11CxE9JU8bzDtux4AaABAg,0,1 year ago,very nice,很不错
3079,UgwSHBvYZPM89Kx-KSp4AaABAg,0,1 year ago,nice,好的
3109,UgxK7tTx9vC9pt59mmJ4AaABAg.9Pk50gyAGkX9bOAWSVPhHv,0,1 year ago (edited),"you are so right, i try to work my little backyard but is so hard!! you just answered my question, her patio and place wasnt really built by her,there are generations and generations of people who took care of that place before her, new generations are totally ignorant of this knowledge. is nice to watch what she does",你是如此，我试图努力工作，但很难！您只是回答了我的问题，她的露台和地方并不是她真正建造的，几代人和几代人都在照顾她面前的那个地方，新一代完全不了解这种知识。很高兴看她的所作所为
8365,UgwL7elNQWbP4UYZtUR4AaABAg,0,2 years ago,so nice video...subscribed,好的视频...订阅
8370,UgxPl-Zh7J2uUvfQXV14AaABAg,0,2 years ago (edited),"nice videos,all off ur,s name",不错的视频，所有的名字
8391,UgzZX4zGzI-2QSNrsUZ4AaABAg,0,2 years ago,i like your vedios.. ๐๐‘๐‘nice to see..,我喜欢你的vedios ..
13840,UgydCuLqtD1ySm6MWLZ4AaABAg,0,3 years ago,nice,好的
13944,UgzjIj_NMAM3JyQsElN4AaABAg,0,3 years ago,done subcribe..im watching your channel from malaysia. nice and very good videos.,施加了..我从马来西亚观看您的频道。不错的视频。
14047,UgyM30tRYAFxIGVt4V14AaABAg,0,3 years ago,nice from pakistan,来自巴基斯坦的好
14162,UgxYEOJmXJgjQmymth54AaABAg,0,3 years ago,nice and clame,友善和烙印
14227,UgyJvnr9zH8xEA84jvx4AaABAg,0,3 years ago,"thank you very much lizi for sharing.... please, would it be possible to know about time preparation (written in your language i do not understand)... it would be so nice if we could have translation... in comments... or with your language and we could use automatic translation... thank you again for your sharings... wonderful and so instructive and inspiring in this world nowadays...",非常感谢Lizi的分享。...请，可以知道时间准备（用您的语言写作） ...或使用您的语言，我们可以使用自动翻译...再次感谢您的分销...如今这个世界上很棒，具有启发性和鼓舞人心...
14314,UgwLSHs9jUdUWwdc6op4AaABAg.94IDXLEBuv_94NQ6KZDQuT,0,3 years ago,@taoli621 nice,@taoli621很好
14369,UgyS3uiHE0HMbt7Keut4AaABAg,0,3 years ago,0h nice 1,0H不错1
14404,UgySv92dQdWwxUwhha94AaABAg,0,3 years ago,nice shirt,漂亮的衬衫
14414,UgxJORebUnXoUAVfPsx4AaABAg,0,3 years ago,"relaxing and nice, but what i have seemed to notice is that the individuals that make these type of videos...... have annoying eating habits (loud slurps, open mouth smacking....etc).",放松而友善，但我似乎注意到的是制作这类视频的人……有烦人的饮食习惯（大声的缝隙，张开嘴巴sm刺....等等）。
14488,Ugzw4irteFs9j0KbmEx4AaABAg,0,3 years ago,"feel when i look at this woman as if i was in a mango film. very harmonious and calming. it would be nice if it were only everywhere, which unfortunately it is not.",当我看着这个女人时，就好像我在芒果电影中一样。非常和谐与平静。如果只有到处都是，那就不错了，不幸的是不是。
14586,Ugz7bgN3pw0LHmdQ2C54AaABAg,0,3 years ago,hello sister very nice video my form nepal,你好姐姐很好的视频我的形式尼泊尔
14823,UgzGuamRJqqBeq9cop14AaABAg,0,3 years ago,nice,好的
14833,Ugzwf7RQF-_PHKg8H6t4AaABAg,0,3 years ago,nice video..,不错的视频..
14861,UgyIbxlEGvaVCwkufDN4AaABAg,0,3 years ago,"beauty
healthy
great body
active
nice person

that's my dream woman","美丽
健康
好身材
积极的
好人

那是我梦dream以求的女人"
14996,UgxuzCC-rhtdhRZ98494AaABAg,0,3 years ago,so nice,太赞了
15131,UgwGf3HZL-UW3fhHnup4AaABAg,0,3 years ago,here you can see how nice is china,在这里，您可以看到中国有多好
13916,UgzIUEzYuWlyRcrmdft4AaABAg,0,3 years ago,nice,好的
13735,Ugxfr7fer2YivoUxT7B4AaABAg,0,3 years ago,it's nice to watch well done,很高兴看得很好
15192,UgxZzFGhv4_7Umvh8NF4AaABAg,0,3 years ago,it's really calm. the landscape of nature is very nice.,真的很平静。大自然的景观非常好。
13691,UgwnRTgGfsl7w5QT8HR4AaABAg,0,3 years ago,nice vedio,不错的韦迪奥
12765,Ugz8sF5VOYt7A2OZH0R4AaABAg,0,3 years ago,nice .........new subscriber,很好.........新订户
12818,UgyiYvLI_UGPFNIN5KR4AaABAg,0,3 years ago,nice sub at 6:56 it made me laugh,不错的sub在6:56让我笑了
12829,Ugwxc0voHWMBEElvJ-94AaABAg,0,3 years ago,i would love to have a place where your food is right there out in nature. not so polluted with chemicals that we be eating and buying. because it comes in a nice package.,我很想有一个您的食物在大自然中就在那里的地方。我们饮食和购买的化学物质并不那么污染。因为它有一个不错的包装。
12877,Ugx1OcoYNk2hZZVX38J4AaABAg,0,3 years ago,smell bad.eat nice.,闻起来不好
12912,Ugx0h9vR9UVr8oAgnEN4AaABAg,0,3 years ago,nice,好的
13130,UgyBtTVOTDFB-d3rmzR4AaABAg,0,3 years ago,hello no comment in spanish apart from mine very nice,你好，除了我的西班牙语外，没有评论非常好
13177,UgwElC687lvyMBnF8sF4AaABAg,0,3 years ago,nice,好的
13181,UgzUkHSKb2fQ4jzVuSR4AaABAg,0,3 years ago,nice,好的
13247,Ugysd8hZLPekh7QAzk94AaABAg,0,3 years ago,it's nice to do it like hungry,不错 做得蛮像的 看饿了
13257,Ugz6DUNijG4kFlqxASV4AaABAg,0,3 years ago,nice beautiful,很好，漂亮
13555,UgydmWihvtzNxspHna54AaABAg,0,3 years ago,nice boss love from pakistan,巴基斯坦的好老板爱
13556,UgxODrHD9g2aoiVZIp14AaABAg,0,3 years ago,it's very nice to see that she loves her grandmother so much.,很高兴看到她非常爱祖母。
13567,Ugw7dWSoBZ31rm9KesR4AaABAg,0,3 years ago,nice!!! where are you from?,好的！！！你从哪来？
13583,UgxNWWEA9JIp8Q8Lpo94AaABAg,0,3 years ago,it'd be so nice if she had her own restaurant,如果她有自己的餐厅，那真是太好了
13618,UgyDCBw2vAwfKt0co714AaABAg,0,3 years ago,nice....,好的....
15161,Ugz1GK7Pv8_Bt6a6X-p4AaABAg,0,3 years ago,hope in ok nice farm,希望好的尼斯农场
15198,UgyyujWv7FjpHBejdYF4AaABAg,0,3 years ago,"very nice liziqi,watching yours and dioaxi videos almost every day while having dinner or whenever i'm in low mood to have peaceful mind... keep it up..


your videos made me to do my own videos in healthy and different way... thank you so much
https://www.youtube.com/watch?v=6o8-b6_sj18","非常不错的利兹奇，几乎每天都在吃晚饭时几乎每天观看您的和dioaxi的视频


您的视频使我以健康和不同的方式进行自己的视频...非常感谢
https://www.youtube.com/watch?v=6O8-b6_sj18"
8447,Ugzbk0KwBMht1Nczw_14AaABAg,0,2 years ago,nice video i like bamboo shoot,不错的视频，我喜欢竹拍
16199,UgxT_VD7Kj1Qq5kXdzt4AaABAg,0,3 years ago,i wish the video never ends..so nice to see nature and the lady,我希望视频永远不会结束。
16598,UgwG6EGI9KhD1FkfuKZ4AaABAg.92t3bTvXZ7H93-PFrVvpor,0,3 years ago,@wkaiyang96 nice one,@wkaiyang96好一个
16767,UgzNJoYbYGCxDz3DKkp4AaABAg,0,3 years ago,very nice!,真好！
16819,UgxjySQyWB6VBun_lLt4AaABAg.92qrT3Z16hI939GSd-UH31,0,3 years ago,"emily huang my grand parents live in henan. things are better now but they are still poor. there was still no toilet in the house in the country, concrete floors, and the river that used to be there when i was little got filled with trash. dirt mounds everywhere...no trees, rivers, natural beauty. it looked like poor parts of mexico. i went into the city and was told i couldn’t #2 in the toilet because it would clog the plumbing so it was for show only. sorry, but the infrastructure is just not there. the standard of living is just worse compared to the us. 5-star hotel in china is really 3-4 depending on the city.

maybe where liziqi lives in sichuan there’s is more natural beauty but there is lots of dirt and construction and decrepit stuff she probably doesn’t show on camera.

she’s talented for sure to be able to make her environment appear beautiful on camera. i’m not really jealous. good for her. 

not sure why you need to call me a bitch but if you think ikea is nice you got issues.","我的祖父母艾米丽·黄（Emily Huang）住在河南。现在情况更好，但它们仍然很差。该国的房子里仍然没有厕所，混凝土地板，当我很少被垃圾充满时，曾经在那里的河流。到处都是泥泞的土墩...没有树木，河流，自然的美丽。它看起来像墨西哥的贫困地区。我走进这座城市，被告知我不能在厕所里排名第二，因为它会堵塞管道，所以只能表演。抱歉，但是基础设施不存在。与美国相比，生活水平差得多。根据城市，中国的5星级酒店实际上是3-4。

也许Liziqi居住在四川的地方有更多的自然美景，但是她可能不会在相机上展示很多污垢，建筑和衰老的东西。

她一定有才华，能够使自己的环境在相机上显得美丽。我不是真的很嫉妒。对她有好处。

不知道为什么您需要称呼我为母狗，但是如果您认为宜家很好，您会遇到问题。"
17376,UgxE4Xyv2x7GF9orXHZ4AaABAg,0,3 years ago,"nice video. dear friends, if you want to remove the commercial kitchen cooking smoke, pls contact with me , email : sales01@ruixili.com",不错的视频。亲爱的朋友，如果您想删除商业厨房烹饪烟，请与我联系，电子邮件：sales01@ruixili.com
17488,UgzYg9lV4WPYoS1mPOd4AaABAg.92jkWAaeg_e92tyXOkkWkY,0,3 years ago,yes it must be nice to be a billionaire in china by making fake lifestyle videos for western audiences who take it for real,是的，通过为西方观众制作虚假的生活方式视频，成为中国的亿万富翁一定很高兴
17563,Ugy5SAoSsxNpoKMsSIB4AaABAg,0,3 years ago,so nice so beautiful,好漂亮
17765,Ugx9Q2tr8-wCzJJinfZ4AaABAg.92gw10MKfvC92w2WmN3Kql,0,3 years ago,@homji4723 trust me the ancient culture involved a lot more starving and war. the food was never this plentiful. that's a nice area she's living in.......would've been over taken by a warlord instantly.,@homji4723相信我，古代文化涉及更多饥饿和战争。食物从来都不是很多。这是她居住的好区域.......将立即被军阀带走。
17798,UgxwNUB5ESGDNw5aPCd4AaABAg,0,3 years ago,so nice,很好
17831,Ugxji8_bACTEvbaiJw14AaABAg,0,3 years ago,nice,好的
17852,UgzHiK-L6UQt5pJVAoB4AaABAg,0,3 years ago,a very nice show but it is not real.,一个非常好的节目，但这不是真实的。
18014,Ugz1faF_FYXzUKxjKlp4AaABAg,0,3 years ago,wow nice me from nepal,哇，我来自尼泊尔
18047,Ugw4q8ulemV6tLauiK54AaABAg,0,3 years ago,nice,好的
18213,UgwYUmDiOKRv2__gnLF4AaABAg,0,3 years ago,nice to meet you.,很高兴见到你。
18221,UgwR5QIQaHY_xV2hq1t4AaABAg,0,3 years ago,"enjoy watching this on a big tv. really like the country style simple cooking with fresh ingredients of morning dew bamboo shoots, wood ears, long string beans, ... nice!",喜欢在大型电视上观看。真的很像乡村风格的简单烹饪，新鲜的露水竹芽，木耳朵，长丁豆，...很好！
18555,UgxScn8iSxTuE8w2jvR4AaABAg,0,3 years ago,"my dad used to live in the same rural area in sichuan china, and he told me many ways to cook like several staffs in this video, and i am able to make sour beans and sour bamboo root myself, learned from my dad. there are still many chinese ppl living in that way, instead of nice, peace, organic, deliciousness shown in this video, that's really hard working and way too difficult in real life.",我父亲曾经住在中国四川的同一个农村地区，他告诉我多种方式像这段视频中的几个员工一样做饭，我能够自己制作酸豆和酸竹根，从我父亲那里学到。这种视频中仍然有许多中国人的生活，而不是善良，和平，有机，美味，这在现实生活中确实很难工作，而且非常困难。
16465,UgyeptPZt2cYZ2fMMvx4AaABAg,0,3 years ago,nice,好的
16185,Ugya57SpTzbDWqjy4jJ4AaABAg,0,3 years ago,nice chinese food,美味的中国菜
15216,UgyNC3vtMgVuu9bzPb94AaABAg,0,3 years ago,"the noodle smells smelly but takes nice, the more is that it is so hot that i can't stand it. love you li",面条闻起来有臭味，但要好吃，越多，它是如此热，以至于我受不了。爱你李
16179,UgyRAGT7jN0PjwTEn9J4AaABAg,0,3 years ago,"looks nice, but i am not a fan of gastropods lol",看起来不错，但我不喜欢腹足动物大声笑
15237,Ugxw88mteA-qYYjoFpB4AaABAg,0,3 years ago,nice video i saw this video even i feel better,不错的视频，我也看过这个视频，即使我感觉好多了
15263,UgxMBOVuY-kFj_yuUHB4AaABAg,0,3 years ago,from kerala..india ..nice video. keep going dear... best of luck...,来自喀拉拉邦.. India .. Nice视频。继续亲爱的...祝您好运...
15322,UgzupPyQ1cDXTh31LaF4AaABAg,0,3 years ago,nice girl i love her,好女孩，我爱她
15366,UgzZUJ5Wzt1FINi0MFZ4AaABAg,0,3 years ago,wow very nice bembo food,哇，非常好的Bembo食品
15607,UgzjiRIEmmjMMYvwrYt4AaABAg,0,3 years ago,nice,好的
15840,UgxEQXzxnXWmZZe_BSZ4AaABAg,0,3 years ago,nice to meet you ... it's healing ~,很高兴认识你...正在治愈〜
15844,UgyhNcQwlQwQpw7mDiZ4AaABAg,0,3 years ago,your hair is so nice what do u use,你的头发太好了，你用什么
15856,UgxR7sqqCLgpeofhhud4AaABAg,0,3 years ago,nice video! keep it up!!,不错的视频！继续努力吧！！
15859,UgzTRaQXvGQvSBIQF3p4AaABAg,0,3 years ago,nice food preparation and it's soooo good to live like that fresh everything place,不错的食物准备，像新鲜的一切一样生活真是太好了
15863,Ugwnz54Uuc3AAU1NaqZ4AaABAg,0,3 years ago,nice life surrounded by life growig that feeds you what a beautiful place to live simple and free,良好的生活被生命的生命所包围，它可以为您提供一个美丽的地方，可以简单而自由地生活
15911,UgzmFD3lxcnB_dJv5tJ4AaABAg,0,3 years ago,everything looks nice.,一切看起来都不错。
15960,UgyCg0drfk16ocPx_gZ4AaABAg,0,3 years ago,"it's a nice landscape. i really like chinese landscapes and cultures.
there is a national unpleasant in japan and china, but i have a very gentle impression for chinese people.
i want to go someday.","这是一个不错的风景。我真的很喜欢中国的景观和文化。
日本和中国有一个民族不愉快的事，但我给中国人民留下了非常温和的印象。
我想有一天去。"
98,UgzMRik5cDfXK-OfC1R4AaABAg,0,3 weeks ago,nice view and nice cooking.,美景和美味的烹饪。
16025,UgynIYELDdQoxVvE3oF4AaABAg,0,3 years ago,nice,好的
16044,Ugz958sN7DWhrtfg-N94AaABAg,0,3 years ago (edited),i always eat bamboo shoot...so niceeeee,我总是吃竹芽...太好了
12753,UgxJFqxpMYT5M5jG1uV4AaABAg,0,3 years ago,chinese state propaganda and soft power projection - but it sure is a nice watch.,中国国家的宣传和软权力投射 - 但这肯定是一款不错的手表。
12671,Ugz1XbX-VCTM3SU60Lt4AaABAg,0,3 years ago,nice,很好
12367,UgxxgRlFHqfW0-Bb0cd4AaABAg.96kH6KVQsr-96pgzpkQDKe,0,3 years ago (edited),"it looks nice doesnt it ？ i dont want to dissapoint you by telling you to imagine how it would be to live a life wihout internet, you cant even make a smooth phonecall with you cell because of the poor reception",看起来不错，这不是我不想通过告诉您想象生活会怎样而震惊您
9725,UgyyfPfq6DYAlo_SJJd4AaABAg,0,3 years ago,this video shows how nice the life in provinces.,该视频显示了各省生活的美好。
9739,UgzlnBDYBklBrM7Mijp4AaABAg,0,3 years ago,wao so nice cook to you wonderful,wao真好厨师对你很棒
9780,UgxFDy730FD1iPCw3Rt4AaABAg,0,3 years ago,i like her she nice baby,我喜欢她，她好宝贝
9794,UgxP_Eioj9QzekW_LAZ4AaABAg,0,3 years ago,nice she does good and madam how is corona virus in your china,很好，她做得很好，夫人在您的中国电晕病毒如何
9829,UgxUFs7cd_HhPfDb7aJ4AaABAg,0,3 years ago,oh so nice,哦，很好
9847,UgwmJeZB62Zu-WlrWK94AaABAg,0,3 years ago,very nice,很不错
9866,UgzixdngmtEHii3-cPZ4AaABAg,0,3 years ago,so nice,太赞了
9883,UgxEyGbDeqoswlHMO6l4AaABAg,0,3 years ago,nice,好的
9910,Ugyj-jZtL08KDY0jg3d4AaABAg,0,3 years ago,nice,好的
10017,UgyfIbiRni8yxA3SUg54AaABAg,0,3 years ago,"like you, verry nice",像你一样，verry很好
10052,Ugy9xOs7-EKuhkCfoTJ4AaABAg,0,3 years ago,nice,好的
10142,UgwojCxaT8Wt2tBaE-h4AaABAg,0,3 years ago (edited),"i m form bangladesh
nice your vlogs","我是孟加拉国
很好，您的视频博客"
10155,UgztXv8fBqoQ6agIjep4AaABAg,0,3 years ago,so nice girl,好女孩
10190,UgyJ-ddy9LkTHlatAFV4AaABAg,0,3 years ago,very nice,很不错
10206,UgyYXl_juF1C8dz1Myd4AaABAg,0,3 years ago,"nice!
https://youtu.be/bpazpu8ijz0","好的！
https://youtu.be/bpazpu8ijz0"
10224,UgxGIjdtWNJ9DvoY9094AaABAg,0,3 years ago,so nice,太赞了
9726,Ugy7NxJqs5E2S0GFxnx4AaABAg,0,3 years ago,this video shows how nice the life in provinces.,该视频显示了各省生活的美好。
9708,UgwJNHGI_FAwqoHUUYd4AaABAg,0,3 years ago,nice & super,不错，超级
12287,UgyZNXFVTRpXV_4QHPl4AaABAg,0,3 years ago,nice pic...,好的图片...
9690,Ugwtu0E_Knx1KAmNoxl4AaABAg.99j0i39jGV69AZvbaR-jJe,0,2 years ago,@user-ij8rs9gp1l yes! is the healthy health recently? i am worried about the virus .. ๐ข infay nice to meet you so much!,@user-ij8rs9gp1l 是啊!最近북한사람的健康还好吗? 我担心病毒..
8538,Ugz4VgY-X80YCr_WCnZ4AaABAg,0,2 years ago,so nice,太赞了
8544,UgziQny6eVfKGTaktWN4AaABAg,0,2 years ago,nice video n good food ๐,不错的视频n好食物
8570,Ugyhv7Lyl4pTHskWWsB4AaABAg,0,2 years ago,"english subtitles will be nice. also, what does she feed her dogs and cat?",英语字幕会很好。另外，她喂什么狗和猫？
8572,Ugwww0gMdN4eUIwO76F4AaABAg,0,2 years ago,nice job! i like it.,不错的工作！我喜欢。
8587,UgyAAeVJq-CiWNxE67l4AaABAg,0,2 years ago,very nice,很不错
8651,UgzbQoXGnbc7y4H2Z1B4AaABAg,0,2 years ago,"great, nice video, beautiful place๐‘",伟大的，不错的视频，美丽的地方
8660,UgyRhwG8zrZvWBRC-Z94AaABAg,0,2 years ago,"very nice 
please friends watch the my video on my youtube channel","很不错
请朋友在我的YouTube频道上观看我的视频"
8672,UgxD-KaWVfQRIZfqqlF4AaABAg,0,2 years ago,wow so nice and yummy it seems ๐ freshly prepared vegetables and food,哇好好吃，似乎是
8809,Ugwk5mNxPtHyb85XAeR4AaABAg,0,2 years ago,nice video. ๐๐’๐’๐‘,不错的视频。
8971,UgwZ2Eyk1WZWatsiial4AaABAg,0,2 years ago,"finally subtitles 
hello lizqi you're nice keep going","最后字幕
你好lizqi你很好继续前进"
8993,Ugxo4tHNTo2in1WZklF4AaABAg,0,2 years ago,"nice video,,,,,",不错的视频，，，，，
9113,UgzuD42sIrfGmPvf6BZ4AaABAg,0,2 years ago,nice,好的
9246,UgyU8DukyOYRFkaPzb54AaABAg,0,2 years ago,beautiful girl โค๏ธ๐ณ food nice,美丽的女孩❤️
9266,Ugy7T-69SjIpvpo3wUF4AaABAg,0,2 years ago,it so nice to eat foods that comes natural.. without preservatives. very fresh,吃天然的食物真是太好了..没有防腐剂。非常新鲜
9580,UgyR2nNHK1rTuRNFcv94AaABAg,0,3 years ago,nice,好的
10266,UgzhVogKQvWslQd5AiN4AaABAg,0,3 years ago,nice. video.,好的。视频。
10327,UgxkfQRVAXdrzXkHRGt4AaABAg,0,3 years ago,wow its so nice,哇，真是太好了
10335,UgzSRnA7_urjUQ_vzzp4AaABAg.98qQ9IjkkeR9A78fPo-eVy,0,2 years ago,how nice u r,你真好
10354,Ugz5Mo323AyRY6iUZmd4AaABAg,0,3 years ago,nice video #asomi,不错的视频#asomi
11713,UgzOeSC2ZSvqTrWWL114AaABAg,0,3 years ago,i love you nice,我爱你很好
11748,UgwWuFkQ1qoL6J-xwN14AaABAg,0,3 years ago,how nice if we can live in such a place like this and be as hardworking as she is.... lovely. she is gifted. she must have learnt a lot from her appoh... grandma...we are gifted too... we get the chance to watch these videos...,如果我们能住在这样的地方，并且像她一样勤奋。她有天赋。她一定从她的appoh中学到了很多东西...奶奶...我们也有天赋...我们有机会观看这些视频...
11786,UgxGSDsfauYQGROA_0d4AaABAg,0,3 years ago,nice,好的
11790,Ugzh1fWu7dl0Po-NMSh4AaABAg,0,3 years ago,very nice what it does is live in a spiptitude.,它的工作非常好，就是生活在曲折中。
11792,Ugym27wsTsnvIClBvmV4AaABAg,0,3 years ago,very nice your all videos...https://youtu.be/ikmvz8a9l74 plz encourage my son,非常好您的所有视频... https：//youtu.be/ikmvz8a9l74 plz鼓励我儿子
11889,UgyFyiQqR6sllkyOyfl4AaABAg,0,3 years ago,nice picture quality...which shooting camera model,漂亮的图片质量...哪个拍摄摄像头模型
11902,UgxrnbaGKrMWQjTE3sh4AaABAg,0,3 years ago,your meal very nice ............,你的饭非常好........................
11903,UgxSlNqsaQnc3ErfRox4AaABAg,0,3 years ago,my mum also did this one for me like you very nice ........,我的妈妈也像你一样为我做了这个........
12000,Ugz0mFC-Ay6si-uU1pZ4AaABAg,0,3 years ago,wow that very impressive everything is perfectly done very nice video good job chinese girl you and your team are very talented,哇，令人印象深刻的一切都完美地完成了非常好的视频，你和你的团队都很有才华
12104,UgxSuXdg3zOyqN2hO814AaABAg,0,3 years ago,nice,好的
12111,UgzdthjhvM79vGTryih4AaABAg,0,3 years ago,no plastic and you doing nice,没有塑料，你做得很好
12113,UgwhLZS7GUarpH5qs2N4AaABAg,0,3 years ago,nice world,美好的世界
12176,UgycBYapKu7TH6vb3Ed4AaABAg.96zCrvM37vj97PHubnCb0d,0,3 years ago,@mustaphaayham2629 nice im from ghana,@Mustaphaayham2629来自加纳的尼斯IM
12203,UgxdhLtIev51XfiZGH94AaABAg,0,3 years ago,very very nice,非常非常棒
12264,UgxMuUS46JQMHgP6Jvp4AaABAg,0,3 years ago,very nice,真好
11604,UgyVLpASfZP9b_s1HRF4AaABAg,0,3 years ago,so nice baby girl.,好的女婴。
11506,Ugy1KGHSxEj1ZboL-A54AaABAg.97VIv7Cq5HJ98lccfLF_yk,0,3 years ago,@bernicechau6914 where are u from?,@bernicechau6914你来自哪里？
11471,UgzTnopIoLQRLgvm8o94AaABAg,0,3 years ago,so nice,太赞了
10811,UgzqjQinCzLUSZyHeAB4AaABAg,0,3 years ago,nice free nice,不错的免费
10367,Ugzodxe1eWJRGt4fmeF4AaABAg,0,3 years ago,u can tell she has great skills but how is her hair staying so nice??!! esp her bangs. if i were her the bangs will look really oily and sweaty. plus her face looks sooooo matte. mine will be glistening with sweat lmao,你可以告诉她她的技能很好，但是她的头发如何保持太好？特别是她的刘海。如果我是她的话，刘海看起来真的很油腻和汗水。再加上她的脸看起来太哑光了。我的汗水会闪闪发光
10413,Ugy1UX566r5UoDFtMst4AaABAg,0,3 years ago,"ur videos so very nice... 
i'm indian","你的视频真好...
我是印度人"
10567,Ugx2ZgV1IOH1cGftGbZ4AaABAg,0,3 years ago,verry nice,verry不错的记录
10585,UgzwEBIGd06F6RhpRtd4AaABAg,0,3 years ago,nice one love u,很好的爱你
10710,UgymvQyOrWjkkrXzdDt4AaABAg,0,3 years ago,nice,很好
10717,UgwYH6aYnuGOCqEvT9d4AaABAg,0,3 years ago,i think it is very nice,我认为这很好
10913,UgzR7XWtz2DtEmz_yOt4AaABAg,0,3 years ago,what does she do with all the produce and food? just curious . this channel is so nice !!,她如何处理所有农产品和食物？只是好奇 。这个频道真好！
11466,UgzjHIPQ1ZVTt4FnuOd4AaABAg,0,3 years ago,wow nice girl,哇，好女孩
11044,Ugw3c3Ekp3yOnGH4EX54AaABAg,0,3 years ago,"addicted to ur videos...ur ideas...ur patience..ur hard work. .ur creativeness. .ur kindness towards your grandmother..i never shared any videos from youtube to others.. this is the first time i did it...
loved the background music. .loved the camera work... nice editing...","沉迷于您的视频...您的想法...您的耐心..努力工作。 。我对你祖母的善良..我从来没有分享过YouTube的任何视频。这是我第一次这样做...
喜欢背景音乐。 。"
11184,UgzWkmiZad6ITUlrbNN4AaABAg,0,3 years ago,nice,好的
11252,UgzuSMc4eiv6JHmsebh4AaABAg,0,3 years ago,wow nice dear,哇，亲爱的
11258,Ugx9G2vQBHjvoLNiACB4AaABAg,0,3 years ago,nice sister..,好姐姐..
11313,UgwiTVGtNEMwSA42UXh4AaABAg,0,3 years ago,nice,好看
11439,UgxKYx9m_Z3fMm93Ap94AaABAg,0,3 years ago,very very nice ...you great,非常非常好...你很棒
35251,Ugzv3HZNsM85mYLv1EV4AaABAg,0,3 years ago,so nice,太好了.....
