,cid,votes,time,含paradise,含paradise中文翻译
42621,UgxpAuke_Y_UjO6Tiot4AaABAg,722,4 years ago,"is this real, is this paradise, is she an angel...this is so very beautiful...",这是真实的吗，是天堂，是她的天使...这太漂亮了...
27685,UgyBT_uobGddYNwbPmB4AaABAg,229,3 years ago,"the place u live is a paradise, i wish once i may visit it as well meet u too",你住的地方是天堂，我希望我也能拜访你
32246,UgwIVJ8VTRpVAYBYhCh4AaABAg,201,4 years ago,i just found a virtual paradise! ๐ญ๐’• this is so beautiful. ๐’•,我刚刚找到了一个虚拟的天堂！
6922,UgyrQ9K7L0e09rYxm1t4AaABAg,32,2 years ago,it's very interesting i found myself productive throughout the day lately after i started watching this channel. she is not only a beautiful lady .. but everything she does is beautiful. every dish she makes looks soooooo delicious. even da land where she lives must be how the paradise is. priceless.,我开始观看此频道后，最近一天整天都发现自己很有成果。她不仅是一位美丽的女士..而且她所做的一切都是美丽的。她让她看起来很美味的每道菜。即使是她所居住的da土地也必须是天堂的样子。无价。
27828,Ugxn7d9TPCHaajv0a3J4AaABAg,17,3 years ago,such a sensity as if i got into paradise where people and nature live in harmony ...,那种感觉就像我进入了人和大自然和谐相处的天堂...
51688,UgypjSg4Q8BQXR-thnN4AaABAg,16,4 years ago,god's where this paradise on earth is,上帝的天堂在地球上是
28932,UgwMqsCihChClZzuD7p4AaABAg,15,3 years ago,"glory be to god, the greatest creation.
this beauty is on earth?!
so how about the paradise in which mulla ain rat, no permission, have heard, and there is no danger to my heart.
oh god, we see you the highest paradise of paradise","荣耀归于上帝，是最伟大的创造。
这种美丽在地球上吗？
因此，穆拉·艾因·鼠（Mulla Ain Rat）的天堂，没有许可，听到，对我的内心没有危险。
哦，天哪，我们看到你是天堂的最高天堂"
19250,UgyTS2sgaAYOUGhDfCF4AaABAg,8,3 years ago,"just like in paradise, everything is neat, clean, and everything grows! i looked at this fairy tale!",就像天堂一样，一切都整洁，干净，一切都在生长！我看了这个童话！
37392,UgzLuWWIjxJoUxUl-3Z4AaABAg,7,4 years ago,"i used to think that there is really such a paradise? i have a longing to learn a lot and support you, and your team allows us to see those foreigners in foreign countries. thank you, please come on. come on",以前觉得真的有这样的世外桃源吗 很向往 到现在学了很多东西 很支持妳吧 还有妳的团队 让我们在国外也可以看到 给那些外国人了解文化 很谢谢 加油
52984,UgzVUw4UnqLW7N-jjil4AaABAg.8qlJT4zF0708qlOC0G-ANW,6,4 years ago (edited),"traveling and living is two different things. rural life is not a paradise. the author just edits the best side to everyone. behind it is invisible hardships. for example, with a series of oranges and a basket of grapefruit, this is not that we can bear it all day long in the air -conditioned room.",旅游和居住是两回事，农村生活并不是世外桃源，作者只是把最好的一面剪辑给大家而已，背后是看不到的辛苦。就拿有一段挑着一筐橘子一筐柚子来说，这就不是整天呆在空调房的我们能受得了的。
42864,UgybMj2UBeOhQ4YXvoZ4AaABAg,6,4 years ago,she lives in a paradise!!,她住在天堂里！
11128,UgyHOKdCw_xm4qIr-eN4AaABAg,4,2 years ago,ziyi's film is presented by the paradise that everyone is yearning for.,"子柒的影片, 呈现的就是每个人心中向往的世外桃源."
45993,UgxvJr9JM214IqV5SRB4AaABAg,4,4 years ago,she is a beautiful angel in the paradise.,她是天堂中美丽的天使。
12110,UgyuCFLkLKEyMG43bUF4AaABAg,4,2 years ago,"i do not get tired of admiring this girl and this family. if there is paradise on earth, then he is here! all year round, complete abundance, fruits and vegetables grow in excess, but what beautiful! it is a pity that there are no russian credits. i would really like to know where this paradise is located. i would like to come and shake the hand with this needlewoman, and give a bow to this grandmother-assistant. i teach great pleasure from watching these videos. here it blows warm and family comfort.",我不厌倦欣赏这个女孩和这个家庭。如果地球上有天堂，那他就在这里！全年，完全丰富的水果和蔬菜长量生长，但是真漂亮！遗憾的是没有俄罗斯的信用。我真的很想知道这个天堂的位置。我想和这个针女的女性来握手，并向这个祖母助手鞠躬。观看这些视频，我教会了很高兴。在这里，它吹动温暖和家庭的舒适感。
27834,UgzwOUUpFduqNiGldwl4AaABAg,4,3 years ago (edited),"she lives in paradise in the world. nature all fruit and everything is too much. ahhh so sooo jelous.๐คง
note: feed the puppies","她生活在世界上的天堂。大自然所有的水果和一切都太多了。啊，太太了。
注意：喂养小狗"
42789,Ugzcw4OYXqmPLQcR_0J4AaABAg,3,4 years ago,i really like this life rhythm like a paradise,好喜欢这样的生活节奏犹如世外桃源
35928,UgxbRBmV3x_QkbeQ_BZ4AaABAg,3,4 years ago,this is nature. this is paradise. girl sweet beautiful smart girl ๐—,这是自然。这是天堂。女孩甜美美丽的聪明女孩
45494,UgxglR6Jm_CUvQrL5T94AaABAg.8r3ZX_2tI028rB9IHjRixw,3,4 years ago,"@user-vo9ny2ym8n, may god reward you with the best of my brother. his shape will be given their paradise.",@user-vo9ny2ym8n，愿上帝用我兄弟的最好的奖励你。他的形状将得到他们的天堂。
44060,UgycNSkJt1wQbPlIH414AaABAg.8rGHT9GJz-M8rTZjdyLqOL,2,4 years ago,@ygfalcao2570 that and vdd. always good to know new cultures and this paradise she lives then.,@ygfalcao2570和vdd。总是很高兴了解新的文化以及她那时所生活的这个天堂。
30470,UgyXNQPk6xTUEdX74uB4AaABAg,2,3 years ago,"seeing that your work has a feeling of seeing each other and hate, it is really as treasured! in the influence of the philosophical thoughts of yin and yang five elements in traditional chinese culture education, confucian ethical and moral concepts, traditional chinese medicine nutritional photography, and cultural and artistic achievements, diet aesthetic style, and many factors of national characteristics, they created the chinese cooking skills of the book of history. form a broad and profound chinese food culture. your profound understanding of the traditional chinese diet and culture is perfectly presented with the beautiful chinese style that is so beautiful! as a native of china, the chinese are also amazing, and they are intoxicated! under the influence of the world's multiculturalism, many excellent cultures have been forgotten, the outlook on life, and values โ€โ€have also changed in the long -term subtle way. whether it is chinese or the people of the world, there are always things in common in the hearts of human beings. they all advocate true, good, and beautiful. they like tranquility and peace, and they are eager to happiness and happiness. the environment of your life is like a paradise, the mountains and rivers are beautiful, and the ecological environment that people and nature live in harmony are enviable. your work can help us calm down the impetuous heart, re -think about life, and find the most precious beauty in the original memory of human beings!",看到您的作品有种相见恨晚的感觉，真的如获至宝！在中国传统文化教育中的阴阳五行哲学思想，儒家伦理道德观念，中医营养摄生学说，还有文化艺术成就，饮食审美风尚，民族性格特征诸多因素的影响下，创造出彪炳史册的中国烹饪技艺，形成博大精深的中国饮食文化。您对中华传统饮食和文化的深刻理解并用美到令人窒息的唯美中国风完美呈现出来！作为土生土长的中国人也都叹为观止，如痴如醉！在世界多元文化的影响下，好多优秀的曾经引以为荣的文化已经被淡忘，人生观，价值观也在长久的潜移默化中改变。无论是中国人还是世界人民，在人类心灵深处，总有一些东西是共通的，都崇尚真善美，都喜欢宁静与祥和，都渴望幸福与快乐。您生活的环境犹如世外桃源，山青水秀，人与自然和谐相处的生态环境让人羡慕不已。您的作品能帮助我们静下浮躁不安的心，重新思考人生，找寻人类最初的记忆中最珍贵的美好！
44058,UgycNSkJt1wQbPlIH414AaABAg.8rGHT9GJz-M8rTZWc7Z9ai,2,4 years ago,@adrianakaizer1670 i discover by chance and already loved her and very cute of the desire to go there just know this paradise,@adrianakaizer1670我偶然发现了她，已经爱她，对去那里的渴望非常可爱，只是知道这个天堂
42790,Ugxe-h7nDpp-xfLvJNV4AaABAg,2,4 years ago,she lives in a paradise. i want this kind of life.,她住在天堂。我想要这种生活。
30775,UgwgSkXy-bnvdq7q11t4AaABAg,2,3 years ago,she lived in paradise?????,她住在天堂？？？？
32884,UgyYJnv57GS5hXtdXYF4AaABAg,2,4 years ago,if there wasn't for the plastic i could think it's paradise,如果没有塑料，我可以认为它是天堂
13994,Ugx2Mmws9c7W1GB6ZV14AaABAg,2,2 years ago,so beautifull those lambs...please dont kill them for eating them....make your plase a paradise,如此美丽的那些羔羊...请不要杀死它们。
39580,UgwFM1ggaz8pxFrqxdl4AaABAg,2,4 years ago,you are a fairy in paradise ๐งโ€โ๏ธ simply. you are creative ๐ฅฐ,你是天堂中的童话。你是有创造力的
14437,Ugw1S2GntpfaGLnQ-RZ4AaABAg,2,2 years ago,this place is like a dream and paradise to me. i always wanna spend my whole life in this type of place like living in a peaceful environment,这个地方对我来说就像一个梦和天堂。我一直想在这种类型的地方度过一生，例如生活在宁静的环境中
30876,Ugy3YolHHrz6BAq-1VV4AaABAg,2,3 years ago,"glory be to god, a paradise on the ground in which all fruits, vegetables, and girl are creative, and life is great in this spot of the earth.",荣耀归于上帝，在所有水果，蔬菜和女孩都有创造力的地面上的天堂，在地球这个地方的生活很棒。
12299,UgyACsRiAhHQ8eHklT14AaABAg,2,2 years ago,such an angel as this girl is given a paradise life.,这个女孩的天使被赋予了天堂生活。
9839,Ugwa_Fdd7XZ6HPuXmEN4AaABAg,2,2 years ago,"he said ﷺ: (whoever says there is no god but god, sincerely from his heart entered paradise)",他说ﷺ：（谁说没有上帝，但上帝，真诚地从他的心中进入天堂）
6955,UgySv8ASYHrctXMW0aR4AaABAg,2,2 years ago,paradise,天堂
11788,Ugzg5mflolxGnKyJjQt4AaABAg,2,2 years ago,"you are a legend liziqi 
i miss this kind of life. 
your place is a paradise, surrounded by flowers and vegetables, and your cute friends. i like your puppy and the lamb. 
your popo is so lucky to have you with her, a very loving grand daughter. 
i love all your videos. i will try your recipes from scratch. 
also, i love your oven. its unique. ๐๐ฅฐ
love from houston, texas
๐’mimi โจ","你是一个传奇的liziqi
我想念这种生活。
您的住所是一个天堂，周围是鲜花和蔬菜，还有您可爱的朋友。我喜欢你的小狗和羔羊。
您的Popo很幸运能和您在一起，一个非常有爱心的大女儿。
我喜欢你所有的视频。我会从头开始尝试您的食谱。
另外，我爱你的烤箱。它的独特。 
来自德克萨斯州休斯顿的爱
"
46426,UgzvOaaBff5lVEY23pp4AaABAg,1,4 years ago,where is this paradise. is this vietnam,这个天堂在哪里。这是越南
25745,Ugy68PHxLwFVAE3oikB4AaABAg,1,3 years ago,it is a paradise!,这是一个天堂！
19726,UgxT3YcVAi0yU79t81R4AaABAg,1,3 years ago,i keep on watching this since last year. all i can say is paradise. she is a hardworking and loving princess in this paradise,从去年开始，我一直在观看。我只能说是天堂。在这个天堂中，她是一位勤奋而充满爱心的公主
40329,Ugz4NAZlZzux_WRlHhh4AaABAg,1,4 years ago,paradise of the world,世界天堂
10273,Ugw7G0QxRB4Bjv0SG2p4AaABAg,1,2 years ago,this place is paradise...,这个地方是天堂...
20340,Ugxt_RmYZFtGzBpyJGN4AaABAg,1,3 years ago,"when i feel bad at heart, i see how this girl is working, bewitching picture !!! it seems you get into paradise! respect and respect to the girl. what's the secret? like no scenery, special effects, nanotechnology, hollywood stars?",当我对自己的灵魂感到难过时，我看到这个女孩是如何工作的，迷惑了图片！！！看来您进入天堂！尊重和尊重女孩。什么是秘密？就像没有风景，特殊效果，纳米技术，好莱坞明星吗？
32769,Ugzz_MmcnBWco8k1SUd4AaABAg,1,4 years ago,she is unique so working everything that does rich things and that place so beautiful pairs a paradise and she an angel๐ and very pretty,她是独一无二的，所以要做的一切都可以做丰富的事物，而这个地方如此美丽，一个天堂，她是天使
32144,Ugxn11JOJwq48DaCw4Z4AaABAg,1,4 years ago,my god .... where is this place that stops a paradise ... where everything is taken from nature. curious that she does all this and the clothes get clean ...... kkkk,我的上帝....这个地方在哪里停止天堂...一切都从大自然中夺走了。好奇她做所有这一切，衣服变得干净……KKKK
33552,Ugw9hZQIje9L9JHtRQ94AaABAg,1,4 years ago,ohh that delights this place is paradise.,哦，让这个地方高兴的是天堂。
31630,UgxxCgH71L64WRGQtSB4AaABAg,1,4 years ago,she lives in paradise wow amazing just amazing,她住在天堂哇惊人
44067,UgycNSkJt1wQbPlIH414AaABAg.8rGHT9GJz-M8rT_8itbsqR,1,4 years ago,@joicecost185 very very fruits that i have never seen in the way how they do popcorn and gurding things and this paradise where they live a dream,@joicecost185非常非常成果，我从来没有以他们的方式爆米花和刺穿事物的方式以及他们实现梦想的天堂
30955,UgzwVIp6vm-SiSJUGzJ4AaABAg,1,3 years ago,wow! her place is paradise.,哇！她的位置是天堂。
23260,UgyAdtb7iPGQV5sFNtx4AaABAg,1,3 years ago,"her world is a paradise, god ๐’“",她的世界是一个天堂，上帝
23280,Ugw1Pv1WA2m2x7D_Iyt4AaABAg,1,3 years ago,"this is a paradise for food, probably
oh, i really want to eat that mango hand roll","这是吃货的天堂吧，大概
喔，我好想吃那个芒果手卷"
10774,UgwsHrGCwJ6ezckwyGF4AaABAg,1,2 years ago,"the paradise of god in his land and the daughter of god, may god bless her and his activity and operation",上帝在他的土地和上帝的女儿中的天堂，愿上帝保佑她以及他的活动和行动
24514,UgzQHLq1buEBhdR3Rq54AaABAg,1,3 years ago,she be living in paradise i tell you,她住在天堂里，我告诉你
965,UgxJIZQuME0CqcXbWDN4AaABAg,1,7 months ago,"glory be to god, the badi ... how will heaven be !!! oh lord, grant us paradise",荣耀归于上帝，巴迪...天堂将如何！！！哦，主，给我们天堂
15193,UgwlBYRqq4TFtrVLVlR4AaABAg,1,3 years ago,this girl lives in paradise.,这个女孩生活在天堂。
28445,UgxNKVtjP9LXIuuIYO94AaABAg,1,3 years ago,i am amazed to this place like wowww there is still a paradise in this world..everything she need are just around her...wish to visit this place jn the near future.. im the biggest fan of this pageโค,像WOWWW这样的地方，我感到惊讶。
37451,Ugx_gHs6-axbG-79wgJ4AaABAg,1,4 years ago,"whereโ€s she live? paradise ? itโ€s such a wonderful ,peaceful in the world that i havenโ€t seen this before. and you are so strong and hardworking and beautiful . im a fan from thailand.",她住在哪里？天堂？在世界上，这是一个很棒，和平的，我以前从未见过。而且您是如此坚强，勤奋和美丽。我是泰国的粉丝。
13011,Ugz9uA3tkkrThqSIVhB4AaABAg,1,2 years ago,in any paradise you live,在任何天堂中
36668,Ugy9cjnXq4oFYUgRwAl4AaABAg,1,4 years ago,wow paradise it's beautiful these videos make me feel free,哇天堂很美，这些视频使我感到自由
2982,UgwyONHIONgXM1BtG154AaABAg,1,1 year ago,"does she live in the garden of paradise? everything is there, everything is growing!",她住在天堂花园里吗？一切都在那里，一切都在增长！
27866,UgxToQHV5hwOZEQlf2t4AaABAg,1,3 years ago,"she is living in a true paradise , in this kind of lifestyle, she may be the one left in this world if everyone is gone",她生活在一个真正的天堂中，在这种生活方式中，如果每个人都走了，她可能是这个世界上留下的那个人
14828,UgykjuK7wRHYV0TVgZ14AaABAg,1,2 years ago,this makes me think of paradise ❤,这让我想到了天堂❤
30694,UgzDPI9fc88rV_lUyj54AaABAg,1,3 years ago,everything you cooperate is wonderful where you live is the paradise greetings beautiful and to the lady who is always with tige diis blesses them greatly ๐๐๐๐๐ค—๐ค—๐๐,您合作的一切都很棒，您的生活都是天堂的问候美丽，而对总是与Tige Diis在一起的女士，祝他们非常祝福他们。
35722,Ugzbxvo6LWE3UTHGuAJ4AaABAg,1,4 years ago,omg...i love ur content so much...it is like a paradise...one day i hope i can live in natural place like u.,天哪...我非常喜欢您的内容...就像一个天堂...有一天，我希望我能像U一样生活在自然的地方。
39679,UgzsNmI_tfETksXGLzB4AaABAg,1,4 years ago,paradise fruits and delicacies!),天堂水果和美味！）
15792,UgwHSBaU06-qsvU67254AaABAg,1,3 years ago,"show the adornment land, i ask god to paradise, but",展示装饰土地，我请上帝去天堂，但是
35430,UgytzIfdHGD_NUIqrfx4AaABAg.8ufGsPcy9kS8umZLdJ-_hm,1,4 years ago,shafna t right?its like living in a paradise away from the noisy city.,shafna t对吗？就像住在远离嘈杂城市的天堂里。
50113,UgzvOdKLl18i1wEHTkp4AaABAg,1,4 years ago,like that paradise .. i wish you a new year..an khang prosperity _ thousands of things,像那个天堂一样..祝你新年.. khang繁荣_成千上万的事情
42381,Ugx4SqFMBIIjgbcUMw54AaABAg,0,4 years ago,"it's a paradise, i would like to live in this place is beautiful",这是一个天堂，我想住在这个地方很漂亮
41910,UgyMCQFxyGbyY2L2igp4AaABAg.8rq4iAPp-eW8s4Itka-KLn,0,4 years ago,i discovered these videos by chance! can anyone say where this is? it looks like a piece of paradise so beautiful that it is !!!,我偶然发现了这些视频！谁能说这在哪里？它看起来像是一个如此美丽的天堂！！！
41922,UgxS6t_HMwQWeXgCwGN4AaABAg,0,4 years ago,"the sheep and the dogs are so adorable, they follow were ever she goes,
hope next time there some goose on the pack
this is the life i want to live for the rest of my life.
no wifi, gadgets but a simple life also no pollution and noisy city street all you just think is to eat healthy foods , alots of fruits so yummy everywhere you look at theres fruits hanging on the trees,

what a paradise havens of peace","绵羊和狗是如此可爱，他们跟随她走了，
希望下次那里有一些鹅
这是我想在余生中生活的生活。
没有wifi，小工具，但简单的生活也没有污染和嘈杂的城市街道

多么和平的天堂天堂"
41884,Ugw0UIdkrv99HrXY7HJ4AaABAg.8rqqQHwMkz98rr4W1yctSW,0,4 years ago,because this is the cultural output of our chinese ... the foreigners see a stunned all saying that [fairy of paradise],因为这就是我们中国的文化输出……老外看的一愣一愣的都说【天堂的仙女】
41800,UgxG3GfO6udPS_0wBC14AaABAg,0,4 years ago,is this how paradise looks like ?,这是天堂的样子吗？
42300,UgxhZMGE-MKBLC1bj_14AaABAg,0,4 years ago,is that real? is it paradise?,那是真的吗？是天堂吗？
9314,UgwY_lZdzc9PW1mknh54AaABAg,0,2 years ago,that`s how paradise was in genesis!,那就是创世纪的天堂！
41777,UgzOnZ3emRrtAgbdRvB4AaABAg,0,4 years ago,"this world, how can he paradise?",这个世界，他怎么能天堂？
41912,Ugww9iV-hUaMWb28rA94AaABAg,0,4 years ago,a piece of paradise on earth!,地球上的一块天堂！
41089,UgxykQngUN9se-6-K7t4AaABAg,0,4 years ago,she lives in paradise)) she has just everything =),她住在天堂））她只有一切=）
41700,UgyVwYmeqXiNUMP7KA54AaABAg,0,4 years ago,"is this real, is this paradise, is she an angel...this is so very beautiful...",这是真实的吗，是天堂，是她的天使...这太漂亮了...
41359,UgwP5Pjn-3Y1MH_e4Hd4AaABAg,0,4 years ago,it felt like i'm in paradise this whole 10.12 minutes watching it.,感觉就像我整个10.12分钟都在观看天堂。
41235,UgxPLHqJltQdDK3XFXl4AaABAg,0,4 years ago,where does she live in paradise?,她住在哪里天堂？
41224,UgwVfiBmGQ1a8Ql_1_d4AaABAg,0,4 years ago,is this paradise!,这是天堂！
41094,UgxMaZ38PvaiUmhXSzJ4AaABAg,0,4 years ago,where is such a paradise located?,这样的天堂在哪里？
40820,UgwxofEOjUN8Z9J-wiV4AaABAg,0,4 years ago,what i imagine paradise is like.,我想象的天堂是。
40303,UgxfLZHmRY4GVTVhX-t4AaABAg,0,4 years ago,looks like a paradise to me,对我来说看起来像是一个天堂
40093,UgzKnz2kd_9QzX18Y0B4AaABAg,0,4 years ago,that place is paradise,那个地方是天堂
39750,UgxIBezeG4V7MB1Ogdl4AaABAg,0,4 years ago,this place is what you called paradise โค๐ท๐,这个地方就是你所说的天堂❤
9796,UgwFe_Dz_wOfH62NqsF4AaABAg,0,2 years ago,masha'allah is a paradise,Masha'allah是一个天堂
39317,Ugyt_m7kE1HmKUPrgRZ4AaABAg,0,4 years ago,"you live in paradise, nature gives you everything and although work is a lot, living in a place is worth it.",您生活在天堂中，自然可以为您提供一切，尽管工作很多，但住在一个地方是值得的。
38866,UgzT3kNiw2ewlO5tJC54AaABAg,0,4 years ago,your village like paradise,你的村庄像天堂
38368,UgwhyqP0waLIKjdIXZ94AaABAg,0,4 years ago,i'm in paradise ??)),我在天堂？））
38265,UgyMZ_olJJz5cKOvaOJ4AaABAg,0,4 years ago,look that likes a truely paradise,看起来很喜欢天堂
8874,UgyMeNdlr3AEqZKYcDN4AaABAg,0,2 years ago,"how lucky to be born with all the riches of mother earth (food) on your doorstep, that through your own hard work you can add to your bounty, having the skills passed down through endless generations on the land they walked and nurtured and learnt to be able to utilise everything mother earth can provide from the seed, fruit, flower and roots, sadly most of us will not live in such a paradise, but watching liziqi shows us her life is a joy to behold, happy new year everyone.",很幸运能与您家门口的所有财富（食物）的所有财富出生，通过自己的辛勤工作，您可以将自己的赏金添加到赏金中，使他们在他们走路，养育并学会的土地上的无尽一代人传递了几代人能够利用地球母亲可以从种子，水果，花朵和根源中提供的一切，可悲的是，我们大多数人都不会生活在这样的天堂中，但是看着Liziqi向我们展示了她的生活，这是一个愉快的事，每个人都在新年快乐。
43940,UgwcU6aiK_b3fZ0uNqN4AaABAg,0,4 years ago,"where are these
paradise places?","这些在哪里
天堂的地方？"
8869,UgxQlj2lXkFdb9tFYt14AaABAg,0,2 years ago,"your paradise

women yaoqing naxie dui tiantang gan xingqu de ren
jw.org","your paradise 

women yaoqing naxie dui tiantang gan xingqu de ren
Jw.org"
7911,UgxlBJZ42wKi4HegftN4AaABAg,0,2 years ago,"right paradise, what kind of grandmother is always interesting in such hats",正确的天堂，在这样的帽子中，什么样的祖母总是很有趣
47162,UgyySAA6OZChi0jxuaR4AaABAg,0,4 years ago,woo lives in a paradise and she is a princess,Woo住在天堂，她是公主
47355,UgzEkbIkMd9BZhIyt7F4AaABAg,0,4 years ago,"sometimes i think that you live in paradise
you are amazing","有时我认为你住在天堂
你很棒"
47476,UgzBni_r9eOaK-aasYR4AaABAg,0,4 years ago,the place you live like the paradise,你像天堂一样生活的地方
48067,UgySir8nlqjs_ObmU8Z4AaABAg,0,4 years ago,live in paradise .. i love that lifestyle,生活在天堂中..我喜欢那种生活方式
48388,UgykK5vM1Z-m9fgjSk94AaABAg,0,4 years ago,wow! its so amazing. its like a paradise. . . i love your place...,哇！它真是太神奇了。它就像一个天堂。 。 。我爱你的地方...
48792,Ugy9ctuzovZ69UObz1d4AaABAg,0,4 years ago,she is so lucky to have her own garden and own house.she is living in paradise,她很幸运拥有自己的花园和自己的房子。她住在天堂
49112,Ugw4hollu9aghvzfMiB4AaABAg,0,4 years ago,"i just discovered this video, it ’s very good. i have already subscribed. what is your place? very beautiful, like a paradise taoyuan -",我刚刚发现这个视频，很好看吔，我已经Subscribed 了你，你这个地方叫什么？很漂亮，像个世外桃园－样
49928,Ugx_0NARAZKVYagOcCB4AaABAg,0,4 years ago,"oh god, what a wonderful life for you curses abu al -tahdar, al -madinah and al -zabat. their life is a paradise and all the food is from nature, as i am my lord",哦，天哪，对你来说，真是美好的生活，诅咒阿布·阿尔·塔赫达尔，阿尔 - 马迪纳和al -zabat。他们的生活是天堂，所有的食物都来自自然，因为我是我的主
50208,UgxEagi_aAaycM4pZlh4AaABAg,0,4 years ago,paradise,天堂
50258,Ugyx-hs-om7t2jT1q-x4AaABAg,0,4 years ago,land of paradise,天堂之地
50382,UgwJ6cEhG0q10v6O4Bh4AaABAg,0,4 years ago,"what do you live, but paradise, kalshi, his mother",你生活了什么，但是天堂，卡尔西，他的母亲
50622,UgwthHKTSwn-e69y7S14AaABAg,0,4 years ago,"paradise place.
anyone plz tell me name of this place.","天堂之地。
任何人都告诉我这个地方的名字。"
50721,Ugz8G0cAmBhwrOe0TFt4AaABAg,0,4 years ago (edited),is this paradise or what? we even do not grow poto,这是天堂还是什么？我们甚至不种植poto
51125,UgxRSs7NYzsP0jFNoK14AaABAg,0,4 years ago,damn girl u got no home but a paradise....,该死的女孩，你没有家，只有天堂。
51259,Ugzr4Py53lRlB27tqs54AaABAg,0,4 years ago (edited),10.12 precious minutes of paradise,10.12天堂的宝贵分钟。
51525,UgxvCM5TES1_v-lbued4AaABAg,0,4 years ago,it's really similar to the paradise 外 外 外,真的很像世外桃源哦
51698,Ugxvd9-M_o1kM_1_h554AaABAg,0,4 years ago,your place called paradise,你所说的天堂
52561,UgwtrULJ59k-qBkyYnF4AaABAg,0,4 years ago,"i yearn for this kind of life. this kind of environment is like a paradise, and living with people who love each other and live with the world.",我很向往这种生活，这种环境就像世外桃源，和相爱的人过着与世无争的生活相伴终老。
52652,UgxB0issHvJM3vPubuJ4AaABAg,0,4 years ago,just paradise,只是天堂
46436,UgzUAA1w1-MorRiKoq94AaABAg,0,4 years ago,after watching your video every time you think it is a paradise! it seems as if i was a kid,每次看完你的视频都觉得是世外桃源吗！好像回到小时候一样
46114,Ugx48yftdDJoqXK4-Vx4AaABAg,0,4 years ago,that place is a paradise,那个地方是一个天堂
46085,UgxhPJVHFgAcpOP5AYN4AaABAg,0,4 years ago,gosh.....this place is like paradise! it's beautiful!,天哪.....这个地方就像天堂！很美丽！
7805,UgwWlWrfjg6fNudsy-h4AaABAg,0,2 years ago,like in paradise place,就像在天堂的地方
42903,UgxVdjrAOygR31A-hS14AaABAg,0,4 years ago,the paradise is right next to what to wait ???,天堂就在等什么旁边？？？
42981,Ugxns7ZMCmRwGDM4Lr14AaABAg,0,4 years ago,paradise.,天堂。
43231,Ugx-nd2u4jUp5XUbsjF4AaABAg,0,4 years ago,it's paradise,天堂
43269,UgyKo04AZLnNMuV7itZ4AaABAg,0,4 years ago,paradise,天堂
43623,UgyFMiU1V483W1Zu8XN4AaABAg,0,4 years ago,paradise looks like,天堂看起来像
43663,Ugy03fP3GT618-v1YlR4AaABAg,0,4 years ago,some kind of paradise corner. all they have. what a young girl is a girl. just knows how to do everything. and neat,某种天堂角。他们拥有的一切。一个年轻的女孩是一个女孩。只是知道如何做一切。整洁
38062,UgwcrW0yAPQcQxqdfYt4AaABAg,0,4 years ago,paradise.,天堂。
43961,Ugx4yHudlMTIMQqv-VN4AaABAg,0,4 years ago,what a paradise of food,多么的食物天堂
7169,Ugxoo8aMnngc31II8bV4AaABAg,0,2 years ago,where fdoes she live? in paradise? she is sorrounded by food,她住在哪里？在天堂里？她被食物困扰
6365,UgxIV_hWrAPPbz8ddPR4AaABAg,0,2 years ago,is it paradise?,是天堂吗？
44224,UgzllhKCYUB176z-Fmx4AaABAg,0,4 years ago,looking like a paradise,看起来像个天堂
44456,UgyVuNRXTrhmzRTMQEt4AaABAg,0,4 years ago,living in paradise .......... great episode,生活在天堂..........伟大的情节
44933,Ugxsgm6I5sQ95mWanFp4AaABAg,0,4 years ago,i watched a video and fell in love with her. this kind of life and heart of this paradise ...,我就看了一个视频、就爱上她了，这种世外桃源的生活、心驰神往……
44945,UgzMPra5C8nnkPY-kx14AaABAg,0,4 years ago,like a world paradise..,像世界天堂。
45151,UgyaPaIZh_Fv_fUrJBZ4AaABAg,0,4 years ago,this is what i call paradise,这就是我所说的天堂
45218,UgzFF6DOtLzwXhVczbd4AaABAg,0,4 years ago,that place is a paradise.,那个地方是一个天堂。
45351,UgwmJ8f6rp2-d9zinxB4AaABAg,0,4 years ago,"cool! what is this paradise ??
where is it?
and what a hostess you are, here someone will be lucky!","凉爽的！这是什么天堂？
它在哪里？
你是多么的女主人，这里有人会很幸运！"
45475,Ugzf_UNY8aQb10ZTRkh4AaABAg,0,4 years ago,what a luga is this looks like a beautiful paradise,这看起来像一个美丽的天堂
38185,UgxuD8RH9h-_GQZkJI14AaABAg,0,4 years ago,what a paradise,真是天堂
13157,Ugxc2Hx1kefbESTKLgJ4AaABAg,0,2 years ago,"love to live like her, it's like creating our homes as our own paradise ,really love the way she does things all on her own,and assist her grandmother with love and care, love u liziqi,i really admire you",热爱像她一样生活，就像创造我们的房屋作为我们自己的天堂一样，真的很喜欢她自己做事的方式，并为祖母提供爱与关怀，爱你Liziqi，我真的很佩服你
37688,UgzUv1QVX9RRAtKrkbZ4AaABAg,0,4 years ago,"and the sweet life of life, o god, paradise ๐’",上帝，天堂啊，生活的甜蜜生活
21890,Ugzpdhjzla4y_OiTYHV4AaABAg,0,3 years ago (edited),"while the food and setup are indeed admirable, i hate what her videos are trying to portray: ""survival cooking, away from society bullcrap"". it's clearly fake, first she cooks a lot in one session, even 5 grown men cannot consume all of those. i hate to think she just throws it away after the ""show"". then look at how pristine the produce are. do you honestly think those are wildy grown? lmao. don't get me started about the cinematography either. this is clearly a full-blown studio production. it's not wrong, it's a good entertainment. i just hate that people are believing this to be realistic paradise setup.",虽然食物和设置确实令人钦佩，但我讨厌她的视频试图描绘的内容：“生存烹饪，远离社会斗牛”。这显然是假的，首先她在一次会议上做了很多东西，即使有5个成年男子也不能消耗所有这些。我讨厌认为她只是在“表演”之后扔掉了它。然后看看农产品的原始程度。老实说，您认为那些是狂野的成长吗？ lmao。也不要让我开始摄影。显然，这是一个成熟的录音棚。这没错，这是一个很好的娱乐。我只是讨厌人们认为这是现实的天堂设置。
20562,UgwBKLG5bPMkfLqWZLJ4AaABAg,0,3 years ago,y does only she gets to live in paradise ๐ข,y只有她才能住在天堂
20828,UgxgtHZ5zYCWU8RDmEx4AaABAg,0,3 years ago,paradise above the ground,地面上方的天堂
20842,UgwHlEWaClFrC0ezYJl4AaABAg,0,3 years ago,this place is very paradise!,这个地方非常天堂！
20854,Ugz-C1jCI9WL_anW_4x4AaABAg,0,3 years ago,amazing how it is all so natural. the magnificent landscape! seems to paradise with mother earth always very generous.๐,令人惊讶的是，一切都是如此自然。壮丽的景观！似乎与地球母亲的天堂总是很慷慨。
21676,Ugyf4btw4QQEv0a297h4AaABAg,0,3 years ago,"god willing, it was paradise",上帝愿意，那是天堂
21853,UgxIKdHSpb0GCHvbhyx4AaABAg,0,3 years ago,she is living in paradise omg,她住在天堂
21870,Ugwh-HWa8Y9TRurHATB4AaABAg,0,3 years ago,i feel like they live in paradise for every thing is already there.i like that place so much,我觉得他们生活在天堂里的每一件事已经存在。我很喜欢那个地方
22746,Ugxv7tnn9lwuzPp_jDB4AaABAg,0,3 years ago,"oh, your lap is a life in the midst of this paradise, and this stillness and beauty are a life that i hope if a day i live it ๐’๐’๐’๐’๐’๐’๐’๐’๐’๐’๐’๐‘๐ป๐’๐’๐’๐’๐’๐‘๐ป๐‘๐ป๐‘๐ป๐‘๐ป๐‘๐ป๐ฅฐ๐ฅฐ๐ฅฐ๐ฅฐ๐ป๐ฅฐ๐ฅฐ๐ฅฐ๐ฅฐ ๐ฅฐ",哦，你的膝盖是这个天堂中的生活，这种静止和美丽是一种生活。
25154,UgzMCt51w0vCQDPXPfV4AaABAg,0,3 years ago,where is this paradise!,这个天堂在哪里！
22777,Ugzv-jTRQ7Y7rNtRYMV4AaABAg,0,3 years ago,"for this i described paradise as gardens ๐ธ๐’•
oh god, make me from the people of paradise","为此，我将天堂描述为花园
哦，天哪，让我来自天堂的人民"
23201,UgwEObI1rSD-SjRr3N14AaABAg,0,3 years ago (edited),this is the ultimate pursuit of ancient chinese literati-the paradise-style lifestyle,这便人中国古代文人终极追求的 ----- 世外桃源式的生活方式
23388,Ugx1pCNf6M4t1QXx3n94AaABAg,0,3 years ago,everyone said that this is heaven ... is only i feel that this is very tired? is it paradise to play mobile phones and computer at home?,看评论大家都说这是天堂...只有我一个人感觉这很累吗，躺家里玩手机玩电脑才是天堂好吗
23516,Ugwj4K8X71BbTxK-KpZ4AaABAg,0,3 years ago,paradise above the ground,地面上方的天堂
23978,UgyR3f6yeNPDP4Dkdat4AaABAg,0,3 years ago,really it's a paradise,真的是一个天堂
25106,UgwUGMnm8nHraBBswzF4AaABAg,0,3 years ago,it feels like it is paradise!,感觉就像是天堂！
25142,UgyGgSFWL9F1zYKr5Sd4AaABAg,0,3 years ago,paradise,天堂
19936,Ugw9y7N-9SWHUWbq-tx4AaABAg,0,3 years ago,"fairy tale, there is paradise on earth ..",童话，地球上有天堂。
19849,Ugy67z6Y3hmfwZJ5Fox4AaABAg,0,3 years ago,that paradise i need a place like that i think my scree goes away quickly,那个天堂我需要一个这样的地方，我认为我的scree很快就消失了。
19633,UgzVWz1uZj9bAVdxzYZ4AaABAg,0,3 years ago,"man, you live my paradise",伙计，你活着我的天堂
19158,UgxA_nvXXUJQti6J36F4AaABAg,0,3 years ago,like in paradise,就像天堂一样
13918,UgypO0cvtd_f4YdM_b94AaABAg,0,2 years ago,you live in a little piece of paradise you have the abundance and all the good not to be a slave to society and work outside the home.,您生活在一小部分天堂里，您拥有丰富的和一切的善良，而不是成为社会并在家外工作的奴隶。
13939,UgxHekdslWFm_3rCtbF4AaABAg,0,2 years ago,"i just found your channel and this is the 3rd i've watched so far. what i would give to be able to live wherever you are, it looks like paradise! you're truly an inspiration. 
much love to you and your gramdma","我刚刚找到了您的频道，这是我到目前为止观看的第三次。我会奉献的东西，无论您身在何处，它看起来都像天堂！您确实是一个灵感。
非常爱你和你的革命"
14072,Ugyyiu-8kO2AGObECPV4AaABAg,0,2 years ago,paradise,天堂
14141,UgwmjUubmIrVxJJWd8d4AaABAg,0,2 years ago,real in paradise. god bless you,真正的天堂。上帝祝福你
12536,UgwwN8mk6kberd-DRv94AaABAg,0,2 years ago,"omg, that’s a real paradise ❤️❤️❤️",天哪，那是一个真正的天堂❤️❤️❤️
14732,UgywfkH92_e1QwGtGRJ4AaABAg,0,2 years ago,she lives in the paradise of the kingdom of tianfu,她住在天府之国的天堂里
15296,Ugy-UhEResE-Ib9mWYp4AaABAg,0,3 years ago,wow..... this is paradise wanna live in....this,哇.....这是天堂想住在...
15401,UgyzKcVps2jf_rwLmah4AaABAg.99bE4vqNKkd9ARURUjXfSY,0,2 years ago,this is a few chinese youtuber. there is no attack remark. people all over the world include taiwanese without those remarks. this is like a paradise.,这是为数不多的中国youtuber下面没什么攻击言论的了，全世界的人包括台湾人都没有那些言论。这里就像世外桃源。
15505,UgzZcBrWu5IDJhTAONV4AaABAg,0,3 years ago,"may you always be healthy, live in harmony with your family, and visit a happy place, where there is paradise -like vegetation, silent and nutritious recipes, and smart and smart people",愿您一直健康，与家人和睦相处，并参观一个幸福的地方，那里是天堂般的植被，静默着美味又有营养的食谱，还有聪明又聪明的人
15719,UgxTMC8uAGp7MBNT-PN4AaABAg,0,3 years ago,wow paradise ❤️❤️❤️❤️❤️,哇天堂❤️❤️❤️❤️❤️❤️
15777,Ugxqoz2ahTK5tHaPV2Z4AaABAg,0,3 years ago,living in paradise,住在天堂
15803,UgyKVZU2UGtf8mp_oNh4AaABAg,0,3 years ago,this is the legendary paradise.,这就是传说中的世外桃源吧。
17400,UgwR6XBNyG--9EYt_AB4AaABAg,0,3 years ago,"i know space, your home, your region is wonderful! a paradise on earth! just one question ... do you give food to your animals and dogs what a moment? they look hungry kkkk",我知道空间，您的家，您的地区很棒！地球上的天堂！只是一个问题...您是否给动物和狗吃食物，这片刻是什么？他们看起来饥饿
17560,Ugw07a07xKZCLGRXk7t4AaABAg,0,3 years ago,"her place like paradise, much anything beautifull",她的住所像天堂，许多美丽
17993,Ugz9q6lEbIp4Hot_7JR4AaABAg,0,3 years ago,"i know a lot of city people think countryside is boring. well i don’t, actually living there would be great for your physical and your mental health. natural environment is good for everything, this is definitely natural paradise",我知道很多城市人认为乡村很无聊。好吧，我没有，实际上住在那里会很适合您的身体和心理健康。自然环境对一切都有好处，这绝对是自然的天堂
25152,UgygLjAnkMamEF-moix4AaABAg,0,3 years ago,"this not a a slight or insult, but i wonder how many people it takes to maintain that paradise? if it's 1,000, it's still amazing.","这不是轻微或侮辱，但我想知道维持天堂需要多少人？如果是1,000，那仍然很棒。"
25218,UgwAxMcLnw7BZhUr1aR4AaABAg,0,3 years ago,"where is these paradise ????it s so inimaginable ๐ฏ,and the quality of the vidรฉo ..perfection ๐‘๐ป๐‘๐ป๐‘๐ป",这些天堂在哪里？
36148,UgxPFXYtjmBKPXUeRPZ4AaABAg,0,4 years ago,i do not understand the language but it looks as if she lived in a paradise.,我不了解这种语言，但看起来好像她住在天堂里。
33131,UgwBIWWVpK0pcE2ugIp4AaABAg,0,4 years ago,glory be to god the place where you live as a paradise,荣耀归于上帝，你作为天堂生活的地方
10561,UgxC9MgOeTFJ3E3DNEl4AaABAg,0,2 years ago,"this is called paradise world,",这被称为天堂世界，
1704,UgzQUr8C0Mq0Nn3hFI94AaABAg,0,1 year ago,i want to live there and be able to enjoy a paradise of fruits and nature,我想住在那里，能够享受水果和自然的天堂
31100,UgwwfDvLcuMkDy8wipJ4AaABAg,0,3 years ago,world or paradise๐ฎ,世界或天堂
31634,Ugwor5YySgOpkGqrE154AaABAg,0,4 years ago,paradise!๐๐๐,天堂！
32116,Ugzm3MQJDz8puW48Mbd4AaABAg,0,4 years ago,"i really want her to write a blog about all the tips and tricks she knows (how to care for things, how to do things), how living like this makes her feel and just overall her every day life. damn, it should be made into a film, honestly. i could only dream of living is such paradise.",我真的希望她写一个博客，介绍她所知道的所有技巧和窍门（如何照顾事物，如何做事），如何生活使她感觉到她的感觉以及总体上每天的生活。老实说，该死的应该制作成电影。我只能梦想生活就是这样的天堂。
10499,Ugw0Fif1pze_8OATAvR4AaABAg,0,2 years ago,do she lives in paradise?? ๐๐‘,她住在天堂吗？
32560,UgxtaPyBN5vhWhPcU4R4AaABAg,0,4 years ago,o it is like a paradise z,o就像一个天堂z
33184,UgwzHTMM1u6FQJYcHOZ4AaABAg,0,4 years ago,"no doubt paradise on earth
i loved this video and all i have seen on this channel
keep in that way
without a doubt the megor channel of the network","毫无疑问地球上的天堂
我喜欢这个视频，也喜欢我在这个频道上看到的一切
以这种方式
毫无疑问，网络的震撼频道"
25492,UgyQCaBWwEvAkEScPKB4AaABAg,0,3 years ago,"like paradise, i love it",像天堂一样，我喜欢
13757,UgxRQawoAFfuFvER5eB4AaABAg,0,2 years ago,she is living in paradise ⭐,她住在天堂⭐
34882,UgzOKTVWDnRszftCTF14AaABAg,0,4 years ago,a paradise and a female angel,天堂和女性天使
35488,UgxDswzSgpIYzj0y6CV4AaABAg,0,4 years ago,you live in paradise,你住在天堂
35723,UgxcOFsAiO_EJkq2-sh4AaABAg,0,4 years ago,omg...i love ur content so much...it is like a paradise...one day i hope i can live in natural place like u.,天哪...我非常喜欢您的内容...就像一个天堂...有一天，我希望我能像U一样生活在自然的地方。
10104,UgzttX0JK1xGj80NRf14AaABAg,0,2 years ago,oh god paradise ๐,哦，上帝天堂
35972,UgzXBApkP0nzlsGQOLh4AaABAg,0,4 years ago,"i am very curious about the filming of all films? your hometown is too big, right? i really envy this kind of life, it is a paradise, admiring!",很好奇所有影片的拍摄场影都是子柒 家里的一部份吗？您的老家也未免太大了吧？真羡慕这种生活，完全是世外桃源，赞叹！
36091,UgxJRNUWvS0A2ldyAwp4AaABAg,0,4 years ago,paradise,人间天堂
30206,Ugyt62fhQ0bbxCYxMAh4AaABAg,0,3 years ago,paradise,天堂
29795,Ugy-eeTQtEhd6_ifJ8x4AaABAg,0,3 years ago,i would like to live in this earthly paradise.๐,我想住在这个尘世的天堂中。
29720,UgzO8IESu7MsYE5_-ER4AaABAg,0,3 years ago (edited),"i still wonder is this real , is she living in paradise ? i have seen high rise buildings , luxary houses , hotels suites and resorts nothing matches this place and her life , our lives are so machenic we live in concert jungles . is this real or am watching some cgi, i still wonder !",我仍然想知道这是真的，她住在天堂里吗？我已经看到高层建筑物，豪华房屋，酒店套房和度假村与这个地方和她的生活没有任何匹配，我们的生活是如此的天气，我们生活在音乐会中。这是真实的还是正在看一些CGI，我仍然想知道！
29521,Ugw36a85LHfl5OJ75x54AaABAg,0,3 years ago,this s like paradise i wish i could be there..,我希望我能在那里。
25976,UgwsA849Vi4UrJMHWRx4AaABAg,0,3 years ago,wow that princess lives in a beautiful paradise,哇，那个公主生活在一个美丽的天堂里
26752,UgywCHJ5EQPFq5Y8uRF4AaABAg,0,3 years ago,"my brother, where are you, where are the paradise.",我的兄弟，你在哪里，天堂在哪里。
27174,UgykP9Gzl9XOQBfCIE94AaABAg,0,3 years ago,you are a princess and live in a paradise and you are a love with your grandmother,你是公主，住在天堂里，你是与祖母的爱
27567,UgzY6sPevAAPqq9x5Vx4AaABAg,0,3 years ago,this place is a paradise i.e heaven on earth i wish to go there,这个地方是一个天堂，即我想去那里的天堂
27576,UgzkibXtvbYmGUZ4IHZ4AaABAg,0,3 years ago,she literally can do it everything... this is place that we can call paradise... ๐,从字面上看，她可以做到的一切...这是我们可以称之为天堂的地方...
12029,UgwMENsw8fRogQnHfDp4AaABAg,0,2 years ago,it is a paradise,这是一个天堂
27690,Ugwe7Srz--fB77v65up4AaABAg,0,3 years ago,this is the paradise,这是天堂
27740,UgzlFV3B3pVpjuzbpcR4AaABAg,0,3 years ago,well done! life is like in paradise!,做得好！生活就像天堂一样！
11897,UgzrM9q5CvJx9l18HHR4AaABAg,0,2 years ago,"what is this paradise, god willing",这是什么天堂，上帝愿意
27847,Ugxn7d9TPCHaajv0a3J4AaABAg.8z1fapLCk9Z8zv7cung6kr,0,3 years ago,in paradise it will be better than a billion times,在天堂中，它将比十亿次要好
27856,Ugz0GlZKZLKtmX3IoqN4AaABAg,0,3 years ago,"this is paradise, i'm 90% sure.",这是天堂，我确定90％。
28845,UgzLmyFD4JxrdoCQ1tF4AaABAg,0,3 years ago,"what a paradise is like that. well, everything is growing completely.",天堂真是太好了。好吧，一切都在增长。
28903,UgzdGI2kQj7mP9iE-f14AaABAg,0,3 years ago,ohh god!! she is living in a paradise :),哦，上帝！她住在天堂里:)
10966,UgzNkq7CiEL0fILDiPt4AaABAg,0,2 years ago,"your life and home are beautiful a true paradise, there is no sr.liziqi?",您的生活和家是一个真正的天堂，没有Sr.liziqi？
29168,Ugx2tCXYBjZX4P9FnxJ4AaABAg,0,3 years ago,"the feeling that you are living in paradise, grave is a great place.",您生活在天堂中的感觉，坟墓是一个好地方。
34741,UgxIuOp7gWIsNH7zbAt4AaABAg,0,4 years ago,itโ€s paradise,这是天堂
