,cid,votes,time,含lovely,含lovely中文翻译
44960,Ugzkyht9GJ-UWBb8pBV4AaABAg,155,4 years ago,"what a beautiful faerie like place in which you live! a lot of lovely fruits, nuts and resources to make your treats with as well. you are obviously very talented and the calm, hard-work and dedication can be seen in your videos... passion, too",您居住的地方多么美丽的仙境！许多可爱的水果，坚果和资源也可以使您的零食。显然，您很有才华，您的视频中可以看到镇定，努力和奉献精神……激情，所有食物看起来都很好吃！你和你的祖母太可爱了。
17825,UgzrzQVlVE8U33HjHNV4AaABAg,146,3 years ago,isn't it lovely how her dogs always be by her side like everytime and everywhere :') <3,她的狗总是像每次和任何地方一样在她身边，这不是很可爱：'）<3
47388,UgyPAmvkUntYoit6SJJ4AaABAg,90,4 years ago,happy chinese newyear. say hi to your lovely grandma.,快乐中纽约。对你可爱的祖母打招呼。
49181,Ugy7ko4BH_vUfS_hcY14AaABAg,71,4 years ago,another lovely video!! thank you so much,另一个可爱的视频！非常感谢
24971,Ugw04Uimwmp5r-6XhsZ4AaABAg,61,3 years ago,my greatest wish for china is that everyone could afford such a lovely life.,我对中国最大的愿望是，每个人都可以负担得起如此美好的生活。
26244,Ugz4x9jZf79qtb1MNMB4AaABAg.8zkpfxZ3kEy8zsIVAARk1n,44,3 years ago,"lovely, you are taking the first steps of treating your depression and eventually living the life you dream to live in! god bless!",可爱的是，您正在采取第一步来治疗抑郁症，并最终过着梦dream以求的生活！上帝保佑！
49862,UgxfcZpYpNLvxRKPSbp4AaABAg,40,4 years ago,5:56. 9:46. so cute so lovely.,5:56。 9:46。太可爱了。
5764,Ugxl3_aEEeHJs88R2VZ4AaABAg,35,2 years ago,"am i seeing a sheep? 

those puppies are so lovely
your channel won our hearts. so natural, so peaceful. ❤️❤️

","我看到绵羊吗？ 

那些小狗是如此可爱
您的频道赢得了我们的心。如此自然，如此和平。 ❤️❤️

nagaland"
45304,UgzSeHaJn7aYhJQSgsl4AaABAg,33,4 years ago,everything is so peaceful and lovely,一切都是如此宁静，可爱
50036,UgyQLkCzrfLZfBONlFh4AaABAg,30,4 years ago,happy chinese new year to li zi qi & lovely popo :),李齐和可爱的popo的农历新年快乐:)
50403,UgyBCstQm1VsXADTpWN4AaABAg,19,4 years ago,happy new year!! i wish i could taste all these lovely things!!!,新年快乐！！我希望我可以品尝所有这些可爱的东西！！！
31173,Ugz03KIX3v6YeTTntKV4AaABAg,17,3 years ago,your grandmother is so sweet and adorable! i love her so much! the way you shielded her from the bang of the popcorn made me smile so much. you all seem so lovely!,您的祖母是如此的甜蜜和可爱！我非常爱她！您将她免受爆米花的轰动的方式使我非常微笑。你们看起来都很可爱！
36616,UgxXfTt6VrYFQJURa5F4AaABAg,12,4 years ago,"youtube, sometimes i question the things you recommend to me. this isn't one of them. thank you for this, this is lovely.",YouTube，有时我会质疑您向我推荐的东西。这不是其中之一。谢谢你，这很可爱。
38089,UgwgDpA2C3QgnRFmkzN4AaABAg,10,4 years ago,amazing woman and i love all of her video so so so so so pretty and beautiful nice lovely,很棒的女人和我爱她的所有视频，如此如此漂亮，美丽的漂亮可爱
1008,Ugxhj-3OA7wNzL0b89R4AaABAg,7,7 months ago,"i hope you'll come back soon lovely liziqi
your videos relieve my stress and anxiety
i just wanna say thank you and i miss you so much","我希望你很快回来可爱的利兹奇
您的视频缓解了我的压力和焦虑
我只想说谢谢，我非常想念你"
46647,UgznRayRv0aCLiZInI54AaABAg,7,4 years ago,"those who compare li ziqi and little brother in western yunnan (https://www.youtube.com/chaannel/ucqg_fzadcunbtv1kwjkfaqq/videos?dis? pyright? you must be kidding!
those who compare li ziyi and the little brother in western yunnan are fools. what do they say? copyright blablabla, you must be joking!
these beautiful, smart and hard-working ladies are not competing. they are just directly doing some love, and sharing the beaouth and lovely lighting u. s.
these two smart women are not competing. they are just doing what they like, meaningful things, and then share the beauty of nature and life with us.
we are gathered on the channels because we lovephul nature and wonderful food. some people alway them and say some disgusting words. my opinion is that hard-working peoples are resied everywhere, and those who do nothing and talking bad are the most annoying. (my english is not very good)
we gather on these channels because we love beautiful nature and wonderful food culture. some people always use them to compare them and speak some disgusted words. my point is that the hard -working workers are respected no matter where they are, and those who do nothing to do anything are the most annoying.","Those who compare Li ZiQi and 滇西小哥 (https://www.youtube.com/channel/UCQG_fzADCunBTV1KwjkfAQQ/videos?disable_polymer=1) are fools, copycat? copyright? You must be kidding！
那些把李子柒和滇西小哥进行比较的人都是傻瓜，还说什么模仿者，版权blablabla，你一定是在开玩笑！
These beautiful，smart and hard-working ladies are not competing. They are just doing something they love, and sharing the beauty of nature and lovely lifestyle with us.
这两位聪明能干的女性不是在搞竞争，她们都只是在用心地做着自己喜欢的，有意义的事情，然后和我们一起分享自然与生活的美好。
We are gathered on these channels because we love beautiful nature and Wonderful food culture。Some people always compare them and say some disgusting words. My opinion is that Hard-working peoples are respected everywhere, and those who do nothing and talking bad are the most annoying.（My English is not very good）
我们聚集在这些频道是因为我们爱美丽的自然和美妙的饮食文化，有些人总要把她们拿来比较并说一些让人反感的话语。我的观点是，辛勤劳动者无论在哪里都受人尊敬，无所事事还口吐恶言的人是最让人讨厌的。"
24983,Ugw04Uimwmp5r-6XhsZ4AaABAg.9-yq5NvA-dW906bPqMHwZZ,7,3 years ago (edited),"dude, no offense but this is very usual daily life in chinese rural area, and we have much more ambitions for a better life than this. everyone in this world deserve a modern life. china is not what you think, or learning from the western media, china is much complicated than this, you should come here and see it yourself. but i do agree this is a very lovely life, just not very convenient",杜德（Dude），没有冒犯，但这是中国农村地区通常的日常生活，我们拥有比这更好的生活的野心。这个世界上的每个人都应该拥有现代生活。中国不是您的想法，也不是向西方媒体学习，中国比这要复杂得多，您应该来这里自己看看。但是我确实同意这是一种非常可爱的生活，只是不是很方便
1430,Ugz0z5fhSnU5jc0fpfx4AaABAg,7,11 months ago,"she is such a lovely girl & very hardworking also. the vibes of her video really attracts those people who are interested to rural area but they can't stay & they missed also the rural area's beauty. so from her everyone can get a sweet taste of it.
love from bangladesh liziqiโค๏ธโค๏ธ","她是一个如此可爱的女孩，也很努力。她的视频的共鸣确实吸引了那些对农村地区感兴趣的人，但他们不能留下来，他们也错过了农村地区的美丽。因此，从她那里，每个人都可以获得甜美的味道。
来自孟加拉国的爱情"
22587,Ugyj2E4_XI7nHeOrGyZ4AaABAg,4,3 years ago,"that is chestnut, the one she pick-up from the start of the video - right? you'e really a good chef, and got a lot of cooking talent and pretty face too, but i'm missing to see those beautiful smile from your lovely face... more power to you blog cause it helping a lot of people to understand the real fashion of cooking...",那是栗子，她从视频开始时就拿起了栗子 - 对吗？您真的是一个好厨师，也有很多烹饪才华和漂亮的脸蛋，但是我想念那些美丽的脸上的笑容。了解烹饪的真正方式...
31204,UgxBPmGw0xIG1aIl6ZF4AaABAg.8wR1zKZ8whC8w_Z_qsAIcP,4,3 years ago,she's lovely,她很可爱
41549,UgwmsxpTFt69pOmyP4p4AaABAg,3,4 years ago (edited),"it’s so calming and lovely to watch
i just wish the background instrumental music isn’t there or isn’t played throughout the whole video","看着很平静和可爱
我只希望背景乐器音乐不存在或在整个视频中都没有播放"
28663,Ugw2rjxLvt1r2euKffJ4AaABAg,3,3 years ago (edited),"omg thats sweet the lamb n puppy together following her, so lovely",天哪，这很甜蜜的羔羊n小狗跟着她，真可爱
3551,UgzE-Wod3VP1JCvclkF4AaABAg,3,1 year ago,lovely food .not added insects great,可爱的食物。不增加昆虫很棒
50533,Ugy97wmfNQ6qcGlXh0R4AaABAg,3,4 years ago,"wish you happy new year 
to lovely girl","祝你新年快乐
对可爱的女孩"
30633,UgzCbSF1mVfht7Lfj_t4AaABAg,3,3 years ago,man look at those lovely healthy snacks whilst we have what... graze boxes and chocolate dipped rice cakes๐ญ๐ญ,男人看着那些可爱的健康零食，而我们有什么...放牧盒和巧克力蘸米糕
26861,UgwZA9yogYkYkzF_T2x4AaABAg,3,3 years ago (edited),the sheep and puppies are so lovely,绵羊和小狗是如此可爱
31172,Ugya7qXwjL47BST99bx4AaABAg,2,3 years ago,"how lovely you are and your works โคโค i really feel lucky to see youโคโคโค
love and respect form bangladesh ๐","你有多可爱，你的作品我真的很幸运见到你❤❤❤
爱与尊重形式孟加拉国"
42461,Ugz42-dZATW_txiTGyZ4AaABAg,2,4 years ago,"lovely video
hen hao!","可爱的视频
hen hao！"
48134,Ugxsgf77Op-o-xNSbWh4AaABAg,2,4 years ago (edited),"so lovely craftsmanship of her food and lifestyle. i love the scenery and also love,care that is put in all of her food.",她的食物和生活方式是如此可爱的工艺。我喜欢风景，也喜欢爱，照顾她所有的食物。
30374,UgwKsv0QAMgwnAxm1Cx4AaABAg,2,3 years ago,the lovely sheep puppies !! โคโคโค,可爱的绵羊小狗！
26318,Ugz4x9jZf79qtb1MNMB4AaABAg.8zkpfxZ3kEy92ZwdBx6H1i,2,3 years ago,"good for you, bro ๐‘, and that how positive way of life of ziqi can affect people, i'm too be inspired. cheers for our lovely lady.",兄弟对您有好处，Ziqi的积极生活方式会影响人们，我也受到启发。为我们可爱的女士欢呼。
11672,UgxMyFohOuxhbfSynHt4AaABAg,2,2 years ago,i feel so useless when i see her doing her thing...โจ lovely โจ,当我看到她在做她的事情时，我感到毫无用处...✨可爱✨
23332,UgytiSxxVbO8dtfVqGp4AaABAg,2,3 years ago,"how cute, you have dogs and lamb following you everywhere. using that outside oven you made with your own hands is awesome. that large wok is amazing. your'e so loving with your grandma, which is lovely to see.",多么可爱，您到处都有狗和羔羊跟随您。用自己用自己的手制成的外烤箱真是太棒了。那大炒锅很棒。你们对奶奶如此热爱，很高兴看到。
19611,Ugy2yHiwbn7w20m4KWR4AaABAg,2,3 years ago,dream life ..full stock of handmade food with lovely place and cute puppies,梦想生活..充满手工食品的库存，可爱的地方和可爱的小狗
32890,UgzEGtY7Y-jcZ4dWeRB4AaABAg,2,4 years ago,this is lovely well done you it's so magical xxxxxx,这真是太好了，你真是太神奇了xxxxxx
20858,UgzUuv4wq4-uwWnBcc14AaABAg,2,3 years ago,"stunning photography, scenery (where is this filmed in china), and lovely young lady who is very talented. her grandmother is fortunate to have her. thank you for doing these videos.",令人惊叹的摄影，风景（这是在中国拍摄的地方）和很有才华的可爱小姐。她的祖母很幸运能拥有她。感谢您制作这些视频。
25526,UgyRi9iCUNzJnRYIds54AaABAg,2,3 years ago,"i wana visit your place once ..lovely ..its like heaven๐
love from india","我想拜访你的家一次.. lovely ..它像天堂
来自印度的爱"
25455,UgwSu0uDkFvQraLDnrV4AaABAg,2,3 years ago,grandmaโ€s hat is so lovely ๐,奶奶的帽子是如此可爱
48489,UgxXXIbNChtL-954PKl4AaABAg,2,4 years ago,"the lovely ziyi is really exquisite in craftsmanship and unique taste. i wish you a happy new year, prosperous year of the pig, good luck ~",可爱的子柒真的手艺精湛，而且独具品味，祝福妳新年快乐，猪年旺旺，好运连连～
33458,UgxFx6YsKpm-3R7RJ6d4AaABAg,2,4 years ago,you're quite lovely and your videos are very relaxing and enjoyable. thank you!,您非常可爱，您的视频非常放松和愉快。谢谢你！
7274,UgwCnFQhIGt1iHFF_854AaABAg,2,2 years ago,lovely china~ ♡,可爱的中国〜♡
39489,UgxjfURUD54bctxPPmp4AaABAg,2,4 years ago,its such a modest and lovely way of living and cooking.,它是一种适度而可爱的生活和烹饪方式。
10673,Ugxr-LQVYRCSNnhz-It4AaABAg,2,2 years ago,the lovely snacks have a new year atmosphere. it makes people feel lively and warm.,可爱的小吃有新的一年气氛。它使人们感到活跃和温暖。
4338,UgysBWH_2YZ9tA-Eazt4AaABAg,2,1 year ago,"hi my dear liziqi, my lovely liziqi 
i like your video, i love u very very much. i am little baby mahiba islam pata. i live in bangladesh . where are you live in??????","嗨，我亲爱的liziqi，我可爱的liziqi
我喜欢你的视频，我非常爱你。我是小宝贝大教堂伊斯兰帕塔。我住在孟加拉国。你住在哪里？"
50584,UgyIf9B7LC3o_ShFBdJ4AaABAg.8qlh0C1jtGZ8qm1rQgGA9h,1,4 years ago,that's lovely! :),这是可爱的！ :)
8820,UgyIqnDvtk99LFNi4wF4AaABAg,1,2 years ago,"what a well done, lovely. straight sight. and how you love grandmother. that's why millions of views",做得好，可爱。直视。以及你如何爱祖母。这就是为什么数百万观看的原因
19702,Ugw8zVfijnF81fkgXTV4AaABAg,1,3 years ago,i want to visit this place ... lovely ❤️❤️ heaven on the earth ...i'm stuck of this city and its pollution and fucking office work.. really i ❤️ their work,我想去这个地方...可爱的❤️❤️天堂在地球上...我被这座城市及其污染和他妈的办公室工作。
50872,Ugxk7Tr2ABeYCHcVdTt4AaABAg.8qlcLA7JNVW8qlpAuRPeQB,1,4 years ago,"hahahaha, this transliteration is really lovely",哈哈哈哈，这种音译真的很可爱
32873,UgwBeE7QVCt3Pz3scTJ4AaABAg,1,4 years ago,i watched this until finish in order to see her lovely grandma face. and i hate myself when it doesnt exist,我一直看着这个直到结束，以看到她可爱的奶奶脸。我讨厌自己不存在
20771,Ugy9qpOjf4-T3x5RkzV4AaABAg,1,3 years ago,what a lovely environment n snacks n most of these snacks i still hv the blessings to enjoy dm in my pakistan,零食多大的零食，大多数这些小吃，我仍然祝福在我的巴基斯坦享受DM
40581,UgxPQZEBg0LtcQld_1R4AaABAg,1,4 years ago,lovely,迷人的
21155,UgwBs62ydppk-8Bk1M94AaABAg,1,3 years ago,look the dogs so cuteee and her lovely sheep ๐,看着狗真可爱和她可爱的绵羊
21361,UgwFQ1jXK9KTrgUJW754AaABAg,1,3 years ago,she's lovely,她很可爱
11906,Ugy__xvH0iVBoIvdTn54AaABAg,1,2 years ago,"she behaves like a k drama heroine
lovely ๐’•๐’•๐’•๐’•๐’•","她的行为就像是K戏剧女主角
可爱"
37363,UgxkG1d2Vaq6MI_llFd4AaABAg,1,4 years ago (edited),dog lovely,狗可爱
22047,UgywP34BxXmjaMn313p4AaABAg,1,3 years ago,lovely โค,可爱❤
22380,UgxeFpyrL7XWhqRU1PN4AaABAg.92xnq6f9oza93bvYyb3PC3,1,3 years ago,"i like the warmly, lovely image. we make a video to comment.",我喜欢热情，可爱的形象。我们制作一个视频来发表评论。
32102,UgyCChAq1jg5eymF2Cl4AaABAg,1,4 years ago,i like your videos better without music. the sound is so crisp and clear and lovely all on its own. the music distracts from it,我没有音乐，更喜欢您的视频。声音本身就是如此清晰，清晰可爱。音乐使它分心
36145,UgzNrRFf3VzthhtF9Dp4AaABAg,1,4 years ago,wow yammy best channel ever i love it keep it up your grand mother is very lovely too๐.,哇，Yammy最好的频道，我喜欢它，请继续保持您的大母亲也很可爱。
4781,Ugze8CE3383hC-7hOsF4AaABAg,1,1 year ago,"what a lovely video. beautiful cinematography, beautiful people....",多么可爱的视频。美丽的摄影，美丽的人。
5135,Ugy9axFkhBfqmrFSLnV4AaABAg,1,1 year ago,so so lovely,如此可爱
44548,Ugw4B_1b5i7OnS16bS14AaABAg.8rCXt9otn7j8rLLpb2-hY2,1,4 years ago,"huma first thank you for your comment. well , i am still happy i found her videos, it's like a breeze of fresh air in this ugly world we live in, crowded by ugliness, bad manners and hatred. she is lovely and her videos are not noisy or full of fuss....
again, thank you for your comment","Huma首先感谢您的评论。好吧，我仍然很高兴我找到了她的视频，就像在我们生活的这个丑陋的世界中微风吹拂的新鲜空气，被丑陋，不良的举止和仇恨拥挤。她很可爱，她的视频并不吵或大惊小怪。
再次感谢您的评论"
24068,UgyxHkfjPqGetkT5qjR4AaABAg,1,3 years ago,hey..you have a lovely animals like puppy..goat,嘿..你有一个像小狗一样可爱的动物。
5864,UgzlKJYcg79MA8oCowR4AaABAg,1,2 years ago,do you sell your lovely garments on line and what age groups etc....do you make sleepwear at all...night gowns ...???.simply love that incredible purple coat ...thank you kindly ...is it possible to buy on line ...???...,您是否在线上出售您可爱的衣服以及哪些年龄段等。...您根本做睡衣...夜礼服... ???。简单地爱那种令人难以置信的紫色外套...谢谢...可以在线购买吗？
19505,UgwJV_vfrpKEnbQP4D14AaABAg,1,3 years ago,now i feel like seeing the actual spring festival.... so lovely,现在我想看到真正的春节。
49896,UgxLFOz8BKAHMWJyAkp4AaABAg,1,4 years ago,happy new year lovely one.,新年快乐可爱。
43573,UgyZYa4tvQca0SLeM-d4AaABAg,1,4 years ago,wow the video quality and the content itself is so relaxing to watch .. well my first time seeing ur videos today .. ur so lovely too .. keep it up,哇，视频质量和内容本身令人放松。
33334,UgwAGADMqgzYcrx9gP94AaABAg,1,4 years ago,wow this lovely lady is amazing! i gladly make an exception and watch all her ads.lol,哇，这位可爱的女士很棒！我很乐意做一个例外，看着她所有的广告。
13050,UgxY6_Unq2kljH3neix4AaABAg,1,2 years ago,pop corn 6:00 that jump was soooooooooo lovely,流行玉米6:00跳跃很可爱
48820,UgwR4wqnSFMVhNscbIh4AaABAg,1,4 years ago,"your r different from other people,you r ausome,hard working lady u r .your video make me relax l was thinking that u r not form world....and u have lovely grand mother...",您的r与其他人不同，您是ausome，努力工作的女士。
11294,UgxWHCHMraFSsndhmqp4AaABAg,1,2 years ago,lovely scenes about mother nature and a talented diligent girl......https://youtu.be/1hznsbjczc0,关于大自然母亲和一个有才华的勤奋女孩的可爱场景……https：//youtu.be/1hznsbjczc0
52319,UgzoVFTcqe2ex4bEovB4AaABAg,1,4 years ago (edited),my dream home is your place. lots of fresh fruits and vegetables around the house. the scenery is lovely too.,我梦dream以求的家是你的住所。房屋周围有许多新鲜的水果和蔬菜。风景也很可爱。
30629,UgzMmRk6M7zCwSyObEF4AaABAg,1,3 years ago,hi im new to your channel and i like what you do and how your so creative of what you do and the things you make and how they turn out very lovely at what you do keep it up,嗨，我是您的频道新手，我喜欢您的工作，以及您如何创造自己的工作以及您所做的事情以及它们如何非常可爱的事情，
27949,UgxE8GMWmRQ0pNuBUe54AaABAg.8yxVfjb9y3A8zEE-38RzH-,1,3 years ago,"i, too, am a lovely who decided to come here after mario maker... and iโ€m glad i did",我也是一个可爱的人，决定在马里奥制造商之后来这里...我很高兴我做到了
14039,UgzjZxGQ0S1LdU58aDh4AaABAg,1,2 years ago,5:57 lovely❤️❤️,5:57Lovely❤️❤️
2542,UgwP1ACkM1cnjWijE_l4AaABAg,1,1 year ago (edited),"she has the whole world at home 
lovely","她在家中拥有整个世界
迷人的"
30723,UgwkC3U2cPYuJWya2iB4AaABAg,1,3 years ago,you have a lovely grandmother god bless her and you i have love and respect for you2โฅ๏ธโฅ๏ธ,你有一个可爱的祖母上帝保佑她，而你我对你有爱和尊重2♥♥♥父
24509,Ugx53-56pJUMNxKDii54AaABAg,1,3 years ago,"two dogs and one sheep follow her,so lovely!",两只狗和一只绵羊跟着她，真可爱！
15421,Ugy5lFktCLCqCDsFLeF4AaABAg,1,3 years ago,"these videos are seriously such a lovely calming thing to watch, i saw the potato video and fell down a rabbithole because every video is equally as captivating!",这些视频非常认真地观看，我看到了土豆视频，并掉下了一个拉比索尔，因为每个视频都同样令人着迷！
30892,UgyI2q84avVDLPG47W54AaABAg,1,3 years ago,her 3 lovely pet is one of my favorite๐,她的3只可爱的宠物是我最喜欢的
33959,UgxQ4obKp7Mzrv-Mbi54AaABAg.8vAAkm2tSd49BQt92kGu1W,1,2 years ago,"@warpnin3 
it is mind-boggling how so many have decided to air grievances because of this video, which shows how these people gather and prepare foods, which cost a pretty penny in health food stores.
the very ones throwing darts back and forth either have to pay the high cost of natural nutritious food or ""junk it"".
no one asked them nor expects them to give up their high mortgages and credit card debts.
it is some other ones lifestyle, not for all, but nevertheless, an excellent one.
(i think it's the sugar or something in the water being out all that anger.)
i am 70, living in a bit of not too rural area, but away from the town in my homeland.
finally, i am planting food and more ""overjoyed"" than stevie because it's a truly lovely experience, after years in the corporate world.
i never wanted it, but my mother impressed upon me that going to school, then getting a good job and hopefully, a pension, was necessary.
no!
i wanted to draw, sketch, paint, design!
i did some, and custom make my clothes all of my life.
but, i never continued with that part of my desires.
so, this skinny grandmother is learning five languages and gardening.
i'm not done living yet!","@warpnin3
令人难以置信的是，由于这段视频，有多少人决定宣布申诉，这显示了这些人如何收集和准备食物，这在健康食品商店中花费了一分钱。
那些来回扔飞镖的人要么必须支付自然营养食品的高昂费用，要么必须“垃圾”。
没有人要求他们也没有期望他们放弃他们的高抵押贷款和信用卡债务。
它是其他一些生活方式，不是所有的生活方式，但仍然是一种出色的生活方式。
（我认为这是糖或水中的某些愤怒。）
我今年70岁，住在不太农村地区，而是远离我家乡的小镇。
最后，我正在种植食物，比Stevie更“高兴”，因为这是一次真正可爱的经历，经过多年的企业世界。
我从来没有想要它，但是我母亲给我留下了深刻的印象，那就是上学，得到一份好工作，希望退休金是必要的。
不！
我想画，素描，绘画，设计！
我做了一些，并习惯了一生。
但是，我从未继续遵守自己的欲望。
因此，这个瘦的祖母正在学习五种语言和园艺。
我还没有生活！"
33807,UgxQ4obKp7Mzrv-Mbi54AaABAg.8vAAkm2tSd48y0ld3t1kgX,1,3 years ago,"@ingestrauss3826 that's very true.. but if not for some of the hardships that have been created from development.. we wouldn't have the immense pleasure of watching and being inspired by this lovely family on an electronic device.. so , there is that.",@ingestrauss3826是真的。但是，如果不是因为开发产生的一些困难。.我们不会在电子设备上观看和受到这个可爱的家庭的启发。那。
40036,Ugw0zE0-EotIgMlL4IN4AaABAg,1,4 years ago,5:57 to care grandma with lovely fear- awesome,5:57用可爱的恐惧照顾奶奶 - 很棒
34698,UgwkTkPL1RSOVusRGth4AaABAg,1,4 years ago,"you're so pretty and lovely ~ it's a clean, refreshing and delicious video that makes you feel good and smooth. grandma is healthy ~ the main character is always happy as it is now ~~ โก",它是如此漂亮可爱〜它干净清爽，美味的食物既好又光滑。奶奶很健康〜主角总是很快乐，因为现在~~♡
18956,UgxAryoPCM8dkD0AtbR4AaABAg.96OGs3x7ABz96U3UGUZXjg,1,3 years ago,lovely,迷人的
39200,UgzqR1spLi70ymQDGJ94AaABAg,0,4 years ago,2 puppies and a lamb made my day... so lovelyโค๏ธโค๏ธโค๏ธ,2只幼犬和一只羔羊让我一天...太可爱了❤️❤️❤️
39688,UgyUF-kand6vAHUupFp4AaABAg,0,4 years ago,lovely video. subtitles . i saw one wrong thing in the translation. she made salted sunflower ๐ป seeds not melon ๐.,可爱的视频。字幕。我在翻译中看到了一件错误的东西。她做了咸的向日葵
42355,UgxqBv4GamO26TpQwYV4AaABAg,0,4 years ago,"what a lovely day! share a spring warm with family, and all made by self, and pick it up freshly in your gardens.. love from indonesia!",多么美好的一天！与家人共享一个温暖的春天，全部由自我制造，然后在您的花园里刚捡起它..来自印度尼西亚的爱！
39103,Ugz9piOGZmmRZcHLX0l4AaABAg,0,4 years ago (edited),"this is by far the best 10 minutes i have ever spent on youtube ,lovely , calmfull and peacefull music .i am amazed with the way most recepies are done here but regarding the way the popcorn is made ..waaw ,never seen anything like it ... what is the name of the baric chamber where you pour the corn pips in ? anyone ?",这是我在YouTube上度过的最好的10分钟，可爱，冷静和和平的音乐。我对大多数回收的方式感到惊讶，但是关于爆米花的制作方式。.Waaw，从未见过这样的东西...倒入玉米的Baric室的名字是什么？任何人 ？
39892,Ugw5ZYCX5T3DleMa-HZ4AaABAg,0,4 years ago,lovelyโคโคโค,可爱
39975,UgxKiCgE95RPnb6z9UB4AaABAg,0,4 years ago,lovely li.,可爱的李。
42205,UgzONjMFoQksKftmLQF4AaABAg,0,4 years ago,thus is lovely!,所以很可爱！
42140,UgwUgFUCjOtaA8JZPaR4AaABAg,0,4 years ago,wow..shes so lovely...i would love to live with her and her family and help out...this is how you truly live!!!,哇。
40594,Ugx613JfAGuf9vbbwoN4AaABAg,0,4 years ago,"the girl is lovely, knowing how to find happiness in her place. really hope ly that can find a partner. live with her in the fairy.",这个女孩很可爱，知道如何在她的地方找到幸福。真的希望能找到合作伙伴。和她一起住在童话中。
40640,UgwTbjNd5BhKpxXiH-h4AaABAg,0,4 years ago,"beautiful.
i feel lovely to work in a hurry","美丽的。
我很高兴工作很高兴"
40714,Ugw3Ph2rNga7WOsv4s54AaABAg,0,4 years ago,it's just me or at 5:17 kinda remembered me digimon song? and the video itself makes me feel like i'm in heaven since it's so calm and lovely. but i know that since i've been raised in a city i'll never survive normally like her. you are awesome <3,只是我还是5:17记得我的Digimon歌曲？视频本身使我觉得自己在天堂，因为它是如此平静和可爱。但是我知道，自从我在一个城市长大以来，我将永远无法像她那样正常生存。你很棒<3
40937,UgyUZxSGEifiLqmJvOR4AaABAg,0,4 years ago,"so sweet beautiful cute pretty ,,lovely very good job,,best off luck gd bless you,,,,",如此甜美美丽的可爱漂亮
41083,UgxL7zHQ-lWqBkFpYEh4AaABAg,0,4 years ago,all of your snacks are lovely it was a complete privilege to watch this video much apreciated!!!,您所有的小吃都很可爱，观看这部视频的完全荣幸！！！
41115,UgwH6Snqn7lSfYj-_cJ4AaABAg,0,4 years ago,what a lovely lifestyle i like this so mcch,我喜欢这个多么可爱的生活方式
40418,UgwmVeEU1gALmr1px754AaABAg,0,4 years ago,lovely and yummy,可爱又好吃
42524,UgyGnxpvaWlWDRXaDe94AaABAg,0,4 years ago,such a beautiful video...i loved it a lot.. n the cute puppys n sheep the way they were following is just amazing and lovely lot of love to them,如此美丽的视频...我非常喜欢它.. n可爱的小狗N绵羊像他们所关注的方式真是太神奇而可爱的爱对他们很可爱
41372,UgyG1W2y_xEwj8DXQFN4AaABAg,0,4 years ago,that is so much work but looks lovely,那是如此多的工作，但看起来很可爱
41523,UgzChSHHQTP4kkABrEl4AaABAg,0,4 years ago,i like this woman....you're lovely,我喜欢这个女人....你很可爱
40180,UgzD-UU15XU5Tep0nad4AaABAg,0,4 years ago,lovely,迷人的
41554,UgyL1HKK2YVyXtd_OJd4AaABAg,0,4 years ago,<3 lovely! such a skillful lady. i wish i'll have a wonder woman like her in my life!! ^0^,<3可爱！如此熟练的女士。我希望我一生中有一个像她这样的神奇女侠！！ ^0^
39987,UgwWV0D1YdHZnMyzerx4AaABAg,0,4 years ago,lovely,迷人的
41586,Ugz1_lboBmJZVGljQ254AaABAg,0,4 years ago,lovely view!,可爱的景色！
41597,UgxH9NSM9uH8zUf20k54AaABAg,0,4 years ago,lovely girl,可爱的女孩
42085,UgwLV3Wm9IWHrhAw6dd4AaABAg,0,4 years ago,omg which place is this? so lovely... i want to go thr..,天哪，这是哪个地方？太可爱了...我想去。
39934,Ugz9RjleGh25Z5RKL4l4AaABAg,0,4 years ago,"the way she try to get away from the dogs, it doesn't seem very lovely. i am sorry to say that.",她试图摆脱狗的方式似乎并不可爱。我很遗憾地这么说。
41347,Ugzm6kD-jANsyrC_hvt4AaABAg,0,4 years ago,how lovely,多么可爱
45294,Ugx8h3aSfv3zlKzsQF54AaABAg,0,4 years ago,such a heart work she is doing lovelyyyyy,她正在做可爱的人的心脏工作
42613,UgzNwIDNCLGZuH-Z0hN4AaABAg,0,4 years ago,lovely dear.....,可爱的亲爱的.....
42846,UgzzoULC8x6Rx-xvXBZ4AaABAg,0,4 years ago,"lovely ,peaceful great videos ! i wish i was there !",可爱，和平的伟大视频！真希望我当时也在 ！
47591,Ugw5u2MyYRbYEgc9n194AaABAg,0,4 years ago,"i like ur house u so lovely lady and good girl for take care of ur mom.
love u","我喜欢你的房子你真可爱的女士和好女孩，以照顾你的妈妈。
爱你"
47895,UgzN6tIwGgNBsXZ8RV14AaABAg,0,4 years ago,lovely........vedios,可爱........ Vedios
48034,Ugy2CRjUX5TAxGl3SAN4AaABAg,0,4 years ago,the most lovely li li,最可爱的李
48037,Ugz4MQLi3QFSqJj80jF4AaABAg,0,4 years ago,lovely!,迷人的！
48218,Ugwd7P77vZ9DFe4Vvpt4AaABAg,0,4 years ago,lovely,可爱了
48919,UgxFNvPsbj8yUcmiOB94AaABAg,0,4 years ago,"does anyone know what is going on? like, why are these videos so well produced? who produces them? where on earth are they filmed? these videos baffle me so much i wish i could read chinese so i could understand. it's like a cooking show/lifestyle vlog/also making furniture and stuff, but it's also obviously scripted and produced? i'm so confused. anyway the videos are lovely they're like live action studio ghibli",有人知道发生了什么吗？就像，为什么这些视频如此精心制作？谁生产它们？他们在哪里拍摄？这些视频使我感到困惑，我希望我能阅读中文，以便我能理解。这就像烹饪表演/生活方式视频博客/也制作家具和东西，但显然也是脚本和生产的？我很困惑。无论如何，这些视频很可爱
48966,UgxSYCe7wt6gb4cQ8SN4AaABAg,0,4 years ago,those lovely little animals hanging out with you. so sweet. :3,那些可爱的小动物和你一起出去玩。如此甜蜜。 ：3
49388,UgxQAg7zCPVROXMvYll4AaABAg,0,4 years ago,in the world beautiful girl and verry good jab realy lovely ummmm ma love you god bless you,在世界上美丽的女孩和经历的好戳刺真的可爱的ummmm ma爱你上帝保佑你
49433,Ugxw9ZjbJyOIzRt5FcF4AaABAg,0,4 years ago (edited),"0:24 three lovely classes
10:05 hahaha","0:24 可爱的三个跟班
10:05 哈哈哈"
49511,UgzhkzdxoQsc84yXsCF4AaABAg,0,4 years ago,happy new chinese year lovely girl,新中国新年快乐的女孩
49772,UgyPFMgXuVoClYcLnVh4AaABAg,0,4 years ago,lovely bonding between you and your pets,您和您的宠物之间的可爱纽带
49962,Ugw2hV8wT65mR66mAfR4AaABAg,0,4 years ago,lovely,迷人的
49978,UgwBAorVTw8bHUPgA1J4AaABAg,0,4 years ago,who's the luckiest gay???? you are a lovely and such a wonder women i never seen before!!!!!,谁是最幸运的同性恋？？？你是一个我以前从未见过的可爱和如此的神奇女人！
49992,UgyFLGSucp5uyFqPYdl4AaABAg,0,4 years ago,you great and lovely,你很棒可爱
50299,Ugz4NzxzuW7YsyZVU7N4AaABAg,0,4 years ago,mmm! that's lovely. what patience to cook.,嗯！这是可爱的。做饭的耐心。
50501,Ugw_bWBZl7HFbhcgUlF4AaABAg,0,4 years ago,all these things are preparing for enjoying our lovely stomach,所有这些事情都在准备享受我们可爱的胃
50704,UgwEH468DVaKbT6giO14AaABAg,0,4 years ago,so lovely to watch your video,很高兴观看您的视频
50868,Ugzyml7ghMU4N6Nrv_54AaABAg,0,4 years ago,this looks lovely!,这看起来很可爱！
50960,Ugx8LqIjkHMJ8OgHIbZ4AaABAg,0,4 years ago,wow..u r all videos are lovely..,哇..所有视频都很可爱..
51433,UgwjMAZwYYJq1eWBy8x4AaABAg,0,4 years ago,i wish i understand what you said. so lovely...,我希望我明白你说的话。好可爱...
51597,Ugz-6nEZ3OmVIbUTw4d4AaABAg,0,4 years ago,"enjoyed fully, lovely",享受完全可爱的
52367,UgxP9JB78awEXkz7VHR4AaABAg,0,4 years ago,lovely inspiration.... beauty and fresh food... your amazing and great job!!,可爱的灵感....美丽和新鲜食物...您的出色工作！
52554,UgxkFubg5tyTHDpY9ep4AaABAg,0,4 years ago,always in a expectation ..... to ur video.... u and those lovely kids .... awesome...love you from india. ❤❤❤❤❤❤❤❤❤,总是期望.....您的视频....你和那些可爱的孩子....很棒...来自印度的爱你。 ❤❤❤❤❤❤❤❤❤
47368,UgxajZVU-ArZ2lS1phh4AaABAg,0,4 years ago,it's lovely,很可爱
47229,Ugzdom7pI9I_Z2EvbDB4AaABAg,0,4 years ago,lovely,可爱
46999,UgxmS7a5D-2yZg8KtC94AaABAg,0,4 years ago,"what a lovely girl with attitude and so many talent you have, salute.. btw.. happy chinese new year from indonesia",多么可爱的女孩，有着态度和如此多的才华，致敬..顺便说一句。
45251,UgyT0510OezDunqReO94AaABAg,0,4 years ago,it's lovely!,很可爱！
42894,Ugx_SVc6lqJJAIUFTj14AaABAg,0,4 years ago,may god alway's bless you..tq for give me one lovely joy..tq again..,愿上帝一直祝福你..
42916,UgyjINGkat6CQfhuTX54AaABAg,0,4 years ago,hi lovely sister. i m a big fan of urs.,嗨，可爱的姐姐。我是URS的忠实粉丝。
43233,UgwtAT4tjD9833uYG1V4AaABAg,0,4 years ago (edited),"the sound effects... the clanking, the chopping, the knocking, the pouring, the frying, the stirring, the popping, the crispy, the paper folding.. except for human and lovely little animals sounds
by the way, did anyone notice that her outdoor oven is a doggie face","声音效果...弯曲，切碎，敲门，倒倒，煎炸，搅拌，弹出，脆皮，纸张折叠..除了人和可爱的小动物听起来
顺便说一句，有人注意到她的户外烤箱是狗狗的脸"
43307,UgwdKdJXoekQtDB3KZ14AaABAg,0,4 years ago,i cried because she’s so lovely and it’s a blessing to see this.. i’m pregnant might explain why i cried,我哭了，因为她是如此可爱，很高兴看到这个..我怀孕了可能解释为什么我哭了
44188,Ugz-lVq1J0dX6Ki5odZ4AaABAg,0,4 years ago,"wow, you can cook. i love your setup too, with the lovely old-fashioned stoves with logs and wood pieces/sticks burning below. relaxing and cheerful and cozy and uplifting and inviting.",哇，你可以做饭。我也喜欢您的设置，带有可爱的老式炉子，下面有原木和木材/木棍。放松，开朗，舒适，令人振奋和诱人。
44234,Ugz4o6Cha8c9tr9QSh54AaABAg,0,4 years ago,"lovely cooking
lovely cook
love from iran","可爱的烹饪
可爱的厨师
来自伊朗的爱"
44280,Ugx8D6r0Sc-iBea5h-V4AaABAg,0,4 years ago,it's lovely,很可爱
44529,Ugy1XVIxWd60hSnWa7p4AaABAg,0,4 years ago,so lovely,好可爱
44633,UgwEiXzPW0TLi0_aaCx4AaABAg,0,4 years ago,so beautiful to watch. how confident is she with all that cooking. it's so lovely how all the pets are following her around. she's also so sweet to her grandma. it reminds me of how i was with my grandma when i was little.,如此美丽。她对所有烹饪有多自信。所有的宠物都在跟着她周围跟随她真是太可爱了。她对奶奶也很甜蜜。这让我想起了我小时候和奶奶的样子。
44962,UgzMK1S-PxpjCzJ9RVx4AaABAg,0,4 years ago,lovely video!!,可爱的视频!!
38261,UgztUIjhG7MaHMK6XYl4AaABAg,0,4 years ago,"lovely, made me wanna live there too:''",可爱，让我也想住在那里：''
46918,UgySra2ETu3FgbgoeZV4AaABAg,0,4 years ago,it's so lovely.... i would like to have a life like that too.. natural !,太可爱了。...我也想拥有这样的生活..很自然！
45355,Ugxc9MfMbD59FTS-QZV4AaABAg,0,4 years ago,lovely.please add english subtitles,可爱。请添加英文字幕
45478,UgxVamKc-6ESm8Nk3vt4AaABAg,0,4 years ago,lovely family and animals,可爱的家庭和动物
45563,UgyUGgX7DHR3QEBks1J4AaABAg,0,4 years ago,the two puppies and the sheep ... lovely companions,两只小狗和绵羊...可爱的同伴
45608,Ugw_i9LW4F40IIFXHcV4AaABAg,0,4 years ago,happy chinese new year! lovely video.,农历新年快乐！可爱的视频。
46115,UgwkpFGa9X1sd68Gkzd4AaABAg,0,4 years ago,how is everything so perfect? and i love your house and farms! also those baskets and utensils you use...i'm dreaming of those lovely baskets. also...consider an extra like from me for those cute little furbabies following you around!,一切如何如此完美？我爱你的房子和农场！还有您使用的那些篮子和餐具...我梦想着那些可爱的篮子。另外...考虑一下那些可爱的小furbabies跟随您的额外的东西！
46158,UgxFAo6Q0Y3UfY9uCYd4AaABAg,0,4 years ago,lovely,可爱的
46209,UgzttEaJGoUgxky4gIR4AaABAg,0,4 years ago,this is so soothing and lovely to see all the items prepared from scratch,看到所有从头开始准备的物品，这真是太舒缓了
46261,UgypaO7MojCcr5BE0Yt4AaABAg,0,4 years ago,lovely,迷人的
46311,Ugy7JSRP0-FiAoih3gl4AaABAg,0,4 years ago,so lovely..,太可爱了
46789,Ugz6Yl070G25UL9Unmp4AaABAg,0,4 years ago,lovely video i watch all ur videos n ur all videos are perfect n this one is awesome bcz u hav shown all those things which we see in the markets only thnx alot...but still waiting for the methods in english,可爱的视频，我观看了所有视频n ur your所有视频都是完美的，这是很棒的bcz u hav显示了我们在市场上看到的所有这些东西，但仍在等待英语的方法
38333,Ugx6qaYihEZ-iTkBKKp4AaABAg,0,4 years ago,lovely girl beautiful girl ๐‘ง perfect,可爱的女孩美丽的女孩
387,UgwpkPWpRX1ahqZTR_t4AaABAg,0,2 months ago,lovely ❤,可爱❤
38222,UgyHgA4TlTGIJhaeo7V4AaABAg,0,4 years ago,how lovely :),多么可爱 ：）
15692,UgwJJyB7wBzWxz744uZ4AaABAg,0,3 years ago,"one correction the seeds fried in salt r sunflower seeds
lovely vdo as always","一种纠正在盐r葵花籽中油炸的种子，而不是瓜子，！
一如既往可爱的VDO"
12354,UgwkRQ1-eGzVXx66KTZ4AaABAg,0,2 years ago,very lovely ❤️❤️,非常可爱的❤️❤️
13142,UgybBUX-OZiEl7z2DMd4AaABAg,0,2 years ago,"where she is from, she is rich but by western standards, she is not. i'd rather be rich in skill, fresh produce, and care, then have a chef cook for me, it looks like her and her family help the village a lot, lovely video.",她来自哪里，她很富有，但按照西方标准，她不是。我宁愿富有技巧，新鲜的农产品和关怀，然后为我提供厨师厨师，看起来她和她的家人对村庄有很多帮助，可爱的视频。
13215,Ugx3e6ElVt6RyFfC1214AaABAg,0,2 years ago,"it’s so nice, lovely, and relaxing to live in a countryside",住在乡村真是太好了，可爱和放松
13314,UgzXbB_ocYvBTb2d02x4AaABAg,0,2 years ago,lovely.....,迷人的.....
13475,Ugyldax9kkrTro0zJnZ4AaABAg,0,2 years ago,"this lovely girl is just an encyclopaedia of foods. 
so far, i have seen she almost covered all kind of major vegetables and fruits, which appeared in her videos. 
it’s seem that every kind of foods, she will find a way to cook it at a professional level.","这个可爱的女孩只是食物的百科全书。
到目前为止，我已经看到她几乎涵盖了各种主要的蔬菜和水果，这些蔬菜和水果出现在她的视频中。
似乎各种食物，她都会找到一种在专业水平上烹饪的方法。"
13480,UgzVS2hajQhVqjzMyeN4AaABAg,0,2 years ago,this is happiness. ..lovely,这是幸福。 ..迷人的
13682,UgyvXj7Tc4kBh_P8YLZ4AaABAg,0,2 years ago,she is my lovely wife from china☺️☺️,她是我可爱的妻子来自中国☺️☺️
14261,UgzRs8cXLmx-H4tz5bp4AaABAg,0,2 years ago,"this video is meaningful, both love and value
that sister is so gentle and lovely
extremely support","该视频有意义，爱与价值
那个姐姐是如此温柔可爱
非常支持"
14420,UgwBp30UfPCARFWGA094AaABAg,0,2 years ago,lovely,迷人的
14748,UgwFJd3wVpAPDdqEHAR4AaABAg,0,2 years ago,that's lovely,这是可爱的
15708,Ugx6pauJvoKq72W9W2F4AaABAg,0,3 years ago,lovely video ❤ but how mango has no seeds?!!,可爱的视频❤但是芒果如何没有种子？
11293,Ugxqaxaeg6VEteVW9hZ4AaABAg,0,2 years ago,lovely!,迷人的！
16210,Ugz15Q1LGrCJcZWz7G54AaABAg,0,3 years ago,the sheep is so lovely,绵羊是如此可爱
17217,Ugwwmo-HqseFylnUJFh4AaABAg,0,3 years ago,how lovely !,多么可爱 ！
17775,Ugw5utCcfQ1FRVVk9wp4AaABAg,0,3 years ago,lovely day.,美好的一天。
18167,UgzSO8yxox53Rx2Um394AaABAg,0,3 years ago,how lovely,多么可爱
18700,UgxTIb93H24pSIte_LR4AaABAg,0,3 years ago,that's lovely,这是可爱的
19206,Ugy3FtR7iepFwDDYqJV4AaABAg,0,3 years ago,lovely,可爱
19223,UgzsdY3HsTemgb0YPkl4AaABAg,0,3 years ago,very good luck ilikes lovely coko good luck,祝你好运ilikes可爱的柯科祝你好运
19496,UgxaX26DZfCl1Y9-fZJ4AaABAg,0,3 years ago,what a lovely woman.,多么可爱的女人。
20443,UgxmNm11CxeRBTDJ43V4AaABAg,0,3 years ago,lovely,迷人的
20615,Ugyb2krzv0yRVwOKgP14AaABAg,0,3 years ago,lovely girl,可爱的女孩
12068,Ugyvh5ORo05ZMgokgb14AaABAg,0,2 years ago,you are so beautiful and lovely . i love you ♥️,你是如此美丽和可爱。我爱你♥谢
9799,Ugy00YXHC9zdeOvEDal4AaABAg,0,2 years ago,my lovely and favroute girl liziqi,我可爱而狂热的女孩liziqi
20636,UgxQAzQvWDwLlEvOeOJ4AaABAg,0,3 years ago,i'm so good. the dogs with lovely sheep,我很好。狗有可爱的绵羊
4682,Ugyr0UZDz3MOXiPV95p4AaABAg,0,1 year ago,ohhhh so amazing .....so lovely♥️❤️❤️♥️i like your vedio......more,哦，太神奇了.....如此可爱♥️❤️❤️
1897,UgwQbFLz-1-KfsJLKnh4AaABAg,0,1 year ago,im in india lovely for cooking,我在印度的烹饪可爱
2056,Ugxl6Hu3zrH0Ptbnt5R4AaABAg,0,1 year ago,"lovely videos... i know its 3 years ago but have to mention , the cloth strips or collars around the puppies necks look tight..",可爱的视频...我知道它是3年前的，但不得不提到，小狗脖子上的布条或项圈看起来很紧。
2379,UgyzfzB0Neo_w7JYwIN4AaABAg,0,1 year ago,"so beautiful, amazing, lovely, and wonderful.",如此美丽，惊人，可爱和美妙。
2835,Ugyd_9qHQtL-4NLEmuN4AaABAg,0,1 year ago (edited),"so beautiful, amazing, lovely, and wonderful. ❤️ much blessings to you. ✝thanks for sharing, lord-jesus-christ com",如此美丽，惊人，可爱和美妙。 ❤️祝您很多祝福。 ✝感谢分享，耶和华 - 基督的com
2840,Ugy--6gL00XR1cKrsYR4AaABAg,0,1 year ago,lovely video,可爱的视频
3093,UgwXHr10cFfXCYe7shZ4AaABAg,0,1 year ago,"lovely, look at her friendly. i think. thanks",可爱，看看她的友好。我认为。谢谢
3153,UgyTH5djRCCPEkwrPAF4AaABAg,0,1 year ago (edited),"i understand the appeal of her videos because they portray an idealized version of a life that stopped existing for most of us generations ago. especially in china where so many have moved from these settings to cities where the jobs are. i can appreciate it while also realizing she is a multimillionaire with a production team behind her to make these things. they are far too professional for a rural woman with an iphone. just because she isn't some simple country girl and this is all staged doesn't mean it isn't wonderful to watch as long as you can separate the fantasy from the reality. the reality of rural life isn't a lovely dream; it's a hard life that most of us wouldn't prefer if we had to live it on a daily basis. she shows an idealized version of the good parts, which is fine for what it is: a fantasy for the cameras. american media does this, too. we elected a fool for president because of a reality show that portrayed him as something he is not.",我了解她的视频的吸引力，因为他们描绘了一种理想化的生活，这在我们大多数人几代之前都停止了。特别是在中国，许多人已经从这些环境转移到工作所在的城市。我可以欣赏它，同时也意识到她是一名千万富翁，在她身后有一个制作团队来制作这些东西。对于拥有iPhone的农村妇女来说，他们太专业了。仅仅因为她不是一个简单的乡村女孩，这一切都在上演并不意味着只要您可以将幻想与现实区分开来，这并不是一件好事。乡村生活的现实不是一个可爱的梦。如果我们每天必须过上它，这是我们大多数人不喜欢的艰难生活。她展示了优质零件的理想化版本，这对它的本质很好：摄像机的幻想。美国媒体也这样做。我们当选为总统的傻瓜，因为真人秀将他描绘成他不是的东西。
3566,UgzUVoIYFyCoODi94kx4AaABAg,0,1 year ago,"very lovely, very nice",非常可爱，非常好
4484,Ugxqiy0vUmUJ0LwtXwJ4AaABAg,0,1 year ago,so lovely puppy,如此可爱的小狗
4675,Ugz_g9VrOfqzmN-sYx54AaABAg,0,1 year ago,3 lovely mass actors,3个可爱的群众演员
5153,UgzqlAoi7wpICJbDLL94AaABAg,0,1 year ago,yr grandmother is so lucky like u child so lovely,年祖母真是太幸运了，就像你的孩子一样可爱
9702,Ugz7M-Q0x4_SiI8d-Mx4AaABAg,0,2 years ago,what a lovely video. you certainly have a eye for making food look good! love from southampton uk,多么可爱的视频。您当然有使食物看起来不错的目光！来自英国南安普敦的爱
6159,Ugz3lsYOfTizdClW6zx4AaABAg,0,2 years ago,lovely,迷人的
6160,Ugw5CIjkiWIqEYQ-T_R4AaABAg,0,2 years ago,lovely,迷人的
6177,UgxnFioBMytP0gvEhA54AaABAg,0,2 years ago,lovely,迷人的
6341,Ugy3u6rrFBJ-w-tYs_t4AaABAg,0,2 years ago,"liziqi u r so ....lovely ,love from india",liziqi u r so ....可爱，来自印度的爱
7594,UgxNC8es4ivE5wM0Hip4AaABAg,0,2 years ago,lovely,迷人的
8077,UgzQ2tfU8CsxEsJxrRN4AaABAg,0,2 years ago (edited),"
i really love this vlog...
so lovely....
i always use this sounds to relax when i sleep at night...
bcoz all what she doing its perfect! 
sounds really natural","
我真的很喜欢这个视频博客...
好可爱....
晚上睡觉时，我总是用这种声音放松...
BCOZ她所做的一切完美！ 
听起来很自然"
8868,Ugw_DCrDXwKxuIzzRRV4AaABAg,0,2 years ago,"i can't figure out how to edit the translation to english, so i assume that these are custom transcript, but at 06:49 , it is salted and roasted sunflower seeds. they are not melon seeds. fyi <3<3 thanks for this lovely amazing channel.",我不知道如何编辑翻译为英语，所以我认为这些是自定义的成绩单，但是在06:49，它被腌制和烤葵花籽。他们不是瓜子。仅供参考<3 <3感谢您的惊人频道。
9291,Ugx_ecPSXWdWYQGAtTF4AaABAg,0,2 years ago,i want to visit you in your lovely village,我想在你可爱的村庄拜访你
9296,Ugy5WpQ8hQ0ymZ6MWfN4AaABAg,0,2 years ago,i watch every such video and they are like a delicious fairy tale for me !!! the girl is lovely! delight! the present is all natural and beautiful!,我观看了每个这样的视频，它们对我来说就像一个美味的童话！！！女孩很可爱！喜！现在是自然而美丽的！
9404,UgwJhY9294W4RJY-0854AaABAg,0,2 years ago,sooooo cute and lovely,太可爱可爱
20626,Ugz2mee2nfBwk73snTB4AaABAg,0,3 years ago,lovely life..,可爱的生活..
21742,UgxPkTKkzWHD6V2Iizd4AaABAg.93MeJ4vjDrb93Q78FUvrzH,0,3 years ago,@user-zm4qp5ik7n thank you. now i know the media lies. i really like china and the people. i would love to visit one day. i especially love your beautiful video's they are so lovely.,@user-zm4qp5ik7n谢谢。现在我知道媒体谎言。我真的很喜欢中国和人民。我很想有一天去。我特别喜欢您美丽的视频，它们是如此可爱。
38202,UgwGB7aNnSInJ3NiIzx4AaABAg,0,4 years ago,for me this woman is a true treasure so lovely and joyful with legendary knowledge of healthy foods and life style just love what she does,对我来说，这个女人是一个真正的宝藏，如此可爱而快乐，对健康食品和生活方式的传奇知识只喜欢她的所作所为
34133,Ugx247col2MoHOB0Qeh4AaABAg.8vA3n2VQ0cm8vv1Ky1sGv_,0,4 years ago,"lovely m, you roll it, it is not easy to improve the overall quality of china. there are always unwilling to learn who is not easy to learn chinese aunt. defined by your comments is really bitten by a dog, considering unlucky, people can't learn to bark as you bark. you are happy, you are random",Lovely M 你滚吧，不容易中国整体素质提高点，总有不长心的学谁不好学中国大妈，把蛮狠不讲理嫉妒嚼舌根的习惯学的淋漓精致。被你的评论玷污真是算被狗咬了，自认倒霉，人总不能也学你一样吠。你开心你随意
33192,Ugxuxau-6vCXEzcNK_x4AaABAg,0,4 years ago,lovely,迷人的
33722,UgzdMYBGdTF1tyMjJV14AaABAg,0,4 years ago,"lovely, lovely, lovely โฅโฅโฅ",可爱，可爱，可爱♥♥♥
34118,Ugx247col2MoHOB0Qeh4AaABAg.8vA3n2VQ0cm8vr8JO6GRgd,0,4 years ago,"lovely m, you can learn, you are afraid of finding ten eight teams and no one will use it",Lovely M 你可以学学，就怕找十个八个团队也没人中用
34122,Ugx247col2MoHOB0Qeh4AaABAg.8vA3n2VQ0cm8vsLU-n_M7b,0,4 years ago,what is lovely m squartine? i'm sorry northerners can't understand,Lovely M 水军是什么？不好意思北方人看不懂
34124,Ugx247col2MoHOB0Qeh4AaABAg.8vA3n2VQ0cm8vtHqbCIP-p,0,4 years ago,lovely m people who always exist in yin and yang strange in this world,Lovely M 这世上总有阴阳怪气的人存在
34125,Ugx247col2MoHOB0Qeh4AaABAg.8vA3n2VQ0cm8vtI4hwi75G,0,4 years ago,"lovely m, you are the shepherd there again ~ it's amazing, you are the spokesperson of justice and iq",Lovely M 你又是那里的牧羊犬呀～不得了了，你是正义颜值智商的代言人
34126,Ugx247col2MoHOB0Qeh4AaABAg.8vA3n2VQ0cm8vtITu4TZEf,0,4 years ago,"lovely m, you don't like li ziqian, a team also promoted chinese culture, and asked you to be a dull brain. if you can do better than her, i don't need to bark, i will shut up. the problem is that you only have the ability to press the keyboard.",Lovely M 你们不喜欢李子柒滚就是了，有团队也宣传了中国文化，要你个呆逼玩意装的脑壳子不好使出来丢人现眼？你要是能比她做得好，不用你吠，我也会闭嘴，问题是你也只有按键盘的本事啊
34130,Ugx247col2MoHOB0Qeh4AaABAg.8vA3n2VQ0cm8vtJ_J3k-Zl,0,4 years ago,"lovely m hum, you go to leave a message to exaggerate, no more silent, your worship is the message saying: everyone see, this person has a team?",Lovely M 哼，你去留言夸就是了，再不沉默，你的崇拜就是留言说：大家快看，这个人有团队？
34131,Ugx247col2MoHOB0Qeh4AaABAg.8vA3n2VQ0cm8vtJjJqUeXt,0,4 years ago,"lovely m labor and capital, you will understand if you meet you like this? if you want to be free, you must be prepared to be stunned.",Lovely M 劳资遇到你这种呆逼装的就烦懂？你想言论自由就要有被怼的准备，不要当了婊子还想立牌坊
34132,Ugx247col2MoHOB0Qeh4AaABAg.8vA3n2VQ0cm8vtKAfKFcxN,0,4 years ago,"lovely m over the wall out of the wall ok? when you meet someone who can understand the message, pretend to be forced?",Lovely M 翻墙出来老实点OK？遇到个看得懂留言的就装个逼？
34201,Ugycmv-ZeR4qEofKQRZ4AaABAg,0,4 years ago,"all i see is love,peace, calm and the lovely village life.. love it.. oh and nice foodddds",我所看到的是爱，和平，平静和可爱的乡村生活..爱它..哦，不错的食物
32240,UgwZRJdzWhFFaDRasUp4AaABAg,0,4 years ago,"so sweet & sleepy lovely video 
love this girl","如此甜美而困倦的可爱视频
爱这个女孩"
34245,Ugycj5CLTnhkF0ENwu94AaABAg,0,4 years ago,i somehow feel like reviewbrah would be an ideal partner for this lovely lady. they both are such old souls.,我不知何故觉得评论将是这位可爱女士的理想伴侣。他们俩都是如此古老的灵魂。
34536,UgysxVBB15vy7Vz-C-54AaABAg,0,4 years ago,even the heads that have been busy moving are lovely and pretty.,即使是忙于移动的头部也很漂亮。
35967,UgxKgDl0f5ZzsKFVj6Z4AaABAg,0,4 years ago,lovely.,迷人的。
36105,UgxHbkoz2Sd38HXTDRp4AaABAg,0,4 years ago,"there are no words, only admiration and positive emotions, all the same, they say correctly ""the east is subtle."" such a video is unusual. so much calm. interesting solutions. and most importantly, what a lovely dog โ€โ€and a kid. thanks a lot.",他们没有言语，只有钦佩和积极的情绪，都是一样的，他们正确地说：“东方是微妙的”。这样的视频很不寻常。如此平静。有趣的解决方案。最重要的是，多么可爱的狗和孩子。多谢。
36198,UgwN9C1OJERjeySf2Bh4AaABAg,0,4 years ago,ly tieu that lovely pretended to ignore,Ly Tieu那可爱的假装忽略
36403,UgxxaW0vliSMNIqjV-R4AaABAg,0,4 years ago,just found your videos today. first one for me was the wool one. lovely videos!,今天刚刚找到了您的视频。对我来说，第一个是羊毛。可爱的视频！
37347,Ugyjs0wVRARUN3Z-jop4AaABAg,0,4 years ago,"t
that video was lovely","t
那个视频很可爱"
37566,UgyhHhTHdM3M2MBGGCt4AaABAg,0,4 years ago,"it recalls all my memory about my grandma & my lovely doggy. it's too real to be true. i wish i can make the same move like her, went back to home stay with my grandma. let time freeze please.",它让我想起了我关于奶奶和可爱的狗的所有记忆。这太真实了。我希望我能像她一样采取同样的举动，回到家里和我的祖母在一起。让时间冻结。
37859,Ugyyin5zeBRvz3uma9B4AaABAg,0,4 years ago,"lovely women, she's one of a dying breed nowdays ..",可爱的女人，她是如今垂死的品种之一。
38123,UgxvIpSvFhQZ9owd01B4AaABAg,0,4 years ago,nice work girl and lovely gorgeous beautiful girl great job,好工作的女孩和可爱的华丽美丽的女孩出色的工作
32992,UgziLD1HsWMr08ccar54AaABAg,0,4 years ago,"lovely video, nice snacks she made :) although error in labelling i guess, those were not melon seeds but sunflower seeds",可爱的视频，她制作的漂亮零食:)尽管我想标签错误，但这些不是瓜子，而是葵花籽
32221,Ugw98zMUT5-2W4KP6xF4AaABAg.8vxydkDtngx9GtGBLEIYBt,0,2 years ago,"never has binging youtube been so good for my mental health, i have been going outside and baking and i didn't want to go back to bed this morning, it's lovely",YouTube从来没有对我的心理健康如此好，我一直在外面烘烤，我不想今天早上再上床睡觉，很可爱
21903,Ugz7FNSNgejhRKM4m2h4AaABAg,0,3 years ago,the two dogs are so lovely!,两只狗是如此可爱！
27080,Ugzk0a332gnRjqelYwJ4AaABAg,0,3 years ago,sooooooo lovelyyyyyyyyy,太可爱的Yyyyyyyy
22579,UgxyOd09F_BL2Ewc2Gx4AaABAg,0,3 years ago,two grandchildren and two lovely puppies,两个孙子和两只可爱的小狗
23407,Ugzxar34sVLEiauA70Z4AaABAg,0,3 years ago,"0:24 so lovely so cute, dog 1. 2 and a sheep",0:24如此可爱，狗1. 2和一只羊
24067,Ugyt16k3XIA9lZnLHMd4AaABAg,0,3 years ago,why are you don't touch this lovely pup?,你为什么不碰这个可爱的小狗？
24372,Ugw6InGnH3hZA18K5Ad4AaABAg,0,3 years ago,does anyone know how i can send this lovely woman gloves or mittens or even just pot holders???? iโ€m sure sheโ€s built up enough callouses as well as sustained any number of burns and can handle it but iโ€m always cringing when i see her trying to pull a tray out the oven. i donโ€t want to see her get hurt.,有人知道我如何送这个可爱的女人手套或手套，甚至只是锅架？？？？我敢肯定，她已经建立了足够的老号，并且可以忍受任何数量的燃烧，但是当我看到她试图将托盘拉出烤箱时，我总是很畏缩。我不想看到她受伤。
24905,UgwV8diyZ7uTn1kmPUd4AaABAg,0,3 years ago,loo so yummy so delicious mouth watering keep up the lovely work.,厕所好吃的东西如此美味，可让您保持可爱的作品。
24912,UgzF1PG0cMx7jEefy1B4AaABAg,0,3 years ago (edited),the pets were lovely ! 'liziqi had a little lamb' ๐คช,宠物很可爱！ 'liziqi有一点羔羊'
25169,UgzgRvLahR5tFRnOxC14AaABAg,0,3 years ago,as always being lovely,一如既往的可爱
25893,UgzjUlaNZT7LSFRPkBB4AaABAg,0,3 years ago,"i have only watched a couple of this lady's videos, she appears to be non stop until well after dark. her skills are amazing seeing her plow the field grow the corn, collect and carry the sheaves then treat the kernels also the same with the peaches before cooking some lovely looking dishes was so fantastic to watch and she is such a small petite pretty lady i just don't know where she gets her energy from.",我只看了这位女士的几个视频，直到天黑后直到井井有条。她的技能令人惊讶地看到她的耕地种植玉米，收集和携带带束带，然后在桃子烹饪一些可爱的菜肴之前，也可以用桃子对待玉米，这真是太棒了，她真是个小小的漂亮女士，我只是不知道她从哪里获得精力。
26568,Ugz4x9jZf79qtb1MNMB4AaABAg.8zkpfxZ3kEy9CzyhlNaLYw,0,2 years ago,beautiful video and beautiful my all lovely people ruqst for all brothers and sisters please visit to my chanal and support me ..,美丽的视频和美丽的我所有可爱的人为所有兄弟姐妹鲁克斯特，请参观我的chanal并支持我。
26927,UgzthZLs9adsWZLmHLV4AaABAg,0,3 years ago,lovely....โฅ,可爱....♥
27804,UgyCQQFBTepCbWzmzQp4AaABAg,0,3 years ago,she is soooo lovely n i wish i could live her life,她真可爱，我希望我能过上她的生活
32126,UgxtLJOX0OBlh_otqNh4AaABAg,0,4 years ago,"i'm just going to go out and say it just give her the prize for amazing woman of the year, screw it century. oh my goodness she's like phenomenal. as a woman i've never wanted to be any other woman till i met this lovely soul. if i ever felt like aspiring to any other woman it be her without a doubt. ๐’๐’–๐’—โค๏ธ๐’—โค๏ธ๐’–๐’๐’—โค๏ธ๐’—๐’๐’–",我只是出去说这给她带来了年度惊人的女人的奖项，即Century It Century。哦，天哪，她就像惊人的。作为一个女人，直到我遇到这个可爱的灵魂之前，我再也不想成为其他女人。如果我觉得自己想渴望任何其他女人，那毫无疑问是她。
27947,UgxE8GMWmRQ0pNuBUe54AaABAg.8yxVfjb9y3A8z50X_NhVsh,0,3 years ago,hello fellow lovely :d,你好可爱的人：D
27960,Ugywg1vkbdo02ucloAp4AaABAg,0,3 years ago,lovely girl :),可爱的女孩:)
28107,UgytH4AbWDLK4fPXsaN4AaABAg,0,3 years ago,lovely video๐ฟ,可爱的视频
28135,UgwMsJrtGa-PNAzwbb54AaABAg,0,3 years ago,lovely๐’•๐ girl like barbie doll๐,可爱的女孩像芭比娃娃
28758,UgykApp4A9xHMGqEjex4AaABAg,0,3 years ago,"get this wife very happy here, look so lovely โคโคโค",让这个妻子在这里非常快乐，看起来很可爱❤❤❤
29294,UgwsEQ7rc9gjhIm0z214AaABAg,0,3 years ago,"she is lovely. very much one with her surroundings. she has not accepted god though, which seems a great loss to her. you can see her eye's lost and wandering. but she does know how to utelize her skills to the maximum, which i completely admire. her food looks scrumptious. i am.glad she adores her family and animals and causes no harm to others. i pray she accepts god, then her life wilk be full. she is so lovely, she would bring such great warmth to her people knowing our creator. may christ guide you liziqi.",她很可爱。她的周围环境非常多。不过，她没有接受上帝，这对她来说似乎是巨大的损失。您可以看到她的眼睛迷失方向。但是她确实知道如何将自己的技能提高到最大程度，我完全佩服这一点。她的食物看起来很美味。我是glad，她崇拜自己的家人和动物，对他人没有伤害。我祈祷她接受上帝，然后她的生命会饱满。她是如此可爱，她会给自己的人带来如此大的温暖。愿基督引导你liziqi。
30331,Ugzfn1sEyb2klxbxGRV4AaABAg,0,3 years ago,lovely...,迷人的...
31004,UgwWAdi_od2Xf0upLJB4AaABAg,0,3 years ago (edited),"lovely dog, lovely sheep, lovely girl and delicious dish.",可爱的狗，可爱的绵羊，可爱的女孩和美味的菜。
31516,Ugzf7dOdO-Hexqa6fZ14AaABAg,0,4 years ago,lovely,迷人的
31545,UgxzT3v23YlcgtfqyF14AaABAg,0,4 years ago,what lovely chestnuts!,多么可爱的栗子！
52934,UgwtjbPAQlpv96cT3294AaABAg,0,4 years ago,lovely girl,可爱的女孩
