,cid,votes,time,含simple,含simple中文翻译
23243,Ugx5VsnUwvV3aih37h14AaABAg,504,3 years ago,"this just made me realize how lazy i am, can't even cook a simple meal",这只是让我意识到自己有多懒，甚至不能煮一顿简单的饭
34601,Ugyt6byGBsMbKGaiKiV4AaABAg,264,3 years ago,we northeast indians can relate to your content on another level. the simple yet sustainable lifestyle is the way to go. lots of love to you.,我们东北印第安人可以在另一个层面上与您的内容联系起来。简单而可持续的生活方式是必经之路。对你有很多爱。
10999,UgzfiTbmzA5yCUZNBEh4AaABAg,110,3 years ago,who could imagine... living a simple life could make you millions..,谁能想象...过简单的生活可以使您数百万人。
9680,UgxeDjXMOCo9vlzxzEZ4AaABAg,92,3 years ago (edited),"i canโ€t get enough of her. she lives the most beautiful, simple, productive life. itโ€s like watching a fairytale",我不能得到她的足够。她过着最美丽，最简单，富有成效的生活。就像看童话
32893,Ugz3FH_-93t-gEqVUdx4AaABAg,87,3 years ago (edited),"li ziyi ~ always gives people a total fresh and refined, traditional chinese women's beauty. the image that can be great !!
please continue to cheer !! do more and more high -quality and simple chinese style videos to educate more people ~ thank you for your efforts !!","李子柒~总是给人总清新脱俗，传统中国女性的美。能干了不起的形象!! 
请李小姐继续加油!! 做更多更多优质纯朴的中国风视频，来教育更多人~ 感谢有妳的付出!!"
22921,UgwuIIDKTgk1TaxY4qt4AaABAg,67,3 years ago,"i envy the life you have. simple living no comlexities, just being with mother nature.
it used to be like this man was just uncontented and turned into a life full of difficulties.","我羡慕你的生活。简单的生活没有共同点，只是与大自然与大自然在一起。
曾经像这个男人一样毫无意义，变成了充满困难的生活。"
14789,UgxXgRvVv6x1uCGZ4sR4AaABAg,57,3 years ago,"""simple lifestyle"" 
less is more.","“简单的生活方式”
少即是多。"
22172,Ugzt5VGHr6znPhq6-k14AaABAg,49,3 years ago,"the first time i saw this film was moved by ""a simple life is a kind of happiness"", thank you.
whenever you watch the films you take, you have an inexplicable sense of happiness.","第1次看到这部影片很感动〝简简单单的生活就是一种幸福〞，谢谢妳。
每每看妳拍的影片就有一种莫名的幸福感。"
25080,Ugxx19Ia0ByhC1paplt4AaABAg,47,3 years ago,"this way of returning to nature,
reminded. essence
back to the truth, i am worried about chemicals, excessive processing, anticorrosive, and spice pigments. essence
the plate made of the tree trunk, the wooden spoon made me love to death. essence
with such an opportunity to live in such a simple place for a few days, relieve the city's pressure on his back, and it is so stuffy! ~","这种回归自然的生活方式，
真令人回味。。
返璞归真，甭担心化学物质，过度的加工，防腐，香料色素。。
那树干制成的盘子，木料勺子让我爱死了。。
能有这种机会到这样纯朴的地方住上几天，舒解城市人扛在背上，闷在心里的压力，多好！～"
14790,UgyX2fojD4McHy5R2l94AaABAg,46,3 years ago,"i miss this kind of life in our province.those kind of foods, the way she cooked thats how we cook our food before its a healthy living. this shows simple life in a province. peaceful and contented with what you have.",我想念我们各省的这种生活。这些食物，她烹饪的方式就是我们在健康生活之前烹饪的方式。这显示了一个省的简单生活。和平，满足于您所拥有的。
15641,UgwEvrHNRKRMDYjhB-N4AaABAg,38,3 years ago,minimal make-up and simple hairstyle yet she's one of the most beautiful gal i've seen. and is a master chef too!,最少的妆容和简单的发型，但她是我见过的最美丽的女孩之一。而且也是大厨！
14327,UgweI4lENirYu5USYYJ4AaABAg,26,3 years ago,"she makes it look so simple, but this lifestyle is a gran skill. gardening itself is a skill that takes time to understand, she knows exactly what she’s doing and in awe. not to mention her filming skills are amazing too!",她使它看起来如此简单，但是这种生活方式是一项格兰技能。园艺本身是一种需要时间来理解的技能，她确切地知道自己在做什么和敬畏。更不用说她的拍摄技巧也很棒！
23089,UgymhEjjUGYIENlpCAx4AaABAg,14,3 years ago,"this lady has everything fresh vegetables, fresh fruits,beautiful flowers all in her garden good nature peaceful place what a life she live in paradise simple life but full of good memories she's very talented and very hardworking very loving to her grandmother that's why she is bless and successful because she has good heart she is beautiful inside and out nobody can do what ever she did she can do everything her body is small but she's very strong to carry heavy things wow just wow ❤❤",这位女士有一切新鲜蔬菜，新鲜水果，美丽的花朵在她的花园中的美好自然宁静的地方成功，因为她有良好的心，她的内在和外面都很漂亮
17411,UgwV-uzw6206Qx2IoKZ4AaABAg.92kaKG0I8dO92oMvsxRVj5,11,3 years ago,@dexter_7883 actually i mean..it's a simple and beautiful life..why to include dis hard word instead..and i agree u she is a hardworker too..,@dexter_7883实际上是我的意思是..这是一种简单而美丽的生活。为什么要包括dise hard Word。
33360,UgwxZQ4DEcDWB2Tx3694AaABAg,9,3 years ago (edited),i just love your peaceful videos living simple wonderful life and the noodle dish looks great.,我只是喜欢您的和平视频，过着简单的美好生活，面条菜看起来很棒。
26732,Ugy34oI_3OoR5AXqHUl4AaABAg,8,3 years ago,"i love your world. i like your way of living so much, so simple! the nature that surrounds you is wonderful and generous! how i wish i was there!",我爱你的世界。我喜欢你的生活方式，如此简单！周围的天性是美好而慷慨的！我希望我在那里！
11314,UgyLuZ-IcDmBUJef8px4AaABAg,8,3 years ago (edited),"i've been watching her videos for a week now and they're really blessed living in a simple yet prosperous life like this .. 
this made me want to plant some fruits and vegetables in my backyard once i got my own house soon","我已经看了一个星期了她的视频，他们真的很幸运地生活在这样的简单而繁荣的生活中。
这使我想在我自己的房子很快享用自己的房子后就想在我的后院种一些水果和蔬菜。"
12150,Ugws0uW8NvIsxTdzjj54AaABAg,7,3 years ago,"it doesn't need to be a professional photographer
it doesn't need to be a professional chef
it doesn't need to be a professional agriculturist for you to come up with this beautiful thing around you. the world is so beautiful when you learn how to appreciate little simple things that surrounds you. and that's this beautiful woman literally did despite of her generation. so much respect","它不需要成为专业摄影师
它不需要成为专业厨师
您不需要成为专业的农业学家就能想出您周围的这一美丽的事情。当您学会如何欣赏周围的小简单事物时，世界就是如此美丽。尽管这一代人来说，这是这个美丽的女人的字面意思。如此尊重"
12358,Ugz64Ww7ZbxUzWk9ygJ4AaABAg,7,3 years ago,they make it look alot simpler than it really is.,它们使它看起来比实际更简单。
10798,Ugx9gqxV7TlhVfkD2tV4AaABAg,6,3 years ago,i always wish to have a life just what she have right now. the simple peaceful life. you can see the satisfaction. not all people have. wish u have a healthy life.,我一直希望拥有她现在拥有的生活。简单的和平生活。您可以看到满意度。并非所有人都有。希望你有健康的生活。
13875,UgwTUUhtG5HwRv_M2AJ4AaABAg,5,3 years ago,"no internet, no phones, just there is no time to sit in them. a simple girl walks all day, doing things.
this is a very good video)","没有互联网，没有电话，只是没有时间坐在其中。一个简单的女孩整天散步，做事。
这是一个很好的视频）"
15491,UgxeHC0PohKFfAal8mh4AaABAg,5,3 years ago,"how simple is life, just like that beautiful hardworking girl",生活有多简单，就像那个美丽的勤奋女孩
27485,UgyXs4OuwnxVRxzMpX54AaABAg,4,3 years ago,"m wondering what are those ""thumbs downs "" for? she did nothing evil. only great beautiful videos on simple life.",我想知道那些“大拇指跌倒”是什么？她没有做任何邪恶的事情。只有关于简单生活的精美视频。
2672,UgzU5PVILKZHy5JH45p4AaABAg,4,1 year ago,"liziqi is like mulan in the millennium. living in the village in a simple way to maintain the beauty of traditional values. keep on inspiring. greetings of success from us lovers of #seblaqs (sukabumi, sept 2021)",Liziqi就像千年中的Mulan一样。以一种简单的方式生活在村庄，以保持传统价值观的美丽。继续鼓舞人心。 #Seblaqs恋人的成功问候（Sukabumi，2021年9月）
24998,Ugxh4an9n8vh-FXv-e94AaABAg,4,3 years ago (edited),it's so amazing. these foods were also found in our small garden before. i really miss this simple life,太神奇了。这些食物也在我们的小花园中发现。我真的很想念这个简单的生活
11483,Ugw6XL-cuo0eX4BXpzN4AaABAg,3,3 years ago,"the land of my dreams... simple life, simple food i love that",我梦dream以求的土地...简单的生活，简单的食物，我喜欢
16664,Ugz1aYSqAeSw6KAdil54AaABAg,3,3 years ago,i grew up like this. a simple life its a happy life,我这样长大。简单的生活是幸福的生活
21896,UgwcX9YQRp7-GIicFyh4AaABAg,3,3 years ago,"omg as soon as i start watching her videos i cant stop myself watching for more,makes me think how i miss my simple life in the village,,,girl you inspire me a lot,,one day gonna go back to the island where i was born,cant wait to go back home and cook like your videos,i learn a lot from your video,god bless you girl,",天哪，一旦我开始观看她的视频，我就不能停止自己观看更多，让我想到我如何想念我在村庄的简单生活，你会激发我的灵感很多，有一天会回到岛上出生了，迫不及待地想回家像你的视频一样做饭，我从你的视频中学到了很多东西，上帝保佑你的女孩，
17826,UgwZXL4EzjFT9ezbWmp4AaABAg,3,3 years ago,"with the most exquisite leave, restore the most simple and true. it is the most authentic portrayal of li ziqi at the moment.",用最精致的假，还原最淳朴的真。是当下李子七最真实的写照。
14423,UgyZ35VKnjK37Q0iCnd4AaABAg,2,3 years ago,i love how everything you need is just outside your house..i love country living..i love how simple life there..i miss my home.,我喜欢您所需要的一切都在您家外面。我爱国家生活..我喜欢那里的生活。我想念我的家。
33482,Ugxi62w6Jt8MlO_OpJl4AaABAg.8yUau3LzW8Y8yUuqh0eC_M,2,3 years ago,"yeah, her life is very simple and that i want that kind of life,and her garden",是的，她的生活很简单，我想要这种生活，她的花园
3537,Ugy5eGUZU9RJvMazudF4AaABAg.9NvtqVXNXHX9NwcEQTN3Yl,2,2 years ago,"the one you said is industrial thinking. people are gourmet bloggers, but they are not started. her videos are more unique. one of the characteristics is everything, and everything is good. every time i do it, i will spend a lot of time learning to learn the production process, so the video quality of the video will be done. they are all excellent.
in addition, saying a question, i am also in rural sichuan. twenty years ago, before everyone went out to work, the uncle and aunt in the countryside were basically everything, especially when cooking and some simple crafts. these are really really not really not. disaster. now that time has moved, everyone has been working, and rarely stays in the countryside. now young people will basically not be these.","你说的那个是工业化思维。人家是美食博主，又不是开工厂的，她的视频比较有特色，特色之一就是啥都会，而且做的都还不错，每做一期视频都会花很多时间去学习制作过程，所以视频质量都比较过硬。
另外，说个题外话，我也是四川农村的，二十年前，大家还没出门打工之前，在农村的大叔大妈也是基本啥都会，尤其是做菜和一些简单的工艺品，这些其实真的不难。现在时过境迁，大家出门工作了，也基本很少待在农村了，现在的年轻人也基本不会这些了"
9890,UgzFmsT4K_lMzp8GoM14AaABAg,2,3 years ago,"it is very comfortable to see. knowing that you have a team behind you, you really like girls like you. now your value is also high. i like your simple and energetic. i really want to marry you home. i love it for a lifetime. think about it, wish good luck, good health!",看的很舒服，知道你背后有团队，真的就喜欢子柒你这样的姑娘，现在的你身价也高了，喜欢你那个淳朴劲，真想把你娶回家，疼爱一辈子，目前看只是想想了，祝好运，身体健康！
3641,Ugz3jEDHt5o8KgTVRDd4AaABAg,2,2 years ago,such a nice life. i rather live that plain and simple life rather a luxurious one,如此美好的生活。我宁愿过着简单而简单的生活而不是奢侈的生活
14463,UgwC1BG8OG690PtX4iB4AaABAg.94C3z5UoImQ94RipMX_sh7,2,3 years ago,"love this drama, simple and elegant.",大爱此剧，古朴清雅。
13348,Ugw8gdFsezQkr7uOlUx4AaABAg,2,3 years ago,"this is beautiful, the simple things, away from city life, pollution, sickness, crime and everything else in between. this is much better.
william percival new zealand gardenia band","这是美丽的，简单的事物，远离城市生活，污染，疾病，犯罪以及介于两者之间的其他一切。这要好得多。
William Percival新西兰Gardenia乐队"
31601,Ugy--PN1s4FVZVfupUF4AaABAg,2,3 years ago,"when i'm watching her i feel the contentment in life no tensions,pressure just go with the flow make a simple life",当我看着她时，我感到生活中的满足不紧张，压力只会随着流程而变得简单的生活
15409,UgxM6M0zpu3k7SD32RR4AaABAg.93FjALA-hss98XaaFmAZ6B,2,3 years ago (edited),"strait arrow it’s a ‘propaganda’ if you wish it. it’s also a high-value production , staged ( for ken rascon) piece of entertainment that teaches simple and good value ( i.e. respect and love for your grandma) if you wish it. no one dies in make this well crafted film. all ( including messieurs arrow and rascon i suspect and hope) are entertained watching this in the time of a pandemic. so i decide to ‘wish’ the latter in this instance.",海峡箭头，如果您愿意，这是一个“宣传”。这也是一部高价值的作品，为肯·拉斯康（Ken Rascon）演出，如果您愿意的话，它教授简单而良好的价值（即尊重和对祖母的爱）。没有人死于制作精良的电影。在大流行时期，所有人（包括Messieurs Arrow和Rascon）都很有趣。因此，我决定在这种情况下“希望”后者。
14053,Ugx7pTCMhr-JavHpJcd4AaABAg,2,3 years ago,"she qualifies for the best cook in china. every dish, even the most simple one, is so elaborated prepared. out of this world.",她有资格获得中国最好的厨师。每道菜，甚至是最简单的菜，都是准备好准备的。离开这个世界。
17990,Ugy9Dzd0HKEAe92QJqh4AaABAg.92dXHQeZgvs92o_SFhG-f3,2,3 years ago,all food is like alchemy but technology made it more simple,所有食物都像炼金术，但技术使它变得更加简单
20876,Ugx-bJb65NW48RxZtxh4AaABAg,2,3 years ago,i like this sister too much like luning the life of a simple and peaceful nx without bothering,我非常喜欢这个姐姐，就像在不打扰的情况下摇动一个简单，和平的NX的生活
25931,UgxDDqbewBEVqPFraQl4AaABAg.8ywsIU928nF8z2LPB56W0u,1,3 years ago,i'm vegan but i love seeing people cook nonvegan meals. either way it's nice to watch people put so much care into simple things like cooking.,我是素食主义者，但我喜欢看到人们煮不素食的饭菜。无论哪种方式，都可以看到人们将这么多照顾到诸如烹饪之类的简单事物中。
1280,UgzD2nC4dC8Wli0em654AaABAg,1,1 year ago,"but why there is no more woman like that with us. in france, she prefers money has a simple life in harmony with nature. personally, if i find a woman like that in my life, i will make the effort to leave everything to live with her. i will even leave my country for this kind of woman.",但是，为什么不再有这样的女人。在法国，她更喜欢金钱与自然和谐相处。就个人而言，如果我在生活中找到这样的女人，我将努力离开一切与她同住。我什至会离开我的国家做这种女人。
26470,UgwFvHiKX-YQrymRxUF4AaABAg,1,3 years ago,"or too want to live a peaceful life in the countryside so much, the scenery is peaceful, the charming trees, the simple food without having to have a strange delicious dish, what a dream life !! !!",或者也想在乡村过上宁静的生活，风景是宁静的，迷人的树木，简单的食物，而不必有一个奇怪的美味菜，多么梦想的生活！！！
22430,Ugxf0U_unXMMBm4_65F4AaABAg.9-44izPIuzi9UoSpCto1wv,1,1 year ago,"what is wrong with all you guys? her video is simple. she just want to show that even in this modern world, we should appreciate the coulture, the nature without technology. so her video is just like tutorial and she want to show the lifestyle. simple. i hope all of you enjoy your lifetimes.",你们所有人怎么了？她的视频很简单。她只想表明，即使在这个现代世界中，我们也应该欣赏没有技术的库尔特，大自然。因此，她的视频就像教程一样，她想展示生活方式。简单的。希望大家都喜欢您的一生。
26589,UgzzP0OYs2E7NrpGz7N4AaABAg,1,3 years ago,"beautiful young lady leds a simple life with no electronic devices, she's in my dream.",美丽的小姐过着简单的生活，没有电子设备，她在我的梦中。
24518,UgxDB4MlzAfupQFhGk14AaABAg,1,3 years ago,beautiful to see the care for the elders. simple and happy life. congratulations. appetizing food.,看到长老的照顾很美。简单快乐的生活。恭喜。开胃食物。
19415,UgywO8XaQqElDy6Qbkt4AaABAg,1,3 years ago (edited),i wish life is just this simple. i mean who cares for progress when our home (planet earth) is being compromised and people are getting into war. a life that is simple and at peace like this is just all we need.,我希望生活就是这样简单的。我的意思是，当我们的家（地球）被妥协而人们陷入战争时，谁在乎进步。我们所需要的就是简单而平静的生活。
5928,UgwS7SB7D6tYicwC8ZZ4AaABAg,1,2 years ago,"i am a simple people who want to meet a serious partner, polite and calm. i hate lies, hypocrisy and stupidity. i want a good life with my partner for her who will respect me and love me for who i am. if you are interested here is my whatsapp. 491782570178",我是一个简单的人，想见一个认真的伴侣，礼貌而镇定。我讨厌撒谎，虚伪和愚蠢。我想要与我的伴侣一起度过美好的生活，她会尊重我并爱我的身份。如果您感兴趣的话，这是我的WhatsApp。 491782570178
5944,UgyqQ13ffx9dFaq0wGR4AaABAg,1,2 years ago,"i am a simple people who want to meet a serious partner, polite and calm. i hate lies, hypocrisy and stupidity. i want a good life with my partner for her who will respect me and love me for who i am. if you are interested here is my whatsapp. +491782570178",我是一个简单的人，想见一个认真的伴侣，礼貌而镇定。我讨厌撒谎，虚伪和愚蠢。我想要与我的伴侣一起度过美好的生活，她会尊重我并爱我的身份。如果您感兴趣的话，这是我的WhatsApp。 +491782570178
33219,UgwPZ0yt6zqMWhnn7hd4AaABAg,1,3 years ago,"your videos make me want to move to the mountains, to have a simpler, more meaningful and fulfilled life. i hate the city. thank you for the few minutes of peace. 

ps. it would be great to have the english subtitles again. but i’ll take what i can get.","您的视频使我想搬到山上，拥有更简单，更有意义和充实的生活。我讨厌这座城市。谢谢您的和平几分钟。

PS。再次拥有英文字幕将是很棒的。但是我会拿走我能得到的。"
31263,UgxIZZ_fqYWmR2uUxex4AaABAg,1,3 years ago,"i am vietnamese but i don't like vietnamese subtitles at all. the subtitles have been the young buffalo language, naturally lost the temperament of the video. if the subtitles are just simple and rustic as the life of tu that.",我是越南人，但我根本不喜欢越南字幕。字幕是年轻的布法罗语，自然会失去视频的气质。如果字幕像Tu的生命一样简单而质朴。
3080,UgwhO-7OnFATW4UV-jd4AaABAg,1,1 year ago,"very loved her, the simple person and the charming scenery in her homeland ^^",非常爱她，简单的人和她家乡的迷人风景^^
8503,UgzAdo5a7PzVIMBRXTR4AaABAg,1,2 years ago,"enough to eat a simple way of life understand the dharma nature will understand us. very beautiful, your home atmosphere",足以吃一种简单的生活方式了解佛法大自然会理解我们。非常美丽，你的家庭气氛
5969,UgxBZlK643skj4gvMxZ4AaABAg.9FF-ZvuKkMT9FK5UUKQCvp,1,2 years ago,"i am a simple people who want to meet a serious partner, polite and calm. i hate lies, hypocrisy and stupidity. i want a good life with my partner for her who will respect me and love me for who i am. if you are interested here is my whatsapp. 491782570178",我是一个简单的人，想见一个认真的伴侣，礼貌而镇定。我讨厌撒谎，虚伪和愚蠢。我想要与我的伴侣一起度过美好的生活，她会尊重我并爱我的身份。如果您感兴趣的话，这是我的WhatsApp。 491782570178
4745,UgxtOF5ojBIwYnReGi94AaABAg,1,2 years ago,"you are a really simple and wonderful person, i want to live this life",你是一个非常简单而很棒的人，我想这一生活
27711,UgzX9ow_xBdXZ26fYb54AaABAg,1,3 years ago,wow it is my dream to live a simple life just like her,哇，我的梦想是像她一样过上简单的生活。
5903,UgzlzO-1rE655wGM5il4AaABAg,1,2 years ago,"i am a simple people who want to meet a serious partner, polite and calm. i hate lies, hypocrisy and stupidity. i want a good life with my partner for her who will respect me and love me for who i am. if you are interested here is my whatsapp. 491782570178",我是一个简单的人，想见一个认真的伴侣，礼貌而镇定。我讨厌撒谎，虚伪和愚蠢。我想要与我的伴侣一起度过美好的生活，她会尊重我并爱我的身份。如果您感兴趣的话，这是我的WhatsApp。 491782570178
9601,UgzVMURTw2PMOlfV8Bd4AaABAg,1,3 years ago,"i wish i had that kind of life, so simple",我希望我过着如此简单的生活
5831,Ugzb269XuK03ADFIAFt4AaABAg,1,2 years ago,"i am a simple and a loving man. with the qualifying attitude that everyone will like. loving, honest and understanding. i am not perfect. but i am ready to compromise, with full understanding!",我是一个简单而充满爱心的人。以每个人都喜欢的合格态度。充满爱心，诚实和理解。我并不完美。但是我准备好妥协，并充分理解！
22606,Ugw06lRrjeNLcx1AGPt4AaABAg,0,3 years ago,"it will be a very capable daughter -in -law, but unfortunately, the world is no longer the era of marrying a wife and a wise. floral has made the chinese no longer simple",会将是很能干的媳妇，可惜啊，现在的世界已经不是娶妻娶贤的时代了。浮华已经让中国人也不再朴实
22599,UgwiBl7obqhqCc8eefR4AaABAg,0,3 years ago,this is the most simple aspect of china's rural areas. it is like this every day.,这是中国农村地区最简单的方面。每天都这样。
32425,Ugyjd6iqL-kd8nJIlgB4AaABAg,0,3 years ago,"simple life but it's gold,,,,for me this is heaven",简单的生活，但这是黄金，对我来说，这是天堂
22450,UgwHxU7a_4e2cN8qAtB4AaABAg,0,3 years ago,life is so peacefully away from the noisy lifestyle in the lavish cities that are increasingly expanding to return to a quiet countryside to live a peaceful simple life that is the dream of many people. hope you can produce many meaningful videos like this so that everyone can feel. good luck,生活如此和平地远离奢侈城市中繁华的生活方式，这些生活方式越来越不断扩大，以返回一个安静的乡村，过着和平而简单的生活，这是许多人的梦想。希望您可以制作许多这样的有意义的视频，以便每个人都能感觉到。祝你好运
22680,Ugwguk6hsFZDXqlgDyF4AaABAg.8zxuOdNdnet9-21P6JizrJ,0,3 years ago,"in china few hundred years ago most people living like that, unfortunately, now quite a lot of people living in the city, small house no more garden, buying everything, forgot what simple life looks like any more :(",不幸的是，在几百年前，大多数人生活在城市中的许多人，现在有很多人住在城市中，不再花园，买东西，忘记了简单的生活看起来不错:(
31738,UgwgXMAVOx0W4o39YhF4AaABAg,0,3 years ago,"i would love to live there in that place. i am retired at 41, if it was simple i would go meet her and learn some of that cooking. very awesome videos",我很想住在那个地方。我在41岁时退休，如果很简单，我会去见她并学习一些烹饪。非常棒的视频
22381,UgwxffrvnZoApDNVmNB4AaABAg,0,3 years ago,"wow! everything is so fresh and also a whole days of work/prepping!! simple and yet delicate in a way....so mesmerizing watching video, i had to subscribe for more!!",哇！一切都是如此新鲜，也整整几天的工作/预备！！简单而又细腻的方式...................观看视频令人着迷，我不得不订阅更多！
22269,UgyU7zFsWb3gzq4sJ4R4AaABAg,0,3 years ago,"i realize where life is very peaceful, hp is a youtube so the money is not very important, but it is important where the homegrown is very simple, peaceful",我意识到生活在哪里非常和平，惠普是YouTube，所以钱不是很重要，但在本土非常简单，和平的情况下，我希望拥有这样的CS
22244,Ugz4LC23PwoUJuNlMHR4AaABAg,0,3 years ago (edited),"wow fresh ingredients alongwith that countryside is a picture perfect (video perfect) 
such a joy to watch the days' proceedings go by.
i wish i could still find such simple days","哇，新鲜食材与乡村是一幅完美的图片（视频完美）
观看日子的诉讼经历的乐趣。
我希望我仍然可以找到如此简单的日子"
22495,Ugwv9Wy8oS51cVu_re54AaABAg,0,3 years ago,simple things to create miracles,创造奇迹的简单事物
21919,Ugy43Ghludpa4K9TrrN4AaABAg,0,3 years ago,the most delcious and simple dish even only you stir fried it,最乏味，最简单的菜，甚至只炒
22194,UgxlnuGFGGk1zDuc44l4AaABAg,0,3 years ago,"simple, everyone just need to do the same as in the video",简单，每个人都需要做与视频中的相同
32458,Ugw92VRnnevre125HFl4AaABAg,0,3 years ago,you are such a simple woman) but strong))),你是一个简单的女人），但很强壮））））
31267,Ugx1m97unl7JoD_wwSV4AaABAg,0,3 years ago,such a simple life does not have,如此简单的生活没有
21906,UgzDIsW4FS5_GrlM2hx4AaABAg,0,3 years ago,i want to have a simple life like this ...,我想拥有这样简单的生活...
21900,Ugw6adz4_TH3vSzxIaR4AaABAg,0,3 years ago,"dreaming scenery, simple food to all people 's dreams",梦dream以求的风景，对所有人的梦想的简单食物
33559,UgzCPjf6ImlK7WZqGW14AaABAg,0,3 years ago,i can see how you and your family are so healthy the fresh food is beautiful and so much variety !! i wish americans had more variety unfortunately we eat very simple.,我可以看到您和您的家人如何健康，新鲜食物很美，种类繁多！！我希望不幸的是，美国人的饮食很简单。
33716,Ugyth2tKkIciVDT-Ifh4AaABAg,0,3 years ago,"love too, looking at a simple but delicious dish
love","也爱，看一个简单但美味的菜
Love"
21735,UgzAZ5LA2Fo4o85dMRV4AaABAg,0,3 years ago,"hard, hard work filmed and edited to look effortless. this is a traditional but not simple life. liziqi is beautiful and talented but do the viewers seriously think everything she cooks is just for granny and her? this girl is a very intelligent business woman and makes a living from everything she makes. and good for her!! congratulations liziqi and all the best wishes for success.",拍摄和编辑艰苦，艰苦的工作看起来毫不费力。这是传统但不是简单的生活。 Liziqi美丽而有才华，但观众是否认真地认为她烹饪的一切都适合奶奶和她？这个女孩是一个非常聪明的商人，她的赚钱谋生。对她有好处！恭喜Liziqi和成功的一切祝福。
21399,UgyXEZML3BsI_gODjZh4AaABAg,0,3 years ago,"hello liziqi, i just started watching your videos this week and i am totally hooked. the way you living your life inspired me. i would like to be like you someday. no not a vlogger but a person living a life like yours. i'm inspired by how simple life in the countryside as you portray in your video. please keep making videos with substance.",您好Liziqi，我本周刚刚开始观看您的视频，我完全迷住了。你生活的方式启发了我。我想有一天像你一样。不是vlogger，而是一个像你这样的生活的人。当您在视频中描绘的那样，我的生活在乡村生活的启发。请继续用实质性制作视频。
21127,Ugyi9Rl48vp_sGcJmYF4AaABAg,0,3 years ago,simple but delicious food,简单但美味的食物
34186,UgztdGqZheFuyn-yu-t4AaABAg,0,3 years ago,i love u r videos & u r very simple and beautiful.,我喜欢你的视频，并且非常简单和美丽。
20725,UgwKogBaeEUPT5EqKz54AaABAg,0,3 years ago,"independence, innocence, simple, happy, what women should have",独立，纯真，简单，快乐，是女人该有的样子
20584,Ugy5NcBNwXADBFkrDil4AaABAg,0,3 years ago,"i am fharel from indonesia and i seem to fall in love with this woman, simple and not chasing a temporary world 
(i'm serious)","我是来自印度尼西亚的Fharel，我似乎爱上了这个女人，而不是追逐一个临时世界
（我是认真的）"
19923,UgwOMxVzQ3fQTKRWanN4AaABAg,0,3 years ago,"i love her attitude so much, she is very simple and there's no silan silan to herself :) i want a lady like her :) and their place is very praceful, no need work hard for the money becuase they have everything in their surroundings -:)",我非常爱她的态度，她很简单​​，而且没有硅胶硅，:)我想要一个像她这样的女士:)而且他们的位置非常贴切，不需要为钱而努力工作，因为他们在周围的环境中拥有一切 - :)
19888,UgzR2NcdWac3Qu4SfSx4AaABAg,0,3 years ago,love this simple life,爱这个简单的生活
22762,Ugy2jT9zzJU4padw5pJ4AaABAg,0,3 years ago,the video is very simple,视频很简单
27268,UgxSafRcwqP8Y38qfml4AaABAg.8ygezvYh5k68yjpmWikl1-,0,3 years ago,"vash stampede um, i really admire her self -sufficient simple life",Vash Stampede 嗯嗯，真的很佩服她这种自给自足的纯朴生活
22857,UgypSCYcF8YGiJlqCqx4AaABAg,0,3 years ago,"with the most simple ingredients, the most beautiful scenery, and my grandmother's smile and discourse, i envy me. you know that so many foods you like and taste with your family. in the beautiful natural green scenery, you do n’t know if you in the future. will you persist?",用最淳朴的食材，最美的景色，加上外婆的笑容和话语让我好个羡慕，你知道做这么多大家喜欢的美食和家人一起品尝，在美好的自然绿色风光里面，不知道以后的你会坚持下去吗?
28376,UgyoSurSYEwmKtIRyFF4AaABAg,0,3 years ago,"nature here is fictional, god willing, how beautiful is simple life, you are really wonderful",这里的大自然是虚构的，上帝愿意，多么美丽，简单的生活，你真的很棒
27468,UgzekiMsIrftamoTLtx4AaABAg,0,3 years ago,peaceful life is so simple ... i just need to be like that,和平的生活是如此简单...我只需要那样
27588,UgzFwyZ2d1JsLh6rXt54AaABAg,0,3 years ago,"this video should have been called ""ancient chinese style cooking made simple by a modern girl""!!!",该视频应该被称为“现代女孩制作简单的古代中国风格烹饪” ！！！
26210,Ugx00Qwhv3LOmdfBaq14AaABAg,0,3 years ago (edited),i want a life as simple as hers,我想要像她一样简单的生活。在自然界和呼吸新鲜空气中，必须是没有痛苦的生活。谢谢你让我感到嫉妒和快乐:)
26134,Ugz14refm7y9WBTID2t4AaABAg,0,3 years ago,so peaceful.. i like such simple ordinary scenes in china,如此和平..我喜欢中国如此简单的普通场景
26109,UgxJy5mtPDN36vq0LAZ4AaABAg,0,3 years ago,very simple,很朴实
26032,UgyVMuvDUCvzeUjjMMt4AaABAg,0,3 years ago,"i'm confused, is this from china or vietman? it looks like vietnam country.. all her videos are amazing and great... i love the way she lives, it's a very simple living, lot of food from her own farm, harvesting every time she needs food to eat, and she is a very good cook, and creative on how she makes her menu deliciously. the foods she cooked very healthy.",我很困惑，这是来自中国还是越野？看起来像越南国家。.她所有的视频都很棒，很棒...我爱她的生活方式，这是一个非常简单的生活，她自己的农场里有很多食物，每次她需要食物都需要吃东西，她是一个非常好的厨师，并且在她如何使菜单变得美味的情况下创意。她烹制的食物非常健康。
27944,UgwHF3iuK6BQgwS858J4AaABAg,0,3 years ago,"she reminds us the simple but healthy lifestyle of our past. ''grow your own food and respect the earth that created you.'' everyone went to the cities but they forgot that the true meaning of life, is back to their roots.",她提醒我们过去简单但健康的生活方式。 “种植自己的食物，尊重创造你的地球。”每个人都去了城市，但他们忘记了生活的真正含义又回到了他们的根源。
19833,UgyFPDIGd23lhhxip554AaABAg,0,3 years ago,i like it very much. the way is simple and happy with our home and nature.,我非常喜欢它。道路对我们的家庭和自然很简单。
25161,UgwHXXpwh5TITRLYhRJ4AaABAg,0,3 years ago,wow amazing and simple life province,哇惊人而简单的生活省
28142,UgxT1dnAkn-PDv_-ZlZ4AaABAg,0,3 years ago,i like this simple life.,我喜欢这种简单的生活。
25022,UgyxvSVRnwEk_fUEJv94AaABAg,0,3 years ago,"i always get hungry when i see you cooking your food. maybe they are simple dishes of your tradition, i don't know, but if i were there i would look forward to tasting all those delights. then the surrounding environment, at least for me, is paradise. magnificent.",当我看到你在烹饪食物时，我总是饿。也许它们是您传统的简单菜肴，我不知道，但是如果我在那里，我会期待品尝所有这些美食。至少对我来说，周围环境就是天堂。华丽的。
28158,Ugw8W5L_SHdDP6XNjQt4AaABAg,0,3 years ago,i love the girl so simple..,我爱这个女孩如此简单..
28272,UgxllPR7yZm4hxmYK3R4AaABAg,0,3 years ago,a very simple and natural feature .... so beautiful,一个非常简单和自然的功能....如此美丽
24642,Ugxu6Vkjvi77UA5rqfN4AaABAg,0,3 years ago,"so relaxing to watch her videos about simple life in the country, cooking delightfully nutritious food and astonishing view of mother nature.",因此，放松身心观看她的视频，了解该国的简单生活，烹饪令人愉悦的营养食物以及对大自然母亲的惊人景色。
22906,Ugzn-_TK4uBcXiCDXlx4AaABAg,0,3 years ago,simple owsm.,简单的OWSM。
24615,UgzAeO4I7uyrbjCip-54AaABAg,0,3 years ago,your style of cooking amazes me. you inspire me to cook the simplest way and to create my own cooking videos,你的烹饪风格使我惊讶。您激发我烹饪最简单的方式，并创建自己的烹饪视频
28478,UgxLK-ZmEkqkkWU8an54AaABAg,0,3 years ago,"looking at your video, i really want to go back to the countryside of china. there are also fields in the house, there are trees, there are flowers and old houses. i do n’t know why i abandoned such a simple and beautiful life at that time and ran to mei village ...",看着你的视频，我也好想回中国的乡下。刚好家里也有田也有树也有花也有老屋，都不知道为什么当时抛弃了那么淳朴致美的生活跑到了美村…………
29874,UgzSQrGj-ndNxPJOAst4AaABAg,0,3 years ago,"ohh how lucky your grandma/mother. she eats fresh foods from the garden. what a simple life. this is the prof that money can't buy all things in this world. no preservatives woahhhh! i hope i could go there at your channel hehehe.
from philippines mabuhay ka!","哦，你的奶奶/母亲多么幸运。她吃了花园里的新鲜食物。多么简单的生活。这是金钱无法购买这个世界上所有东西的教授。没有防腐剂woahhhh！我希望我可以在你的频道上去那里。
来自菲律宾Mabuhay ka！"
24079,UgyQtRhnyWGd8CRl-QR4AaABAg,0,3 years ago,"why don't people live, so simple? without civilization, without money, without wars? for simple human happiness, because not so much and it is necessary!",人们为什么不这么简单生活？没有文明，没有金钱，没有战争？为了简单的人类幸福，因为不是那么多，这是必要的！
31076,Ugz5aM-W3qvBu0uqwB54AaABAg,0,3 years ago,simple and simple,简单淳朴
31162,Ugx2SeKdiMLI5WXz5q14AaABAg,0,3 years ago,"if i can judge correctly, then the hardworking and unpretentious skillful girl and her mother (or grandmother) were placed in environmentally friendly conditions, provided them with a house and removed from the entire city bustle. they provided everything necessary and observe their simple life.",如果我能正确判断，那么勤奋而朴实的熟练女孩和她的母亲（或祖母）就处于环保条件下，前提是他们有房子，并从整个城市的喧嚣中撤离。他们提供了必要的一切，并观察他们的简单生活。
24070,UgywEQDLGwKL-nX9dVF4AaABAg,0,3 years ago,boil bowl screw powder is really not simple ~ more ingredients,煮碗螺丝粉还真不简单~配料多
31265,UgybHSN9W2Ss1N8SRx54AaABAg,0,3 years ago,such a simple life does not have,如此简单的生活没有
24062,Ugy66FH0PNtjxrFniMt4AaABAg,0,3 years ago,"is anyone vietnamese here, it is true that the fairy life is simple and happy.",是任何越南人，童话生活都是简单而快乐的。
23810,UgzhtVZU25XCPHksz014AaABAg,0,3 years ago,simple life .. quality real food.. long and healthy life.,简单的生活..高质量的真实食物..漫长而健康的生活。
23732,Ugyj5kXFQxXFeYrgHRN4AaABAg,0,3 years ago,a simple girl. make sure you like it,一个简单的女孩。确保您喜欢它
23278,UgytxmQ4L1RlvUJH9U54AaABAg,0,3 years ago,#how to make a simple and delicious soba noodles https://youtu.be/c-utgzfc7-8,＃如何制作一个简单可口的荞​​麦面https://youtu.be/c-utgzfc7-8
27354,UgynITAsanh_G_BGZPJ4AaABAg,0,3 years ago,beautiful videos thanks to you i am considering changing my life to have a simpler and more natural full of peace and harmony such as your videos. thank you for such beauty a greeting from spain,美丽的视频感谢您，我正在考虑改变自己的生活，以使您的视频更简单，更自然地充满和平与和谐。谢谢您的美感
25420,Ugz18B-qr2SFyatGV3B4AaABAg,0,3 years ago,"so peaceful, simple and satisfying",如此和平，简单和令人满意
418,UgypYEdZ2gCw1ibN1Ld4AaABAg,0,5 months ago (edited),there's only 1 thing 李子奇 can't cook is american hamburger because it's too simple!,只有1件事李子奇不能做饭是美国汉堡包，因为它太简单了！
19626,UgycVTw5Mibcir6LzfZ4AaABAg,0,3 years ago,"the little girl next door, simple and unpretentious",邻家小妹，朴实无华
7019,Ugzl-GgnNoc4-K35HOt4AaABAg,0,2 years ago,"beautiful and peaceful. simple but profound. life is born we leave us and forced us to be responsible for life.
the mind was confined to love. faith is short. the mind is not consistent. nostalgia bothering me. different vs prejudice. freedom and peace. the immense loneliness between money. look at me because we are the main opinion.","美丽与和平。简单但深刻。生活是诞生的，我们离开了我们，迫使我们对生活负责。
思想仅限于爱。信仰很短。头脑不一致。怀旧困扰我。不同的与偏见。自由与和平。金钱之间的巨大孤独感。看我，因为我们是主要意见。"
8188,Ugwv_jFmEQww5cmYCjB4AaABAg,0,2 years ago,life is so simple,生活是如此简单
8674,Ugy30w5mEPwXmcgwWgV4AaABAg,0,2 years ago,"what a life, no degree race no job prob, no traffic issue, no late home coming tension, no cinema tickets queue, no zinger no big mack, no fries no artificial life, no tv no politics tensions, no satanic culture, just pure simple and tension free heaven's life. ahhh i can just imagine for me",多么多的生活，没有学位的没有工作概率，没有交通问题，没有晚期的紧张局势，没有电影票队列，没有Zinger没有大麦克，没有薯条，没有人造生活，没有电视政治紧张局势，没有撒旦文化，只是纯粹简单无力的天堂的生活。啊，我可以想象我
8701,UgwyWev60O0SIJzZgpd4AaABAg.9B0gsfx5iJg9BNKLF_phSA,0,2 years ago,"jia yao tay is good, everyone in my hometown is quite simple, i often go home to see",jia yao tay 不错，家乡的人都挺淳朴的，常回家看看
8877,UgxqTTJX9Uhtao-dDrV4AaABAg,0,2 years ago,really love the way u cook. simple but looks yummy,真的很喜欢你做饭的方式。简单但看起来好吃
10466,UgyWdVnZa1MpPLFfSht4AaABAg,0,3 years ago,their life is just so simple i want that life unlike life in los angeles it's crazy here,他们的生活是如此简单，我想要与洛杉矶生活不同的生活，这里很疯狂
10916,Ugw4DV7mgMMZc7acLat4AaABAg,0,3 years ago (edited),"it feels very spicy, the heroine is simple and cute, i like it",感觉很能吃辣，女主单纯可爱，喜欢
11036,UgxId9g1L5p1yxJDkbJ4AaABAg,0,3 years ago,i would honestly love to go to a retreat where i would stay at a host home and live a simple life for a month helping maintain the garden and go out gathering ingredients learning how to cook authentic traditional food,老实说，我会喜欢去静修处，在那里我会住在房屋中，过一个月的生活一个月，帮助维持花园，然后收集食材，学习如何烹饪真实的传统食物
11259,Ugy15aq5hYMJE8CoL9N4AaABAg,0,3 years ago,china's country side is so beautiful.i really appreciate her hard work. farm life is simple but hard.i am a farm girl n will always be.cities dont attract me at awl,中国的乡村方面是如此美丽。我非常感谢她的辛勤工作。农场生活很简单，但是很难。我是一个农场女孩，永远不会吸引我
11744,Ugy3mdaz1AbJEdvOHQV4AaABAg,0,3 years ago,proof that the best things are in the simplest,证明最好的事情是最简单的
11910,Ugxa5nr2jAPw4kOm2iN4AaABAg,0,3 years ago,simple and excellent!,简单而出色！
12100,UgzF9W71RnUQB7TMdMB4AaABAg,0,3 years ago,"everything is so simple and not complex, peaceful and serene, all you need is your grandma!!",一切都是如此简单，不复杂，和平与宁静，您需要的只是您的祖母！
12305,Ugxsp_qJTlLRUh6A_5R4AaABAg,0,3 years ago,"bring bamboo look really like. both big and white, beautiful mountains. there is no need to say much but still bring attractive appeal. the simple beauty of the countryside looks like eyes. the main character is hard -working hard. all homegrown",带上竹子看起来真的很像。大与白色，美丽的山脉。无需说太多，但仍然带来吸引人的吸引力。乡村的简单美丽看起来像眼睛。主角很难工作。所有本土
12388,UgwaWQBKFhXFqP1RFLN4AaABAg,0,3 years ago,your life so simple girl & natural,你的生活如此简单的女孩和自然
12447,UgxFBLaElnop_IoSJtZ4AaABAg,0,3 years ago (edited),"i'm a big fan of li ziqi ♥️
love her and admire her alot 
she doesn't need any modern equipment but she can cook almost everything. so fresh and simple","我是Li Ziqi的忠实粉丝♥️
爱她，欣赏她的很多
她不需要任何现代设备，但她几乎可以煮一切。如此新鲜和简单"
12464,UgwCs45BoT2KwSzj5UZ4AaABAg.96cQLmtoaRo97JkcTaPz7f,0,3 years ago,"doraemon nobita. i know, but i have money to choose a simple way to live",doraemon lobita。我知道，但是我有钱选择一种简单的生活方式
12569,Ugy9i-hwFIVkDw6gxxN4AaABAg,0,3 years ago,"wow, i want to have a simple lifestyle like this.",哇，我想拥有这样简单的生活方式。
12689,Ugzx5UEscRERWwHwmaJ4AaABAg,0,3 years ago,"like they always say... the simpler your life,,the better...",就像他们总是说...您的生活越简单，越好...
8106,UgzufY8I25uzRYKmzWF4AaABAg,0,2 years ago,delicious simple easy to get greetings mks the recipe? ๐‘๐‘๐,美味的简单容易获得问候MK的食谱？
6860,Ugwn4kqRUKxgFvvz9bV4AaABAg,0,2 years ago (edited),"a man longs for such a life โ—
it's actually difficult.
in the first place, i do not meet such a beautiful, simple and good -looking woman ๐ฅ","一个男人渴望这样的生活❗
实际上很困难。
首先，我没有遇到如此美丽，简单和好看的女人"
19361,Ugzynqv1tPjH9g1WSth4AaABAg,0,3 years ago,such a simple and beautiful way to live,如此简单美丽的生活方式
6671,UgxF_MAsQXFvfQGPiPh4AaABAg,0,2 years ago,simple but it looks good,简单，但看起来不错
1633,UgxfGV-VZpHBD_Bl2g14AaABAg,0,1 year ago,"and i miss the talent
i miss the creativity
i miss the simplicity 
i miss the hard work
i miss the newness
i miss the beauty
i miss the love
i miss the real life
i miss the simple cooking
i miss the weather 
i miss liziqui and grand mom","我想念才华
我想念创造力
我想念简单性
我想念辛勤的工作
我想念新的
我想念美丽
我想念爱
我想念现实生活
我想念简单的烹饪
我想念天气
我想念Liziqui和大妈妈"
2322,UgywTEfUz-Y9oen9ktN4AaABAg,0,1 year ago,a very peaceful life of simple peace with the people we love,与我们所爱的人的简单和平的和平生活
2957,Ugwq81X5iwoPZ-BvQ3h4AaABAg,0,1 year ago,simple.,简单的。
3302,UgyZrPi2jQU4Q_UP3Xx4AaABAg,0,1 year ago,whoever disliked her video they are just jealous and lazy people simple as that!!,谁不喜欢她的视频，他们只是嫉妒和懒惰的人简单！
3419,Ugzt5L6uIhVlx6YNpP14AaABAg,0,2 years ago (edited),"this is freaken beautiful but its a difficult life. you work your ass off for every single meal. every meal is prepared and planted months in advance. if u dont keep up you go hungry. if there is a shortage, or the crops dont yield as plan, you go hungry. my family has lived this life and while its simple, its hard, very boring, and u basically dont know what is going on in the world. you yearn for new clothes, technology, education, and sometimes a big mac.",这真是太美了，但它是一种艰难的生活。您每顿饭都要做屁股。每顿饭都是准备好几个月的。如果你不跟上，你饿了。如果短缺或农作物不屈服于计划，您会饿。我的家人已经生活了这一生，尽管它简单，艰难，非常无聊，而且您基本上不知道世界上发生了什么。您渴望使用新衣服，技术，教育，有时甚至是巨无霸。
3680,UgzTURvV2lF5YT8xX7V4AaABAg,0,2 years ago,she is so simple i love her,她是如此简单，我爱她
4184,Ugx0wcVCIx03qPe3SDB4AaABAg,0,2 years ago,"see modern girls just live a simple life, right?",看到现代女孩只是过着简单的生活，对吗？
4733,Ugy_LV4Kk6mgGiUqj1R4AaABAg,0,2 years ago,"life in rural is very simple but the most beautiful as the needs of every human is available.
simple living high thinking with long life-uncorupted by modern impurities.
long to live your life.","农村的生活非常简单，但最美丽，因为每个人的需求都可以使用。
现代杂质的寿命很简单，长期生活。
渴望过你的生活。"
4992,Ugzu6L_hwKVdfaqgOVt4AaABAg,0,2 years ago,it's so natural...very simple food ..,很自然...非常简单的食物..
5359,Ugz2wsIqgBDsN3wzSyZ4AaABAg,0,2 years ago,"i'm asian and i live in canada now. i miss this life. i miss having all you need in your backyard. i miss raising pigs, goats, and cows. i miss having fresh eggs for breakfast every morning. and having to take care of the chickens and ducks so they stay healthy so they keep bringing eggs. i miss cooking vegetables that you harvest from your own garden. going to the river to gather clams and snails. i miss my simple life back home. now i'm stuck working in a concrete jungle. we always want to run towards better opportunity but, the heart always belong at home.",我是亚洲人，现在住在加拿大。我想念这一生。我想念您在后院拥有的一切。我想念养猪，山羊和牛。我想念每天早上吃早餐的新鲜鸡蛋。并且必须照顾鸡肉和鸭子，以便它们保持健康，以便继续带鸡蛋。我想念您从自己的花园收获的烹饪蔬菜。去河流收集蛤和蜗牛。我想念我简单的生活。现在，我被困在混凝土丛林中。我们总是想朝着更好的机会奔波，但是，心脏总是属于家。
5731,Ugx4FJrMWFTL0zLyGGp4AaABAg,0,2 years ago (edited),"the same simple life in the village, the way to cook is also exactly the same, gardening, then the cooking tools are exactly the same as the indonesian state. maybe because i used to be colonized by japan, there was an influence of similarity. i like it japanese โฅ ๏ธ โฅ ๏ธ",在村庄的生活方式相同，烹饪方式也完全相同，园艺，然后烹饪工具与印度尼西亚国家完全相同。也许是因为我曾经被日本殖民，所以有相似之处。我喜欢日本♥️♥️
5791,UgxYgJUJREUDRxnOU-94AaABAg,0,2 years ago,simple and delicious,简单可口
6351,UgzrOgipSKHwc8hEvCV4AaABAg.9EsO86ldc5x9HAquMZgWAc,0,2 years ago,simple u need a 5 acres on land first and a degree combination of agriculture & cooking i'm like your big brother ๐‘,简单，您首先需要5英亩的土地，而农业和烹饪的学位结合在一起，我就像你的大哥哥
6369,Ugy82nJHwxum38cSff54AaABAg,0,2 years ago,what a great scene nice view nice food good quality of shots nice angle i wish we all live happy life and simple life like this,多么美好的场景，美好的食物质量好，镜头好，我希望我们所有人都过上幸福的生活和简单的生活
6555,UgzjtcEc1YQ_o0QrzC54AaABAg,0,2 years ago,"she is truly an inspiration. ๐i watched almost every videos in her channel. โค๏ธ makes me want to live a simple life too. to everybody enjoying it as well i wanna share with you my friend's music and hopefully liziqi notice it too (would be truly awesome ๐). he writes very good music for free and it's a nice way to enjoy life even on quarantine. let's all share positivity and love. you can check the link below! ๐€

https://m.youtube.com/channel/ucdexl2evplsj8dvfv4cmcga","她确实是一个灵感。 

https://m.youtube.com/channel/ucdexl2evplsj8dvfv4cmcga"
6656,Ugw6M3VqRH_ZSqd1Ibp4AaABAg,0,2 years ago,this kind of food making is simple but it is so hard working,这种食物制作很简单，但是很难工作
6664,UgzWexkFOUxtU7Eob-F4AaABAg,0,2 years ago,simple life simple pleasures. โค๏ธ,简单的生活简单的乐趣。 ❤️
13024,Ugwl6sRonzHw35234nV4AaABAg.963I9wQO_pk96YQGK8uJ3d,0,3 years ago,ya it kept healthy to our body fresh and simple cook same as our lifestyle we use to eat our own veg which we grow so......we are healthy,是的，它使我们的身体保持健康新鲜和简单的厨师，就像我们用来吃自己种植的蔬菜一样的生活方式，所以……我们很健康
13832,UgzSSjalyHfUkfMlCgN4AaABAg,0,3 years ago,such a simple peaceful life...very enticing!,如此简单的和平生活...非常诱人！
13874,UgzIGr93BTagnSGpe4N4AaABAg,0,3 years ago,"simple, easy, peaceful, and beautiful lifestyle",简单，简单，和平，美丽的生活方式
13977,Ugx7AYBPQNeaimkUkPZ4AaABAg,0,3 years ago (edited),encourage us to..have a simple life ..she's amazing,鼓励我们去..她的生活很简单。
16245,Ugxk2ae5I0CKH-TorMx4AaABAg,0,3 years ago,life is so jealous. being in a very simple life.,生活是如此嫉妒。生活在非常简单的生活中。
16341,UgyEvds2pD1zOoeTmzV4AaABAg,0,3 years ago,"her life is simple, but her video are not simple at all, camera angle, lighting, quality of editing, storyline all that take so much hard work to create quality content.",她的生活很简单，但她的视频根本不简单，相机角度，照明，编辑质量，故事情节都花费了很多艰苦的工作来创建优质的内容。
16437,UgxS-FdCLh-dgIw8zbt4AaABAg,0,3 years ago,"in china, there are so many different foods, all sorts of ingredients. maybe they usually cook something simple, xs. but that i usually cook my family in ukraine: borsch, soup, cereals, potatoes in different types. all.

it is a pity that we do not grow bamboo","在中国，有很多不同的食物，各种成分。也许他们通常会煮简单的东西，xs。但是我通常在乌克兰烹饪我的家人：波尔奇，汤，谷物，土豆不同类型。全部。

可惜我们不种竹子"
16549,UgyYvj-aFaMGlFyhB8J4AaABAg,0,3 years ago,"the video is simple and good, but if you eat too much, you will feel that vegetarian food is really delicious. do n’t forget to live in the city and then go to the countryside for a few days. can you let him try? seeing a meal comments are all that the natural things are so good. you can experience the experience of human beings. if human beings have been developed today, but a step -by -step progress, you have to return to the real experience.",视频简朴很不错 但是荤吃多了吃顿素的会感觉素食真是超级好吃 别忘了住惯城市后再去农村待过几天可以 你让他待几个月试试？看一顿子评论全是说自然的东西多好 你去体会体会就知道了 人类发展到今天可是一步一个脚印进步的 你非要返璞归真 体验可以 长期真不行
16684,Ugz1aYSqAeSw6KAdil54AaABAg.92sj7Ts61e992vHqfJfS42,0,3 years ago,"not really simple, farming is more complex than you think. you have to be very hard working to have a life likes this.",并不是很简单，农业比您想象的要复杂。您必须非常努力地努力才能过这样的生活。
16974,UgzJ_SvtXHIWyD14PIh4AaABAg,0,3 years ago,"why her fans are most of non-chinese? i don't think foreigners knows anything about china: she's one of the 0.3 billion people living in remote area where the young are trying to escape from... if i'm aged, i will leave the big cities, live simple life like her",为什么她的粉丝大多数是非中国人？我认为外国人对中国一无所知：她是居住在年轻人试图逃脱的偏远地区的3亿人之一...如果我年老，我将离开大城市，过着简单的生活她
17266,UgxH5gutUKWSDTygJL54AaABAg,0,3 years ago (edited),simple life,简单的生活
17413,UgwV-uzw6206Qx2IoKZ4AaABAg.92kaKG0I8dO92oP2CXCPXy,0,3 years ago,@dexter_7883 hey dude...even m saying she is..the only thing i want mention is she a simple and beautiful..dnt mind with my comment if u don't like..,@dexter_7883嘿，伙计...甚至我说她是..我唯一要提及的是她一个简单而美丽的..如果你不喜欢的话，我的评论不在乎..
17560,Ugy6_vIHnOI0jsKcogt4AaABAg,0,3 years ago,"this is really a person who can really cook and really live in the countryside
i can choose the hills that are impossible to appear with those who pretend to be rural people.
i prefer this simple one than those who fake","这才是真的会做菜 也是真的在乡村生活的人 
跟那些装逼的 装成自己是乡村人 结果食材都挑选山里不可能出现而且极度昂贵的好上不知道千百倍
比起那些造假的更喜欢这种朴实的"
17890,UgyN2zPy9Un8LHVRzit4AaABAg.92ejtFMt6xr92evr3h9NRf,0,3 years ago,so why should i ask the simple question,那么简单的问题为什么要问
18059,UgxBNOEbXvea0YqCmJl4AaABAg.92bpytRnG4Q92cJl3Dii5n,0,3 years ago,"i see you hate ccp, it's understandable. however you can't prove this is big lie because what li ziqi did here is not an easy life but a simple and hard life. she takes hours or even days to prepare a meal from scratch. not everyone can work bare feet&hands in the farm.",我看到您讨厌CCP，这是可以理解的。但是，您无法证明这是大谎言，因为李Ziqi在这里所做的不是轻松的生活，而是一种简单而艰难的生活。她需要数小时甚至几天才能从头开始准备一顿饭。并非每个人都可以在农场赤脚和手工作。
18076,UgzICLUeigaR0os20BJ4AaABAg,0,3 years ago,"i am also guangxi people, although i have n’t stayed for a month in guangxi for decades. this kind of simple and warm life is really long -term, praying for you forever, shiitake mushrooms",我也是广西人虽然几十年来在广西都没有呆足一个月，这种淳朴温馨的生活真是令人心神向往，祈求你们永远幸福，香菇
18202,Ugxu60tajHiRXoTKGPx4AaABAg,0,3 years ago (edited),"this is not chinese life and her real life, kind of drama play actually, people in china have different attitudes towards this channel because these are all ""fake"" drama play. the reality of chinese rural area is poor, out of electricity/fresh water and no health care. no one really does these cooking, she has a team to plan all these for her we hate her videos because it makes people from other countries thought chinese lives in rural are easy, simple and fun. but actually it is totally opposite!",这不是中国的生活和她的现实生活，实际上是戏剧，中国的人们对这个频道有不同的态度，因为这些都是“假”戏剧。中国农村地区的现实很差，出于电力/淡水而没有医疗保健。没有人真正做这些烹饪，她有一个团队来为她计划所有这些，我们讨厌她的视频，因为这使来自其他国家的人们认为中国人在农村生活很容易，简单和有趣。但是实际上是完全相反的！
18221,UgwR5QIQaHY_xV2hq1t4AaABAg,0,3 years ago,"enjoy watching this on a big tv. really like the country style simple cooking with fresh ingredients of morning dew bamboo shoots, wood ears, long string beans, ... nice!",喜欢在大型电视上观看。真的很像乡村风格的简单烹饪，新鲜的露水竹芽，木耳朵，长丁豆，...很好！
18244,UgzO9RReP89Kg9NVxVF4AaABAg.92Ytme4gJow92bDNuKUn1-,0,3 years ago,"aarya anadeo's true and simple rural life, i long for it. want to go back to nature, instead of chasing in high -rise buildings.",Aarya Anadeo 真实又朴实的田园生活，我很向往。想回到大自然生活，而不是在高楼大厦中追逐。
18408,UgzCB_PORgzg3qapZMp4AaABAg.92VfxrpYhlk92mr7fDLz1q,0,3 years ago,"guy core you are wrong, she lives in a normal small village, the local people are very simple, except for the wild bamboo shoots and fungi on the mountain, many things are villagers'homes",盖伊核心你错了，她住在一个普通的小村庄里，当地人很简单，除了山上的野竹芽和真菌，许多东西都是村民
19233,Ugxjn_unx_bRM5ELZ4J4AaABAg,0,3 years ago,she is a woman of my dreams. she is good. and live a simple life with nature this is my dream life.,她是我梦dream以求的女人。她是很好的。并与自然过着简单的生活这是我的梦想生活。
16079,UgwFZtxECJByxC4Oix14AaABAg,0,3 years ago,"the whole video just reminds me of my grand parents who lives in the mountains. simple life. no drama. btw, they’re both on their 90s but still cultivating land and does farming.",整个视频让我想起了我住在山上的祖父。简单的生活。没有戏剧。顺便说一句，他们都处于90年代，但仍在耕种土地并从事耕种。
16048,Ugy7tyYK0VrY1igJFlF4AaABAg,0,3 years ago (edited),"each of her videos is a portrait of simple but heavenly sensational life style. there's no glamorized outfit or makeups, no personal assistant helping with her hair, touching up her face or changing clothes. 
but her true life stories attract soooooo many millions of views and subbies! from different countries! even people don't speak or perhaps don't understood chinese!","她的每个视频都是简单但天堂般的轰动生活方式的肖像。没有迷人的服装或化妆，没有私人助理帮助她的头发，抚摸她的脸或换衣服。
但是她的真实生活故事吸引了数百万的观点和sibbies！来自不同国家！甚至人们不会说话，也许也不了解中国人！"
16047,UgwDdlcBTyPHQ9B4b4F4AaABAg,0,3 years ago (edited),"good thing you have commercials now! keep it up! don't skip adds! when i'm old and retired, may i be blessed with the same simple yet fulfilled life! hao hao!",好东西，您现在有广告！继续努力吧！不要跳过添加！当我老了并退休时，我可以得到同样简单而充实的生活的祝福！ hao hao！
15132,UgyDd785tYvpzokfbIt4AaABAg,0,3 years ago,"8.16 million subscribers. i wonder how much she makes from youtube alone each month. she probable could hire a team of more than a dozen farmers to help. based on the amount of veggies growing in her garden/farm, she would need more than ten farmers. add to that other labor intensive work (based on the other videos), such as raising lamb for wool, harvesting the wool and cleaning/dyeing/spinning the wool which she used to knit a huge winter coat. i know i won't be able to do all those without help. while i enjoyed the videos and admire her capabilities, i enjoy my simple life without having to toil like her. another note: unless she is selling them, why does she cook so much food? harvest so much veggies put into jars to ferment - that would last her ten years of fermented veggies, etc., etc. overall, one needs more than the knowledge of ten phd's to do all what she is doing in these videos. congratulations to her, super woman/girl. for city girls, don't dream of living like her, just not practical or possible. enjoy your city life.",816万用户。我想知道她每个月独自从YouTube中赚多少钱。她可能会雇用一个由十几个农民组成的团队来提供帮助。根据在她的花园/农场种植的蔬菜数量，她需要十多名农民。再加上其他劳动密集型工作（基于其他视频），例如抬起羊毛的羔羊，收获羊毛，清洁/染色/旋转羊毛，她用来编织一件巨大的冬衣。我知道我将无需帮助。当我喜欢这些视频并欣赏她的能力时，我享受了简单的生活，而不必像她一样辛苦工作。另一个注意：除非她要出售它们，否则她为什么要煮这么多食物？收获太多的蔬菜将罐子放入发酵中 - 这将持续她十年的发酵蔬菜等。总的来说，一个人比十个博士学位的知识更需要做她在这些视频中所做的一切。恭喜她，超级女人/女孩。对于城市女孩来说，不要梦想像她一样生活，只是不切实际或可能。享受你的城市生活。
14284,UgyGgWlSkq2TtDLz9bR4AaABAg,0,3 years ago,"she's an awesome woman, and may the universe continue to give her and her family exactly what they have now a simpler way of life it just keeps them happy awesome. and i will continue to watch her videos",她是一个很棒的女人，愿宇宙继续为她和她的家人提供他们现在拥有更简单的生活方式，这使他们快乐。我将继续观看她的视频
14308,UgxKCmlzjTNOh9dhPi54AaABAg,0,3 years ago,man.. i want to live like her.. it simple.. rich .. peaceful life..,男人..我想像她一样生活..这简单..富裕..和平的生活..
14341,UgwRV3XrOklcKRNLX4B4AaABAg,0,3 years ago,it is barbi makes everything look so simple,芭比使一切看起来都很简单
14364,UgxwKhLTrxOPstD_wQR4AaABAg,0,3 years ago (edited),"i discovered your videos two days ago-i have been doing a marathon. i celebrated chinese new year today and went to find some authentic chinese food that was nothing like your meals. i went outside and tried to fix my failing garden. you gave me hope i can try again and make it happen. all of it. i’ve made big furniture pieces myself w wood and twine, and i have some farm experience...but you tied it all together. i tip my hat to you sister. i have my own youtube show i just started about my fashion line and i am so re-inspired. i can watch you for hours. from so. california i want to say thank you being bold, in charge and making the simple life contemporary and very well desired.",我两天前发现了您的视频 - 我一直在参加马拉松比赛。我今天庆祝农历新年，去寻找一些正宗的中国菜，这些菜与您的饭菜不一样。我出去试图修复失败的花园。您给我希望我可以再次尝试并实现它。所有的。我自己制作了大家具，木材和麻线，我有一些农场经验……但是你把它们都绑在一起了。我给你的妹妹给我帽子。我有自己的YouTube节目，我刚刚开始关于我的时尚系列，我是如此重新启发。我可以看你几个小时。来自这样。加利福尼亚，我想说的是，感谢您大胆，负责人，并使简单的生活当代和非常渴望。
14553,UgxS4pnoa9jW-jBYpe94AaABAg,0,3 years ago,i think her channel reminds us how simple happiness can be. it doesn't have to be something big in the worlds eyes. she brings us closer to nature by showing us all these... things❣️ i'm sorry for my bad english,我认为她的频道使我们想起了幸福的简单。在世界上，它不一定要大。她通过向我们展示所有这些...事物❣️我为我的不良英语而感到抱歉，使我们更接近自然。
15039,UgwmQ4yrnzY3V1syp9t4AaABAg,0,3 years ago,"the beauty of chinese countryside can only understand only people who have lived. i am a farmer from anqing, anhui. i have enjoyed the simple huifeng and wan yun.",中国乡村之美只有生活过的人才能了解。我就是一位来自安徽安庆的农民。从小享受朴实无华的徽风皖韵。
15116,UgzYaG8q1xN2uXktZBp4AaABAg.93XMX1w-pmD93sK_2qEYRI,0,3 years ago,"@onsight1318 most people despise the simple, rural life. a villager is synonymous with a fool",@Onsight1318大多数人鄙视简单的乡村生活。村民是傻瓜的代名词
15158,UgzgacEOczSpp2EvmN14AaABAg,0,3 years ago (edited),"working hard...
love grandma 
looks so gorgeous 
adorable 
simple 
❤❤❤❤❤


i'll be damn if anybody doesn't like her......","努力工作...
爱奶奶
看起来很漂亮
可爱
简单的
❤❤❤❤❤


如果有人不喜欢她，我会该死的……"
15863,Ugwnz54Uuc3AAU1NaqZ4AaABAg,0,3 years ago,nice life surrounded by life growig that feeds you what a beautiful place to live simple and free,良好的生活被生命的生命所包围，它可以为您提供一个美丽的地方，可以简单而自由地生活
15236,UgwQ1bvvL-paoCrGmhZ4AaABAg,0,3 years ago,cs is so simple,CS非常简单
15404,UgxM6M0zpu3k7SD32RR4AaABAg.93FjALA-hss97uvbghEZAu,0,3 years ago (edited),"that's a lot of manual labor for a fairytale, still the results are lovely and these videos are so relaxing, in some ways they remind me of my childhood home, it was simpler then...",这是童话般的手动劳动，结果仍然很可爱，这些视频在某些方面使我想起了我的童年家，那就更简单了...
15546,Ugw2BaI0nEIstTsrQ1B4AaABAg,0,3 years ago,i would love to live a simple life like this!,我很想过这样的简单生活！
15550,UgyEqAfl2gh17CQO5jp4AaABAg,0,3 years ago,"much can be learned from such a simple beautiful lifestyle, it's the simple things like these that make life a joy to be part of",从如此简单美丽的生活方式中可以学到很多
15608,Ugzkm0tVEq8X2RZGNKF4AaABAg,0,3 years ago (edited),"she's amazing! its obvious this show is done by professionals.i bet if the cameraman panned off of her we'd see idk a rural estate? she's a chef and those are big portions she's cooking,so she's not just cooking for her and granny. even if it is only a simple village i wanna go move there, live like that.",她太赞了！我敢打赌，如果摄影师摆脱了她，我们会看到IDK是农村庄园吗？她是厨师，那是她正在做饭的大部分，所以她不仅为她和奶奶做饭。即使只是一个简单的村庄，我也想去那样搬到那里。
15647,UgwEvrHNRKRMDYjhB-N4AaABAg.937oi--XsVs93J6D5fam6Z,0,3 years ago,"its the simple lifestyle she has, it keeps them young too.",这是她拥有的简单生活方式，它也使他们年轻。
15686,Ugxw4xyuB21W4RuNOIJ4AaABAg,0,3 years ago (edited),"i was enjoying the video and her stressfree, simple but life-fulfilling moments and activities, perfect/amazing skills/talents in any/every activity, warm auras, aesthetics of the camera angles and moments taken, when all of a sudden im interrupted by an ad. a pizza delivering, dominos ad.
when that car pulled up from the ad, reality hits me like a car accident, making me realize the life, society, environment, and most of all, the s t r e s s that i have and live in. im in an urban area, near an iconic city you could see in postcards. that ad, reminded of how every second counts as a huge factor in my life that could mess it up. that ad, brought back the stress, the feeling of every opportunity good or bad at every corner of my brain. that ad, brought back the weight, suffocation, and reminders that my life is in a city and not as stressfree and life-fulfilling such as her. 
now, i have to watch another video to bring down this stress.","我喜欢视频以及她的无压力，简单但充实的时刻和活动，任何/每项活动的完美/惊人技能/才华，温暖的光环，相机角度的美学和时刻，当时突然被我突然被我打断了一个广告。 Dominos广告的披萨交付。
当那辆车从广告中撤出时，现实像车祸一样袭击了我，使我意识到了生活，社会，环境，最重要的是我所拥有和居住的S t r s s。您可以在明信片中看到的城市。那个广告让人想起了每一秒如何算作我一生中可能会弄乱它的重要因素。那个广告带回了压力，每个机会在我大脑的每个角落都好坏。那个广告使重量，窒息和提醒我的生活在一个城市中，而不是像她这样的无压力和生活充实。
现在，我必须观看另一个视频以减轻这种压力。"
16752,Ugyvxbt-trccShpJTr94AaABAg,0,3 years ago (edited),"she is my dream wife just plain and simple woman no drama just only about family. i feel so at peace watching these videos
my god i wish i lived their","她是我梦dream以求的妻子，只是简单而简单的女人，没有关于家庭的戏剧。我感到和平观看这些视频
我的上帝，我希望我活着"
