,cid,votes,time,含pretty,含pretty中文翻译
23863,Ugw3Cxr5gIo_5_pT_454AaABAg,221,3 years ago,i’m pretty sure she made enough food to feed the film crew too!,我很确定她也做足够的食物来喂电影工作人员！
9013,UgzhzWVbJJOaHS4REKt4AaABAg,208,2 years ago,"an interesting observation: many western families grow beautiful flowers in their gardens, but in a chinese garden you are much more likely to see a great variety of vegetables such as peppers, tomatoes, eggplants, etc: just enough to supply a small family. they are as colorful and pretty. i believe such style reflects certain aspects of chinese culture and philosophy of life. grown up in china, i have always been pursuing a quiet, peaceful and self-sufficient life. and i found it in this film.",一个有趣的观察：许多西方家庭在花园里种美丽的花朵，但是在中国花园里，您更有可能看到各种各样的蔬菜，例如辣椒，西红柿，茄子等：足以提供一个小家庭。他们是丰富多彩的。我相信这种风格反映了中国文化和生活哲学的某些方面。在中国长大，我一直在追求安静，和平和自给自足的生活。我在这部电影中找到了它。
28552,UgxCpRiDGzrwuzVOfl94AaABAg.8yY6-41Td1g8zF7j7MJpc7,71,3 years ago,@franzpeters3824 nothing to do?... i can see she is working hard... and she posting videos which watch by over 1 million people.. and she get a pretty nice income...,@franzpeters3824无所事事吗？...我可以看到她正在努力工作...她发布了一张超过100万人的视频。
28273,Ugztn_zvZAGmFpPy9mx4AaABAg,45,3 years ago,those rose garden is so pretty,那些玫瑰花园是如此漂亮
16587,UgwG6EGI9KhD1FkfuKZ4AaABAg.92t3bTvXZ7H92vf7xJoD1c,44,3 years ago,pretty sure its her that's recording this... she's out in the wilderness. she's not in the city paying a photographer to film her.,可以肯定的是，她正在记录这一点...她在旷野。她不是在城市付给摄影师拍摄她的城市。
25907,Ugwwm1OnvPfUP_o1FNR4AaABAg,44,3 years ago (edited),"grump in the house!

oh wow this is amazing and so beautifully shot. that woman is very pretty too.","在屋子里脾气暴躁！

哦，哇，这真是太神奇了，很漂亮。那个女人也很漂亮。"
22395,Ugxf0U_unXMMBm4_65F4AaABAg.9-44izPIuzi9-IJdmx0zwj,41,3 years ago,"pretty sure after she finish recording all the video, she go right back into her room which have a 10000usd high end pc plus ac and do wt ever she want",可以肯定的是，她录制了所有视频后，她就回到自己的房间，那里有10000 usd High End PC加上AC，并且她想要的是WT
19944,Ugy64b8Tc-CR9fv_DdR4AaABAg.91FI0ImISkq91r-fVStewz,41,3 years ago,@ashoretoo i'm pretty sure it is jealous city women who disliked this. they're probably jealous that a hard working country girl can also look this pretty and maybe even prettier than themselves.,@ashoretoo我很确定是嫉妒的城市妇女不喜欢这个。他们可能嫉妒一个努力工作的乡村女孩也可以看起来很漂亮，甚至比自己更漂亮。
3471,UgyTXA9v0XHnuPKGjIV4AaABAg,24,2 years ago,"what i like the most about ziqi's videos: 1. she is so pretty and pleasant to look at; 2. the food looks so beautiful; 3. the countryside, the environment... everything in her videos, from the person to the environment, are just so beautiful and pure. i am glad that there are no men in her videos except the occasional appearance of the camera man.",我最喜欢Ziqi的视频：1。她看起来很漂亮和愉快； 2.食物看起来很漂亮； 3.乡村，环境...从人到环境的视频中的所有内容都是如此美丽和纯洁。我很高兴她的视频中没有男人，除了偶尔的摄影师外观。
26999,UgySTRxH_M-qBYqsoGx4AaABAg,20,3 years ago,"i visited in a korean news article. the video is really pretty, and she is also quite beautiful. the whole green-colored video is really amazing. it's a comfortable video to watch.",我在韩国新闻文章中访问了。该视频真的很漂亮，她也很漂亮。整个绿色视频真的很棒。这是一个舒适的视频。
13349,Ugy2EFfv0hjylyXBje54AaABAg,19,3 years ago,"she is pretty, and calm.. how beautiful..",她很漂亮，镇定..多么美丽。
9410,UgzQ15FwmzA7Hg-juap4AaABAg,15,2 years ago,she is pretty and also love her life style even we know the videos are shoot in purpose,她很漂亮，也喜欢她的生活方式，即使我们知道视频是有目的的拍摄的
10649,UgxqSpb3Gk81b3ZvGH54AaABAg.98VupjufjU798pf-9Y7AgB,14,3 years ago,and you don't think she's making money here? she has over 36mil subscribers. she is very very well off from youtube views. i'm pretty sure she's a millionaire at this point. earned it though.,而且您不认为她在这里赚钱吗？她拥有3600万以上的订户。从YouTube的景色中，她非常好。我很确定她现在是百万富翁。虽然赚了。
22398,Ugxf0U_unXMMBm4_65F4AaABAg.9-44izPIuzi9-RKeLIpay7,14,3 years ago,"@cyouchin5381 now you are fucking kidding me, what you think china is? third world country? pretty sure almost 90 % of china city have better development than usa, and you really think this channel didnt earn her any money?, let me approximate the number of how much she earns from this channel, around 10 k usd at least pre month",@Cyouchin5381现在您他妈的在开玩笑我，您认为中国是什么？第三世界国家？可以肯定的是，近90％的中国城市的发展比美国更好，您真的认为这个频道没有赚钱吗？让我大概她从这个频道中赚取了多少钱，至少一个月前约10 k美元
7981,UgwkHFOB4PMOJvRjImB4AaABAg,14,2 years ago,"she is pretty, smart, hardworking, and cares for her grandparents she's amazing",她很漂亮，聪明，勤奋，照顾她的祖父母，她很棒
12578,UgwiGnlwnyZ020m-lm94AaABAg,13,3 years ago,"my pretty little girl, i have a lifetime of memories thank you.",我漂亮的小女孩，我一生的回忆谢谢。
24855,Ugw43HpMpzRelTA0BOd4AaABAg,8,3 years ago,"this pretty girl can be representative of a strong woman in society, not mary sue in hollywood.",这个漂亮的女孩可以代表社会上一个坚强的女人，而不是好莱坞的玛丽·苏（Mary Sue）。
26307,UgwQnpWIGgxw_Aj3Qk14AaABAg,8,3 years ago,"you're pretty.. your daily life is full of cooking foods.. the perfect ""ibu rumah tangga"" house wife.. i have to learn from you",你很漂亮..你的日常生活充满了烹饪食物..完美的“ ibu rumah tangga”家庭妻子..我必须向你学习
18816,Ugws-cr34RVZokUlHr14AaABAg.92H4R5iQDP792UWt2uqg0_,7,3 years ago,oriolopocholo pretty sure that more youtube users in china than in spain,Oriopocholo可以肯定的是，中国的YouTube用户比西班牙更多
28590,UgxCpRiDGzrwuzVOfl94AaABAg.8yY6-41Td1g9-NeaBJpk-V,7,3 years ago (edited),"@yreinyvana6214 pork adobong, my favorite.

this franz peters is so stupid in not knowing that our pretty princess also does a lot of work tending to her plants and animals on their farm, and taking care of grandma, besides making beautiful videos for the whole world to see.

hey, franz peters, spare us your negativity.

get out of here. we don't need you here. layas. do you know the word tagalog, franz peters? do you know what is ""tanga"" in english? that is you, franz peters. apologies!","@yreinyvana6214猪肉Adobong，我的最爱。

这个弗朗兹·彼得斯（Franz Peters）是如此愚蠢，因为不知道我们漂亮的公主在农场上也为她的动植物做了很多工作，还照顾奶奶，除了制作美丽的视频以供全世界观看。

嘿，弗朗兹·彼得斯（Franz Peters），让我们的消极情绪避免了我们。

离开这里。我们在这里不需要你。 Layas。你知道塔洛格一词，弗朗兹·彼得斯吗？你知道英语中的“ tanga”是什么？就是你，弗朗兹·彼得斯。抱歉！"
7508,UgzFpOG-GM2ugSFyhWt4AaABAg,7,2 years ago,i've only ever had the instant version so it's pretty cool seeing it get home made.,我只有即时版本，所以看到它回家了，真是太酷了。
12758,UgxuKpn6MeGJB2VchL14AaABAg,5,3 years ago,a pretty girl just taken us to back1000years of cooking in forest with local utensils and,一个漂亮的女孩刚刚带我们去了带有当地餐具的森林中的Back1000年烹饪。好摄影，声音和美味
14734,UgyvsKDO1aFKa1YOWNp4AaABAg,5,3 years ago,"she pretty, talented, hardworking, and looks humble there aren't that many people with all those quality combined",她漂亮，才华横溢，勤奋，看起来很谦虚
27359,Ugx1EZUxQB45OBd5gm14AaABAg.8yfbcEmcBOG8ypgqunJvHU,4,3 years ago,"i have never seen someone who knows how to do so many things and is beautiful and gracious besides. not only that, she keeps things pretty, clean and natural. i don't see disposable plastic things around. it's like an organic resort. i don't believe my eyes. i've always thought of rural chinese as messy and indifferent to their environment (except royalty way back).",我从未见过一个知道如何做这么多事情的人，除了美丽而亲切。不仅如此，她还可以使事情变得漂亮，干净和自然。我看不到周围的一次性塑料东西。这就像一个有机度假胜地。我不相信我的眼睛。我一直认为中国乡村对环境杂乱无章（除皇室之路）。
33874,UgytIwV9XlyDV21Z5mV4AaABAg,4,3 years ago,"liziqi, you is a pretty girl in my eyes, lov u",liziqi，你是我眼中的漂亮女孩，爱你
21599,Ugxt50sc-69mMxbryxx4AaABAg,3,3 years ago,"hi, 
i just want to say that this week is “asia” week. me & my daughter get to discover & eat great “asia” food. like, “asian” sandwiches. (they are really good & my favorite), “asian” boaba tea. ..there’s this drive thru “asian” small restaurant called “chopsticks”, how pretty. it was a healthy plate from “chopsticks” restaurant. i love videos like this, very healthy & organic.","你好，
我只想说本周是“亚洲”周。我和我的女儿可以发现并吃得很棒的“亚洲”食物。就像“亚洲”三明治。 （他们真的很好，也是我的最爱），“亚洲” Boaba茶。 ..通过“亚洲”的小餐厅，这是一个名为“筷子”的小餐厅，多么漂亮。这是“筷子”餐厅的健康盘子。我喜欢这样的视频，非常健康且有机。"
3197,UgyjtHhIQK1faITfrLF4AaABAg,3,1 year ago,"liqizi wishing you a happy birthday that you spend beautiful in your grandmother's company and your friends, you are a very pretty girl, one day travel to meet you, just want you to spend a very beautiful day and wishing you a long life, chauuuu",Liqizi祝您生日快乐，您在祖母的陪伴和您的朋友中度过美好的生日，您是一个非常漂亮的女孩，有一天旅行去见您，只希望您度过一个非常美好的一天，并祝您长寿，Chauuuu
29189,UgzdaeDTZhLXSrxonp94AaABAg,3,3 years ago,"wow, the fairy is here
my hands are too bad and i can't do anything
who is taking pictures of the video?
too pretty ❤️","哇，仙女在这里
我的手太糟糕了，我什么也没做
谁在为视频拍照？
太漂亮了❤️"
100,UgzIX6v6qNFz5C4zBx94AaABAg.9qE0PYZQ1zp9qHvyoC-3vA,3,2 weeks ago,"she has terminated her contract with her company due to some issues. they took too much of the royalties out of her videos when she did all the job. they couldn't convinced her anymore so she just stop making any videos. i heard she's now doing some tour around other countries to demonstrate china's culture. she pretty much doing fine. i miss her videos as well, but she had chose her right. i always come back to her old videos whenever i feel pretty stress out. probably hope one day she'll come back again .",由于某些问题，她已终止与公司的合同。当她完成所有工作时，他们从她的视频中取出了太多的特许权使用费。他们再也无法说服她了，所以她停止制作任何视频。我听说她现在正在其他国家进行一些巡回演出，以展示中国的文化。她几乎很好。我也想念她的视频，但她选择了她的正确性。每当我感到非常压力时，我总是回到她的旧视频。可能希望有一天她会再次回来。
4624,UgxF-VZNAK-rOEI4FNd4AaABAg,2,2 years ago,pretty,漂亮的
8532,UgziCXRd-TeTqbjqtY54AaABAg,2,2 years ago,it is a calming and wonderful video. the dishes are really great. we support. so prettyโก,这是一个平静而精彩的视频。这些菜真的很棒。我们支持。太漂亮了
16487,Ugwq4iqOcKK2VFo8dMN4AaABAg,2,3 years ago,damn she's pretty hot,该死的她很热
22413,Ugxf0U_unXMMBm4_65F4AaABAg.9-44izPIuzi9I6eiIhtgT_,2,2 years ago,"@jumpoable i am pretty sure my point is clear, her real lifestyle is difference then the one she show in her video, whoever disagree that either show me prove or shut their hole",@jumpoable我很确定我的意思是清楚的，她的真正生活方式与她在视频中展示的那个生活方式是不同的，无论谁不同意，都表明我会证明或关闭他们的洞
22017,UgxUXSYmkPSpsKhT3V14AaABAg,2,3 years ago (edited),"already pretty smart cook again, i want to have a wife like you.
i'm from indonesia.","再次很聪明的厨师，我想有一个像你这样的妻子。
我来自印度尼西亚。"
34815,UgwXDPJRCk9M1RW5eKl4AaABAg.8yUSwqrDIsS8yUUKfz9UPR,2,3 years ago,"allen yeng
because she is pretty and i am a lesbian.","艾伦杨
因为她很漂亮，我是一个女同性恋。"
164,UgzIupmPtR98CBFhc2N4AaABAg,2,1 month ago,she is a very pretty girl ❤️,她是一个非常漂亮的女孩❤️
27834,UgzPDCnKRY_6058BmXt4AaABAg,2,3 years ago,i feel better. the image quality is pretty,我感觉更好。图像质量很漂亮
28154,UgwUHwDU6BpwWuxNgX54AaABAg,1,3 years ago,i think my heart is purifying just by looking at it. i want to taste it because the food is pretty,我认为我的心只是通过看它来净化。我想品尝，因为食物很漂亮
10454,UgyiRwpDgRJEfq19LXV4AaABAg,1,3 years ago,nothing but pretty is still good,没什么，漂亮还是不错
10735,UgwRARf6l0C1lMx_FlN4AaABAg,1,3 years ago,i'm pretty sure this is what feeling smitten is like. i'm absolutely in love and i want to live there and help her with all the things she does <3,我很确定这就是感觉的感觉。我绝对恋爱了，我想住在那里，并帮助她做她所做的所有事情<3
10767,UgyJAUqPIdVOpOdTfq14AaABAg,1,3 years ago,i am pretty curious,我很好奇
14142,UgwdCOlW5kz0lHK8v8Z4AaABAg,1,3 years ago (edited),"oh my god... this chinese woman is more than the wonder woman cuz this is real. and she is my inspiration for my daily life. oh god, please bless this amazing and beautiful/pretty chinese woman....",哦，天哪...这个中国女人不仅仅是神奇女侠，因为这是真实的。她是我日常生活的灵感。哦，天哪，请祝福这个神奇而美丽/漂亮的中国女人。
11106,UgzUJXTAZd7719tG30t4AaABAg,1,3 years ago,"she is really so pretty, come dr northeast india, we r also eat this one",她真的很漂亮，印度东北部来了，我们还吃了这个
11922,Ugw2XYfOmYPzFooSCgJ4AaABAg,1,3 years ago,pretty ~,漂亮〜
26943,UgyPHJjVpcqL4gKu2SZ4AaABAg,1,3 years ago,you are so pretty,你真漂亮
26414,Ugw6iDxXdV8-kY3HuuR4AaABAg,1,3 years ago,"this girl is the most beautiful, on earth! she is good looking too! grandma eats pretty good! what a wonderful look at china. thanxz",这个女孩是地球上最美丽的！她看起来也很不错！奶奶吃得很好！对中国真是太好了。 thanxz
13236,UgzU2AaO0fW7WreVKfx4AaABAg,1,3 years ago,"your videos are pretty awesome, so ive subscribe to your channel miss/mrs lizigi.. i love to plant vegestable also even in a tiny space area of our backyard
wish to go home to our province, to do like what youve been doing in ur farm, its so relaxing, and i love the montage video nice place you have there lizigi family","您的视频非常棒，所以我订阅了您的频道小姐/Lizigi夫人。.我也喜欢在我们的后院的一个小空间区域种植vistable。
希望回到我们省，喜欢您在Ur农场所做的事情，它是如此放松，我喜欢您在那里有Lizigi Family的Montage Video的好地方"
24861,UgwJUh4-zrSpuaBG0Nd4AaABAg,1,3 years ago,"its pretty, it's a smart cooking, smartly .. this idaman ..",它很漂亮，这是一种聪明的烹饪，聪明。
14797,UgyFsGA-8sk0qg3dqhV4AaABAg.93x2w4qvmA194ARrSfqeJi,1,3 years ago,"strait arrow seriously you think everything in china has agenda behind it, are you sure you mind is fine? pretty twisted ive say",认真的海峡箭头，您认为中国的一切背后都有议程，您确定自己介意吗？我很扭曲
24112,Ugxt-RZOfZ5UdauB_oh4AaABAg,1,3 years ago (edited),"pretty princess, those dishes surely do look good to eat.

wish you'd list down the ingredients and the steps to make those tasty dishes. thanks, pretty princess.","漂亮的公主，这些菜肯定看起来很不错。

希望您列出制作这些美味菜肴的成分和步骤。谢谢，漂亮的公主。"
15238,Ugy3MXlGwvdD66gTWhR4AaABAg,1,3 years ago,she's so pretty,她是如此漂亮
15537,UgwclMUBouE3gIMZjzN4AaABAg,1,3 years ago,"i avoided this lifestyle my whole life. now i can't go back...





still avoid it, i'm pretty fine like this.","我一生都避免了这种生活方式。现在我不能回去...





仍然避免它，我很好。"
23168,UgwsQm_XblSEgFlL_Lx4AaABAg,1,3 years ago,pretty banget ... i love you !!!,漂亮的Banget ...我爱你！！！
16737,UgxfsnkNNt02jUvHtnp4AaABAg,1,3 years ago,someone who will marry this girl are the most lucky guy for havibg this pretty and cute and also indenpendent girl,一个嫁给这个女孩的人是哈维布最幸运的人
17525,UgxCQftzjDe0nKOKqs14AaABAg,1,3 years ago,pretty,漂亮
21198,UgwPdZeCUsR0n7j4WZt4AaABAg,1,3 years ago,the pretty environment of the house is more beautiful,屋靓环境靓人更靓
10451,UgzpF67BN6TNPzdJ4VN4AaABAg,1,3 years ago,she works hard but she's so pretty i fell in love with her everytime i watch her video,她努力工作，但她很漂亮，每当我看视频时，我都爱上了她
11945,Ugwg0S3CQz_-WBEFMhx4AaABAg,1,3 years ago,this sister is pretty vl ❤,这个姐姐很漂亮
31129,Ugw2WElkzBoP_jXGvpJ4AaABAg.8yVLRYLxVO88yW_5dTX_HX,1,3 years ago,"while the food looks interesting, i am pretty sure it's also very spicy.",虽然食物看起来很有趣，但我很确定它也很辣。
1266,Ugwq1AWPiGo05euiL-B4AaABAg,1,1 year ago,"i wonder for such a wonderful lady, pretty yet gentle and detailed, but strong from the inside, where is her man? 
don't tell me he is the camera man? emmm....","我想知道这是一个如此出色的女士，漂亮但又温柔而详尽，但是从里面很强壮，她的男人在哪里？
不要告诉我他是相机的人吗？ emmm ...."
3187,UgycR7R0wOTTXV0WrNV4AaABAg,1,1 year ago,so pretty omg,太好了
5436,Ugyajf5qRpjk-CfVMMN4AaABAg,1,2 years ago,"marshal, so pretty <3 ^_ ^",元帅，太漂亮<3 ^_ ^
6188,Ugzo22bJZr303q1hUNN4AaABAg,1,2 years ago,pretty noisy,漂亮的嘈杂
33526,UgzTOh4iikFll-fIuoF4AaABAg,1,3 years ago,she is so pretty i want to look like that,她是如此漂亮，我想看起来像
4093,Ugxcy0tExEZ-0s5Jekt4AaABAg.9L0BTTF2ncW9MMv3xtsQgw,1,2 years ago,@jameswent48 now i see you always reply to peoples joke on her video pretty clear that you dont understand a joke haha so serious with yo life ha,@jameswent48现在我看到你总是在她的视频上回答peoples的笑话，很清楚你不明白一个笑话哈哈你这么认真
31244,UgxVzkIV9L6gdEZIZgF4AaABAg,1,3 years ago,she's pretty and perfect,她很漂亮
32060,UgxdEhj-cZs-wEm9c4x4AaABAg.8yV0EYhRV0B8yWAQ6S0Crm,1,3 years ago,"pysvtfa4 this is the first comment i have ever gotten a reply to haha! i totally get what you mean, she’s an amazing hardworking goddess. even though she wasn’t super rich, i’m pretty sure that she was decently well off in terms of finance in order to even own this much land anyways. thanks for educating me more about her!",pysvtfa4这是我对哈哈的回复的第一条评论！我完全明白你的意思，她是一个了不起的勤奋女神。即使她不是超级富裕，我也很确定她在金融方面表现不错，以便无论如何都拥有这么多土地。感谢您对我进行更多有关她的教育！
7403,UgxfGQDH_ipwweelIwp4AaABAg,1,2 years ago,very pretty girl โบ๏ธ๐ค โบ๏ธ๐ค ๐ณ๐ณ๐ฅฐ๐ฅฐ๐ฅฐ๐ฅฐ๐ฅฐ๐ฅฐ๐ฅฐ๐ฅฐ,非常漂亮的女孩☺️
32453,UgxEq822L4qbt6rHv114AaABAg,1,3 years ago (edited),"pretty similar culture with my home town, indonesia, jogjakarta",与我的家乡，印度尼西亚，jogjakarta
7102,UgzRUkd0QTqxaN2BOe54AaABAg,1,2 years ago,just pretty,很漂亮
23445,Ugy6JCY4Lf4k4LiaQZh4AaABAg,0,3 years ago,pretty,漂亮的
23104,UgxOYRg2ojZzsjcrckh4AaABAg,0,3 years ago,"mother's child
sister 2, why is 2 so pretty :(","母亲的孩子
姐姐2，为什么2那么漂亮:("
22509,UgwpG4IRc-UAd54R5154AaABAg,0,3 years ago,can someone say me how can a real pretty girl live in such a temperature,有人可以说我一个真正的漂亮女孩如何生活在这样的温度下
32420,Ugxi9nWHbyTZOpqJSvB4AaABAg,0,3 years ago,i'm so pretty,我真漂亮
23906,UgwmmjuSegwknIOZ1h54AaABAg,0,3 years ago,she is pretty,她很漂亮
22958,UgxLdnb-EzZijHbiBs14AaABAg,0,3 years ago,pretty vler ❤️,漂亮的Vler❤️
33722,UgzwErU8rdSrj6YuA454AaABAg,0,3 years ago,"she was just pretty and good at cooking, whoever gained a whole life was not afraid of starvation anymore",她只是漂亮又擅长烹饪，无论谁一生都不害怕饥饿
32744,UgzlY7f6X-AttzeMP7t4AaABAg,0,3 years ago,she is so pretty,她真的好漂亮
33713,Ugyxn2av2ClrHcyExk54AaABAg,0,3 years ago,"she was just pretty and good at cooking, whoever gained a whole life was not afraid of starvation anymore",她只是漂亮又擅长烹饪，无论谁一生都不害怕饥饿
33051,UgwmCRWqIfBz8L1g96l4AaABAg,0,3 years ago,you are so pretty,你真漂亮
23331,Ugw6XDbdvcZclo2TpWh4AaABAg,0,3 years ago,"the channel where a chubby woman is food is eaten by the whole family
is this man mother? wow, i think you're living alone.
i also watched a video taken by thailand, but there were too many insects flies there.
but their dwellings seem to be really clean and healed because they can't see bugs
and that woman is pretty and pretty, but i think it's really in love to see that food and do it alone
and there are about 6 million subscribers
i think i've been doing it since ancient times and it has been upgraded.
whether you have a lot of income, it is why everyone is watching this video.
it's a filial piety
i can't believe it is really that i edit that video in that residence.
i want to go to experience there","全家人吃食物的胖女人的频道
这个男人妈妈吗？哇，我想你一个人住。
我还观看了泰国拍摄的视频，但是那里有太多的昆虫飞了。
但是他们的住宅似乎真的很干净和治愈，因为他们看不到虫子
那个女人漂亮又漂亮，但我认为看到那种食物并独自做到
大约有600万订户
我认为我从远古时代开始就这样做了，并且已经升级了。
无论您是否有很多收入，这就是每个人都在观看此视频的原因。
这是一个虔诚的虔诚
我不敢相信我真的在那个住所中编辑了该视频。
我想去那里体验"
23494,UgxdyilaurhznfhMMpJ4AaABAg,0,3 years ago,pretty,漂亮的
23359,UgyCZHOjOe8eSlEydrF4AaABAg,0,3 years ago,she's so pretty...her cutting style is very nice..bamboo shoot looks crunchy..all are great recipe,她真漂亮...她的剪裁风格非常好.. bamboo拍摄看起来松脆..所有的食谱都很棒
32960,UgwEdYxfIB-c2VcCt5x4AaABAg,0,3 years ago,pretty,漂亮的
23439,Ugx3f9aHNABERPab9yd4AaABAg,0,3 years ago,she's pretty and talented. i wish i have a garden like her.,她很漂亮。我希望我有一个像她一样的花园。
22443,Ugxo2tbxMwGvUId0w2F4AaABAg,0,3 years ago,"pretty cute, sister",姐姐很可爱
28240,UgyIRf-iI89I-bKpf654AaABAg,0,3 years ago,"wifeable is very girl .... pretty, slim, smart, uwu. my type. haha",可爱的是非常女孩....漂亮，苗条，聪明，UWU。我的风格。哈哈
33797,UgwrSbMBK59yOgdcx6x4AaABAg,0,3 years ago,"tsuchiya, somehow pretty",tsuchiya，不知何故漂亮
34759,UgwmMMMRNsB21ofk76N4AaABAg,0,3 years ago,you are sooooo pretty.,你太漂亮了。
20893,UgxAyzHP51Y_iV0-VvF4AaABAg,0,3 years ago,"she is very pretty, the video is very good.",她非常漂亮，视频非常好。
20930,UgwMG5QkaxWk3eS0hjN4AaABAg,0,3 years ago,pretty!,美啊！
21056,UgzHltNSweeZbqpQqYd4AaABAg,0,3 years ago,i feel pretty,我感觉很漂亮
21181,UgyAeltZ2XtNmwutiUx4AaABAg,0,3 years ago,wao is both pretty and good at the kitchen. whoever takes you is very happy ..,Wao在厨房既漂亮又漂亮。谁带你很高兴。
21188,UgxyQTSn_Em-fhO3Tup4AaABAg,0,3 years ago,"i watched the video well. 
the screen was so pretty surprised. 
i wonder what you are shooting with. 
please reply if you are okay.","我很好地看了视频。
屏幕非常惊讶。
我想知道你在拍摄什么。
如果您还可以，请回复。"
34777,UgwlMdOlxAByXEmnLB14AaABAg,0,3 years ago,"the smile is very pretty, a little smile, girl.",笑容很漂亮，有点微笑，女孩。
21203,Ugyd9G9ksPV8_bSDnOt4AaABAg.909ERRD6hCD90gvlf_TbBY,0,3 years ago,"pretty much! they eat watermelon, salad greens, and most other fruit!!",几乎！他们吃西瓜，沙拉蔬菜和大多数其他水果！
21542,Ugy9FPTbYHlgMaMKft14AaABAg,0,3 years ago,you're pretty,你很漂亮
21642,UgzHk0e2c4jhPrAAdPV4AaABAg,0,3 years ago,this looks so pretty,看起来很漂亮
34075,UgyeMWXVE5i-dfw3CZd4AaABAg,0,3 years ago,yours soo pretty,你很漂亮
21741,UgyQ8HNUEeIYwM2RXlZ4AaABAg,0,3 years ago,i want china out việt nam sea . pretty girt,我想要中国占领南海。漂亮的girt
21744,UgzG9IyEvQYWFeBj4g54AaABAg,0,3 years ago,pretty vcl,漂亮的VCL
21964,Ugzb8v7lsmDysnh7zxV4AaABAg,0,3 years ago,nobody is gonna mention the fact that she is so pretty even with so little makeup?,没有人会提到她即使化妆如此少，她这么漂亮？
34744,UgzuhLGdDf7Ozn5Mf3h4AaABAg,0,3 years ago,you are so pretty,你真漂亮
34339,UgyjLH91eZuI8hc8I_J4AaABAg,0,3 years ago,u r looking more pretty in shirt,你穿着衬衫看起来更漂亮
22166,UgycIe-0o0-nZyJk3Oh4AaABAg,0,3 years ago,so pretty,好漂亮
34279,UgyoRlaYxsnZPBKQPVh4AaABAg,0,3 years ago,it's pretty smart cooking again,再次很聪明的厨师
34105,UgzbXuCfOHuZJQgN6KZ4AaABAg,0,3 years ago,the face is very pretty.,脸非常漂亮。
24758,Ugz086771aIDOGTYj8F4AaABAg,0,3 years ago,this little recognition is really good ... just pretty! wish you always succeed ... :))),这个小小的认可真的很好...很漂亮！希望你永远成功... :)）））
25013,UgwQW3UdVHZ64R7jt3Z4AaABAg,0,3 years ago,the pretty girl is next time.,靓女下次整咩啊。
32418,UgzDfNtaqjvaRQWWcp94AaABAg,0,3 years ago,so pretty where u live! u r amazing,你住的地方很漂亮！你很棒
30993,UgyJF1G0k5f2SxBWN7B4AaABAg,0,3 years ago,"so pretty, don't see it",好漂亮，看不到
27462,UgwMAHKJ_snMUPD9_1N4AaABAg,0,3 years ago,the snail hahaha is pretty good,嗦螺 哈哈哈 蛮好恰
27487,Ugx11JeKLR_4Uw_Ixh94AaABAg,0,3 years ago,pretty,漂亮的
27488,Ugw1qW9PipyO8fzMR6d4AaABAg,0,3 years ago,"already pretty good at cooking again, how come the kids?",已经很擅长烹饪了，孩子们怎么了？
20632,Ugy-fPDhwUsuX0fh_VV4AaABAg,0,3 years ago,so pretty,太漂亮了
29534,Ugw7pdGvQF_fd0s96zJ4AaABAg.8yWiBLps9B58ydK435ei4e,0,3 years ago,"@shiminli3966 liziqi is from pingwu, sichuan, which is pretty far away from nepal....2000 km",@Shiminli3966 Liziqi来自Sichuan的Pingwu，距离尼泊尔很远。...2000 km
27491,Ugz3NrtHCrUlJ_JAo594AaABAg,0,3 years ago,i'm pretty.,我很漂亮。
27544,UgzAZjJKw_o8AI7YzX94AaABAg.8ydt4Y210zF8ypddu4AAB1,0,3 years ago (edited),"please tell me. i didn't think chinese could own enough land to live this lifestyle. her place is so clean, pretty and fresh. how can she live this way? she has resources all around her. is she working for the chinese elite at some grand resort? do such expansive places and people with so much domestic talent and beauty (all-in-one) exist on their own in china?",请告诉我。我认为中国人没有足够的土地来过这种生活方式。她的地方是如此干净，漂亮和新鲜。她怎么能这样生活？她周围有资源。她在一些大度假胜地为中国精英工作吗？如此广阔的地方和拥有如此多的国内人才和美丽（多合一）的人们在中国是否存在？
27582,UgzpucZWPKdKF7jHvpJ4AaABAg,0,3 years ago,pretty girl vl,漂亮的女孩VL
27763,UgybcuXXyxE_50imBvJ4AaABAg,0,3 years ago,just pretty and good at cooking,只是漂亮而擅长烹饪
29418,Ugyww6EiPWRExaYuF-V4AaABAg,0,3 years ago,this sister is so pretty,这个姐姐好漂亮
29122,UgxqfVhubcVcTcRg3tJ4AaABAg,0,3 years ago,im so jealous in her she is pretty lovelg hardworking kind . she is more better than a princess,我对她很嫉妒，她非常勤奋。她比公主好
27879,Ugy7MdDA_DChqhn5zRN4AaABAg,0,3 years ago,pretty,漂亮的
27922,UgyKtMmbKu-RHvM0ucd4AaABAg,0,3 years ago,pretty =)),漂亮=））
29100,UgyoulSszlHsPxTciwd4AaABAg,0,3 years ago,great and pretty,很棒
27998,UgzBIfeYkya2Gp3d36V4AaABAg,0,3 years ago,i am from bangladesh.....i like liziqi....she is so much pretty girl....she is nice person..... personally i like her......i see your cooking episod.....your home environment very much beautiful place....but where is your father mother?,我来自孟加拉国.....我喜欢liziqi ....她是如此漂亮的女孩....她是个好人.....我个人喜欢她...我看到你的烹饪情节.....您的家庭环境非常美丽的地方....但是您父亲的母亲在哪里？
28725,UgxCpRiDGzrwuzVOfl94AaABAg.8yY6-41Td1g94Tg2hvVFKx,0,3 years ago,she is pretty and like a wonder women.,她很漂亮，就像一个神奇的女人。
28706,UgxCpRiDGzrwuzVOfl94AaABAg.8yY6-41Td1g93rEJ6hHKUT,0,3 years ago,@vinithav7605 i like the pretty nice income,@vinithav7605我喜欢相当不错的收入
27033,UgwGlXbdzgnihHJfG094AaABAg.8yixt2ZyQb28ypgK0yyjZx,0,3 years ago,"tell me please. when you say ""there,"" do you mean to say there is a region in china this pretty, so clean, very natural, lacking congested roads and filled with fresh air? i don't see her using plastics or wearing disposable clothing. her skin is white and clear. her world is too nice. not even martha stewart could present like this and ms. 
stewart had a team of helpers off camera. tell me this is very real. i would love to go to china and live like that. i don't care about religion and could give up discussing politics for that lifestyle. of course, it would take me a few years to learn the basics of chinese language.","请告诉我。当您说“那里”时，您是说中国有一个美丽，如此干净，非常自然的，缺乏拥挤的道路并且充满新鲜空气的地区？我看不到她使用塑料或穿着一次性服装。她的皮肤是白色的。她的世界太好了。甚至玛莎·斯图尔特（Martha Stewart）也无法像这样呈现。
斯图尔特（Stewart）有一个助手团队。告诉我这是非常真实的。我很想去中国生活。我不在乎宗教，可以放弃讨论这种生活方式的政治。当然，我花了几年的时间才能学习中文的基础知识。"
26708,UgwTdYlTOfHvuwYMBUx4AaABAg,0,3 years ago,"it's like a pretty countryside, but the dishes are fashionable. i always harvest vegetables and fruits, but there are no videos to plant. many crops are planted on a vast site. who earns cash income and buy these seedlings and fertilizers? the more you watch the video, the deeper the question.",这就像一个漂亮的乡村，但是菜很时尚。我总是收获蔬菜和水果，但是没有播放视频。许多农作物被种植在庞大的地点。谁赚取现金收入并购买这些幼苗和肥料？您观看视频的越多，问题就越深。
32238,UgykAdHiBm_4GOIQDd94AaABAg,0,3 years ago,pretty vl,漂亮的VL
26669,UgwPMbbR57qIv2Ufo0R4AaABAg,0,3 years ago,she is pretty. good. i like the food she makes.,她很漂亮。很好。我喜欢她做的食物。
32080,UgyPETcnzwzc7nPQ-Jt4AaABAg,0,3 years ago,do you wear pretty black boots?,你穿漂亮的黑色靴子吗？
28421,UgzsKAZ0WQoruuEPQPR4AaABAg,0,3 years ago,0:55 that was a pretty hot moan,0:55那是一个非常热的mo吟声
25109,Ugyeod5djY6B2QAoVl14AaABAg,0,3 years ago,"sister, sister so pretty",姐姐，姐姐好漂亮
25145,Ugy-noVUwtWNSB2U9cd4AaABAg,0,3 years ago,https://youtu.be/nmkoi8mc_zo pretty chinese girl dance,https://youtu.be/nmkoi8mc_zo
25194,UgzoPwpCEmrwMHVHISx4AaABAg,0,3 years ago,"the face is pretty, but the dishes are good",脸很漂亮，但是菜肴很好
25212,UgzacxgoyEQTtIuY9OR4AaABAg,0,3 years ago,it seems pretty delicious,好像蛮好吃的
25694,UgwSOqIj3yN1NFJUY7d4AaABAg,0,3 years ago,she is pretty like my sister,她很像我姐姐
25864,UgyNKj-3ZOTibwS_v9h4AaABAg,0,3 years ago (edited),"multi talented. and shes so pretty too. most women as pretty as she is, wouldn't come close to getting their hands dirty like her. whoever her husband is, hes a very lucky guy. cherish her.",多才华。她也很漂亮。大多数女人都像她一样漂亮，不会像她一样肮脏。无论她的丈夫是谁，他是一个非常幸运的人。珍惜她。
25944,UgxBsztybtV9hwif3Jh4AaABAg.8yws93FKWqS8z7_CtvNRmS,0,3 years ago,https://youtu.be/nmkoi8mc_zo pretty chinese girl dance,https://youtu.be/nmkoi8mc_zo
25969,UgwNNdjuUjH0v_kJ05B4AaABAg.8ywcwacVqCa8yzFRQ__k3p,0,3 years ago,"she just life with her granny and take care granny. she used to live in city. 


she was dj or something, pretty metal.","她只是和奶奶一起生活，照顾奶奶。她曾经住在城市。


她是DJ之类的东西，很漂亮。"
26014,UgzwNVQ-MpHFIo_TBhl4AaABAg,0,3 years ago,pretty and talented like her must be very rare,像她这样漂亮又有才华必须非常罕见
31908,UgykVtY9nybktHrxabV4AaABAg,0,3 years ago,"i don't know who translated the english subtitles, but it's pretty funny that it's in caps with a bunch of exclamation points. 2:30 ""keep in the drop!!! happy!""",我不知道是谁翻译了英语字幕，但是很有趣的是，它的帽子有很多感叹号。 2:30“保持滴头！快乐！”
26344,UgxbUjj705WuUOiNtoN4AaABAg,0,3 years ago,she is so pretty,她是如此漂亮
31879,UgzWI-aUGAEfVRDmz2h4AaABAg,0,3 years ago,such a peaceful life of living .. the chief is so pretty and cooking skill is so professional ...,如此宁静的生活。酋长是如此漂亮，烹饪技巧是如此专业...
31802,UgwCR3mvjQ6MjT3E0VR4AaABAg,0,3 years ago,it is so pretty but also pretty slim.,它是如此漂亮，但也很苗条。
26369,UgwD-6XzRMUMvjtY5h14AaABAg,0,3 years ago,"video beauty is really pretty, but what is the province of china? yunnan?",视频美景真的很漂亮，但是中国省是什么？云南？
31767,UgzO7Cr-Fo96IVj2YsV4AaABAg,0,3 years ago,smart bns ... geh ttp we are pretty,聪明的BNS ... geh ttp我们很漂亮
20729,UgxcMhOdWX7f-7-m7ox4AaABAg,0,3 years ago,pretty )),漂亮的 ））
17840,Ugy4Sclm1cTeDJnmfKN4AaABAg,0,3 years ago,"the taste of snail powder is probably not used to smell, but it is pretty good to eat",螺蛳粉的味道外乡人大概都闻不惯吧，不过吃倒是蛮好的
20631,Ugxr40ayQNvCokjHNRZ4AaABAg,0,3 years ago,"vk mik is pretty, guys",VK Mik很漂亮，伙计们
10393,UgxgVfuyKq1td1msIR54AaABAg,0,3 years ago,who else thinks it looks good but pretty sure they won’t like it xd,还有谁认为它看起来不错，但很确定他们不喜欢xD
5529,UgzBrQXEeQXxrd1sou54AaABAg,0,2 years ago,wow thats so nice and pretty the place you live in so many food grown i like thats cool,哇，真是太好了，漂亮的地方，你住在很多食物中，我喜欢那很酷
6240,UgxlVxd8E0GpWGIrmfd4AaABAg,0,2 years ago,"pretty, bro",漂亮，兄弟
6395,UgwqZs3ra700jiD_9Sd4AaABAg,0,2 years ago,she is so pretty. do you know vietnamese?,她真的好漂亮。你知道越南人吗？
6436,UgxzoaPr9xsR2IHZxnF4AaABAg,0,2 years ago,pretty beautiful girl๐‘,非常漂亮的女孩
6461,UgxdnrFxLG35dnWbeGl4AaABAg,0,2 years ago,pretty good cinematography.,很好的摄影。
7416,UgzZZlPZfjSniEL_Q094AaABAg,0,2 years ago,it's pretty smart cooking again ๐ฅฐ,又是非常聪明的烹饪
7744,UgyEJGJGkG4zG046UG14AaABAg,0,2 years ago,pretty girl,漂亮的女孩
8627,UgzU_qVdVv0Sr7q4-YB4AaABAg,0,2 years ago,sister so pretty,姐姐好漂亮
8729,UgwTH4nm2Or4ciKt74B4AaABAg,0,2 years ago,you look so pretty,你很漂亮
10026,UgzQCOxW12N2-wNw9vF4AaABAg,0,3 years ago,"who think her face is like twice mina?. she is so pretty, soft but strong❤",谁认为她的脸就像是两次？她是如此漂亮，柔软但很强壮
10380,UgyFInlGAoRkMFV42Ih4AaABAg,0,3 years ago,pretty too fairy billion,十亿
10424,UgzLWHlZKTWXf1pDAcp4AaABAg,0,3 years ago,pretty hard core gardens you have there,你在那里有很硬的核心花园
5292,Ugx66NDiSVvecEh9y954AaABAg,0,2 years ago,the workforce is a pretty hard worker.,劳动力是一个非常勤奋的人。
10462,UgxUoGSDyfta_p6lH194AaABAg,0,3 years ago,pretty,漂亮
10617,UgxLYgaaEV6H1QhUGQF4AaABAg,0,3 years ago,your so pretty,你这么漂亮
10752,Ugxj-2PoLXsba-CKyeF4AaABAg,0,3 years ago,the pretty king of the king,国王的漂亮国王
10992,UgwmTGhEcMdUndtQvcp4AaABAg,0,3 years ago,go to see mainly because of the pretty girl!,去看主要是因为漂亮的女孩！
11059,UgweetUnmxYDjS1sJ_V4AaABAg.9836H75Au8T983QMzDiO1f,0,3 years ago,those snails are different from the snails we see crawling on the ground. they are the eatable kind and its actually pretty good but i wouldn't eat it. lol,这些蜗牛与我们看到的蜗牛在地面上爬行的蜗牛不同。它们是可食用的种类，实际上很好，但我不会吃。哈哈
11349,UgzSzI4SZyWoyYv64854AaABAg,0,3 years ago,"great wife material and she's pretty too, but sadly i know i'm not worthy for her. 's way too capable than me. i can't do almost everything she can. sigh....",伟大的妻子材料，她也很漂亮，但可悲的是我知道我不值得她。
11415,Ugx-5d2aAZv1U6QtBMx4AaABAg.97aDyK3ahgD98z13o-2VC2,0,3 years ago,@logicone5667 she didn't start out that way. find her bio. it's out there. she's worked pretty hard for that $$ and god only knows how much her gov't takes. she started out doing everything herself and learning along the way. probably much more than you or i have ever achieved. she lives there with her grandma and needed a way to produce an income after she came home to take care of her grandmother after her grandfather passed. her bro was making videos online in china and she thought she would and that was the start. but she did it all herself for a long time.,@logicone5667她没有那样开始。找到她的简历。它在那里。她为$$工作很努力，上帝只知道她的政府没有多少。她开始自己做所有事情，并在此过程中学习。可能比您或我所取得的成就要多得多。她和祖母一起住在那里，在祖父通过后，她回家后需要一种收入来照顾祖母的方法。她的兄弟在中国在线制作视频，她认为自己会的，这就是开始。但是她自己做了很长时间。
11587,UgzFiCKDQIkCMKBDYQZ4AaABAg,0,3 years ago,"i have lived in rural liuzhou, and the dishes look pretty good, as well as snail powder, the collection and processing of ingredients are relatively real, and it is true that this is right; but where is there such antique kitchen and rural areas! intersection",我在柳州农村生活过，做的菜看起来蛮不错的，螺蛳粉也是，食材的收集以及处理也比较真实，确实是这样处理没错；但是哪里有这样古色古香的厨房和农村啦！？
11782,Ugz0pVKmfpT5nvlrAM94AaABAg,0,3 years ago,that's why i'm looking for a girlfriend like that pretty woman who delicious prepares the food,这就是为什么我正在寻找一个像那个漂亮女人的女朋友，她准备食物
11949,UgxYd-3B2rz13GHSemN4AaABAg,0,3 years ago,so pretty for you 1 sub,对你来说很漂亮1个
12003,UgxjUX3cFYy5ZD2zyPt4AaABAg,0,3 years ago,pretty. biyutiful,漂亮的。 Biyutiful
5349,UgwhNUMDXHVhnJorygl4AaABAg,0,2 years ago,"chinese girls are so pretty, the scenery is also poetic",中国女孩是如此漂亮，风景也是诗意的
5167,UgyVVsLx7nZ2JLun1MN4AaABAg,0,2 years ago,i'm not sure. he will answer us. this is the clip because the house view is pretty good.,我不确定。他会回答我们。这是剪辑，因为房屋的视野非常好。
20537,UgywpbKo-UJCgL31Zu54AaABAg,0,3 years ago,pretty,漂亮的
2227,Ugx19gCkTFDq47CK6cl4AaABAg,0,1 year ago,this is a new one ... it's cooked ... it's pretty ...,这是一个新的...煮熟了...很漂亮...
173,Ugy7oCMs89mkEmYkMx54AaABAg,0,1 month ago,this girl is so pretty ❤❤,这个女孩是如此漂亮❤❤
914,UgzfBSlFiapNmtUTUqR4AaABAg,0,11 months ago,"the scenery is so beautiful, you are also very pretty, the food is amazing",风景是如此美丽，你也很漂亮，食物很棒
1285,UgwPNU2UDfUZqCc-m_54AaABAg,0,1 year ago,pretty fhat,漂亮的
1303,UgxwhevPagfNlt3dCXR4AaABAg,0,1 year ago,prettyeeee moth,Pretyeeee飞蛾
1480,UgySfeki_yM2Miw4i6t4AaABAg,0,1 year ago,"this girl is so pretty, honey",这个女孩是如此漂亮，亲爱的
1515,UgxlOfrAkI296pS3fPZ4AaABAg,0,1 year ago,"i just wanna said, u are soo pretty,even there has no beatiful clothes,u just pretty",我只是想说，你太漂亮了，即使没有美丽的衣服，你也很漂亮
1750,UgwYfjWTff1LL2xONBd4AaABAg,0,1 year ago,she is so pretty,她真的好漂亮
1786,UgwnOLHxaWllwiieEKZ4AaABAg,0,1 year ago,"this is the first time i watch your video. you are very pretty and also cook very well, peaceful villages, fresh air",这是我第一次观看您的视频。您非常漂亮，也很好做饭，宁静的村庄，新鲜空气
1828,UgxFeIVHiih978qvl8R4AaABAg,0,1 year ago,china has so pretty girl ..,中国有那么漂亮的女孩。
1837,UgwNXN7GSpjiR3WpCvd4AaABAg,0,1 year ago,wow so pretty,哇好漂亮
2098,Ugwa1uT1MbF50vqgwrF4AaABAg,0,1 year ago,so pretty :),好漂亮 ：）
2297,UgzCjSv6TBNDC9X098F4AaABAg,0,1 year ago,it is pretty to live the month of vacation as soon as,在度假的一个月中，很漂亮
4917,UgyJLWUwnIWH5wC9wVN4AaABAg,0,2 years ago,liziqi. soo. cute. and. pretty,liziqi。 SOO。可爱的。和。漂亮的
2300,UgwkokJL_XnIeLrP-Wd4AaABAg.9UdU840_FyM9Udzjb3orsR,0,1 year ago (edited),"you're like the equivalent of explaining to people why disney princesses and happy endings aren't real. like, dude, everyone knows. but life in the countryside can also be very relaxing for some people. i've lived in the countryside and my people do as much work as liziqi shows in her videos. sure life in the countryside isn't as pretty as she makes it look, but it's achievable and a dream for some people. some of yall are so bitter and for what.",您就像向人们解释为什么迪士尼公主和幸福的结局不是真实的。就像，伙计，每个人都知道。但是，对于某些人来说，乡村生活也很放松。我住在乡村，我的人民做的工作与Liziqi在她的视频中所显示的一样多。当然，乡村的生活并不像她看起来那样漂亮，但是对于某些人来说，这是可以实现的和梦想。你们的一些人是如此的痛苦，并且是什么。
2301,UgyjaIALOOIaV4NV51J4AaABAg.9Uc5WshfoF39UdzBjqE9OR,0,1 year ago,"err what. sure liziqi's vlogs are prettying up and romanticizing life in the mountains, but all of it is real. i've lived in the countryside and i can confirm that what is shown in the video is real. of course she don't do all that by herself every single day and gets plenty of help, but it's obvious that she's very adept at the skills it takes to survive in mountains without the help of technology. is it as pretty as it looks? no. is it achievable? yes.",犯什么。当然，Liziqi的视频博客在山区的生活正在融为一体，但所有这些都是真实的。我住在乡村，可以确认视频中显示的内容是真实的。当然，她并不是每天都自己做所有的事情，并获得了很多帮助，但是很明显，她非常擅长在没有技术帮助的情况下在山上生存所需的技能。看起来很漂亮吗？否。它可以实现吗？是的。
2309,UgzT_5lrDukML0xxbZB4AaABAg,0,1 year ago,"she's so pretty, she's a great housewife",她是如此漂亮，她是一个很棒的家庭主妇
2478,UgzYkC5Bwq8NLMhYwEZ4AaABAg,0,1 year ago,very pretty girl,很漂亮的女孩
2795,UgyjokKB5kT-vLggUk54AaABAg.9RPpxXlXsf_9Up_55cjkKC,0,1 year ago,@edwardwongliupepelutivrusk1262 and you assumed the lifestyle op was talking about was complete with the pretty dresses and sh t. how are you any different? unless clearly stated why are you assuming they're dumb enough to not know that?,@Edwardwongliupepepelutivrusk1262，您认为生活方式OP在谈论的是漂亮的礼服和Sh t。你有什么不同？除非明确说明您为什么假设他们愚蠢到不知道？
3279,UgyBMWMQiSG34rzeb_l4AaABAg,0,1 year ago,pretty and skillful,漂亮而熟练
3602,UgwLaHitXdDOOo2Kn4x4AaABAg,0,2 years ago,"what a pretty hardworking girl. she is also very good at cooking. a dream woman, right?",多么勤奋的女孩。她也很擅长烹饪。一个梦dream以求的女人，对吗？
4091,Ugxcy0tExEZ-0s5Jekt4AaABAg.9L0BTTF2ncW9MMtX7wXzOF,0,2 years ago,"it’s pretty obvious she didn’t add that since there is no chinese text on the screen. it’s clear she can’t speak english, genius.",很明显，她没有补充说，因为屏幕上没有中文文字。很明显，她不会说英语，天才。
4092,Ugxcy0tExEZ-0s5Jekt4AaABAg.9L0BTTF2ncW9MMuraMfXpD,0,2 years ago,@jameswent48 and its also pretty clear that im commenting a joke,@jameswent48，而且很明显，我在发笑
4392,Ugy865RENzwCPHWbNNV4AaABAg,0,2 years ago,"a pretty show of how to cook in a peculiar way,using peculiar utensils and having strange and pretty recipes in mind",一个很好的表演，讲述了如何以特殊的餐具和奇怪而漂亮的食谱
4685,UgzhU3JVMTXh2Q7D9k54AaABAg,0,2 years ago,how pretty,多么可爱
12070,UgyE4y0LYkcHWKNFdwB4AaABAg,0,3 years ago,pretty ge ❤️❤️❤️,漂亮的ge❤️❤️❤️
12119,UgzA5sTQlbHTlpdYhGN4AaABAg,0,3 years ago,"his face
it's pretty
you have a lot of talent ~","他的脸
好漂亮啊
你有很多才华〜"
12160,UgwBpfriFWLp_x4VQDx4AaABAg,0,3 years ago,pretty,漂亮的
18567,UgyeUV4rjkytUoFivJp4AaABAg,0,3 years ago,you are so pretty ~~ ♡♡,你真漂亮~~♡♡
15650,Ugysh-gJqnAf2gGzBlN4AaABAg,0,3 years ago,this kind of life is pretty good,这样的生活挺好的
16480,UgyS_eXUHWOUd7w_zjh4AaABAg,0,3 years ago,"dam ! it dont take much to make her happy... i'm sold ! she is worth her weight in gold , low maintenance and very pretty , i dont see one electric powerline anywhere. my kinda girl , shes an asian pearl ♡ ... i think i'm in love lol !",dam！让她开心并不需要太多...我卖了！她值得以黄金，低维护和非常漂亮的重量，在任何地方我都看不到一个电力线。我的女孩，她是亚洲珍珠...我想我恋爱了大声笑！
16509,UgyWQgRgDjgaXF7v2MV4AaABAg,0,3 years ago,man i can't get over how pretty she is,伙计，我无法克服她有多漂亮
16614,UgwG6EGI9KhD1FkfuKZ4AaABAg.92t3bTvXZ7H933O16SXyfh,0,3 years ago,bluefox11 pretty sure you are being fooled. she is being directed by a whole production company.,Bluefox11可以肯定您被愚弄了。她是由整个制作公司指导的。
16769,UgylweSoKPookEcP3gN4AaABAg,0,3 years ago,"this girl looks pretty, everyone is not beautiful and smooth",这个女孩看起来很漂亮，每个人都不漂亮又光滑
17001,UgxVxnkYgyf-uu7B3IJ4AaABAg,0,3 years ago,sooooo prettyyy,太漂亮了
17075,Ugx3QQwZlgPcRGISJrt4AaABAg,0,3 years ago,she is so pretty,她真的好漂亮
17772,UgwCAg04X_QRz4ce-9R4AaABAg,0,3 years ago,you are so pretty,你真漂亮
142,UgzWxlVTid3JblVYvIt4AaABAg,0,1 month ago,sister is really pretty,姐姐真的很漂亮
17888,Ugz-Y_pHMMBIGmQNsPt4AaABAg.92em8dCV1e592i9bITzC1w,0,3 years ago,randomtechs@#t pretty sure it isnt,RandomTechs@＃t可以肯定它不是
18191,Ugz9PVR7vEpOXuI7G0Z4AaABAg,0,3 years ago,"the face is pretty, the dexterity is good, the cooking is good, and it is an army beauty.",脸很漂亮，敏捷性很好，烹饪很好，它是军队的美女。
19083,Ugxx0C0wczLWx2DIaoJ4AaABAg.928Ic4g69m392Gy47HE484,0,3 years ago,"well if you're born asian and have chinese parents...

other than that though, asia's pretty chill.","好吧，如果您出生的亚洲人并有中国父母...

除此之外，亚洲还很寒意。"
12384,Ugwxun5eT4YqRzRQ47J4AaABAg,0,3 years ago,pretty girl,漂亮的女孩
19151,UgxJXPLzo3RLTeO_0zt4AaABAg,0,3 years ago,pretty,漂亮
19270,UgxS2VZg5TEcH2H8R-d4AaABAg,0,3 years ago,"no way it's one person shooting it. must be a whole movie crew. i bet they have a producer, budget and all other stuff like in a movie. too pretty for a farm girl. deceiving people. that's why so many dislikes. it's hidden propaganda. only a blind person would believe how good of life in a village in china. there are a bunch of documentaries showing otherwise.",这是一个人射击它。一定是整个电影团队。我敢打赌，他们有制片人，预算以及电影中的所有其他内容。对于一个农场女孩来说太漂亮了。欺骗人们。这就是为什么这么多不喜欢的原因。这是隐藏的宣传。只有一个盲人会相信中国一个村庄的生活良好。有很多纪录片显示。
19276,Ugy91SG5l-BW3Hx762J4AaABAg,0,3 years ago,"for those who doesn't know luosifen actually smells pretty bad for a lot of people, basically because of the bamboo shoots. i like it tho, just bought a few from the chinese grocery store",对于那些不知道Luosifen的人实际上对很多人来说闻起来很难，基本上是因为竹芽。我喜欢它，刚从中国杂货店买了一些
19305,UgxwdMnj5VLGfQq5LmR4AaABAg,0,3 years ago,she looks so pretty,她看起来很漂亮
19753,UgwMSW1Oq_pXVNCHqSp4AaABAg,0,3 years ago,"you are so pretty, sister",你真漂亮，姐姐
19780,UgzOlcB2oblfvOiu-Ut4AaABAg,0,3 years ago,hi pretty girl,嗨，漂亮的女孩
19881,Ugx5k4pKl8NommiHmZR4AaABAg,0,3 years ago,pretty but also good,漂亮，但也很好
20096,Ugwa6rhpluUw9LTjFkx4AaABAg,0,3 years ago,you are a pretty householder,你是一个漂亮的住户
20236,UgziQPVQGw28An5cfB14AaABAg,0,3 years ago,she is so pretty,她真的好漂亮
20243,UgySCZKXCQ1I7wrI2rt4AaABAg,0,3 years ago,so pretty: 3,太漂亮了：3
20293,Ugyywe33WxwmLjz6FK14AaABAg,0,3 years ago,pretty,漂亮
15529,UgxFdmd0DScMUezAIYp4AaABAg,0,3 years ago,"thank you for sharing. i am seller, sell hairstyle and household products on amzon. it is really pretty and quality. now i need some people to help me test my quality hair flat iron and share your experience(you will get free product). if anyone see this post and is interested. please send me email for further information. ipromise you will get a quality flat iron. email: masonzheng220@gmail. thank you.",感谢你的分享。我是卖家，在Amzon上出售发型和家用产品。它真的很漂亮和质量。现在，我需要一些人来帮助我测试我的优质头发扁铁并分享您的经验（您将获得免费产品）。如果有人看到这篇文章并有兴趣。请给我发送电子邮件以获取更多信息。 ipromise您将获得优质的扁铁。电子邮件：Masonzheng220@gmail。谢谢。
15496,UgxfIX9KSXMGtaohwQ14AaABAg,0,3 years ago,you are such an awsome pretty lady. you man ist a lucky man to get you.,你真是个漂亮的女士。你是一个幸运的人，可以得到你。
15436,UgxM6M0zpu3k7SD32RR4AaABAg.93FjALA-hss9C907Wq0VEY,0,2 years ago (edited),"@bozhoujin5925 , you are enchanted by liziqi . i can appreciate that . she is very pretty.",@bozhoujin5925，您被Liziqi迷住了。我可以欣赏。她很漂亮。
15421,UgxM6M0zpu3k7SD32RR4AaABAg.93FjALA-hss9AZxOk5KJAl,0,2 years ago,"@bozhoujin5925 , you are smitten by her pretty face . what a fool you are to believe all that you wrote. get real bozo.",@bozhoujin5925，你被她漂亮的脸庞迷住了。您要相信您写的所有内容真是个傻瓜。获取真正的Bozo。
12499,Ugxx2bFd0B1nlsuJ5yh4AaABAg,0,3 years ago,pretty cute,漂亮可爱
12597,UgxtWCqMB4FfVntbFCR4AaABAg,0,3 years ago,omg-so pretty all,天哪，这一切都很棒
12676,Ugxz_vI6HJf3ZkDv78B4AaABAg,0,3 years ago,"wow, she's very pretty",哇，她很漂亮
12719,Ugyjc5xBUnMEyLUVfVV4AaABAg,0,3 years ago,"not sure i have ever seen anything so yummy before..my mouth is literally watering...
ps.. her food looks pretty good also.","不确定我以前曾经见过如此美味。.我的嘴实际上是在浇水...
PS ..她的食物看起来也不错。"
12841,UgyjQQEL5vt4CSc5Yyt4AaABAg,0,3 years ago,don't you ever come across any wild animals...snakes...or any scary things ?? you are pretty much all by yourself.,您是否曾经遇到过任何野生动物...蛇...或任何可怕的东西？你一个人几乎是全部。
13436,UgwPie_i8hDk1MFTLkp4AaABAg,0,3 years ago,apart you are very pretty,除了你很漂亮
13592,UgwMbWJk63XuV6Vfkwt4AaABAg,0,3 years ago,"well, so pretty.",好吧，太漂亮了。
13754,UgxGp7TkdZ1yGSPpmlt4AaABAg,0,3 years ago,pretty.,漂亮的。
13939,UgwoffUYPtoa93fwLNJ4AaABAg,0,3 years ago,how come sometimes we don’t see your grandma she’s so pretty,有时候我们怎么看不到你的祖母这么漂亮
13981,Ugz-VKCG7OUdLgpsuOZ4AaABAg,0,3 years ago,you are so pretty and kind,你真漂亮
14075,UgwMMchXSHiNr6Dp4714AaABAg.94X-OXeU5p895pUh5lJAVY,0,3 years ago,manok l cuz i went to philippines and their water r pretty clean ( at least more clean than my city lol),Manok L Cuz我去了菲律宾，他们的水很干净（至少比我的城市更干净）
14352,UgxCSmrQ6fj5qdK745l4AaABAg,0,3 years ago,i think it's so pretty. i think i'm watching a movie ㅠㅠㅠ,我觉得这太漂亮了。我想我正在看电影ㅠㅠㅠ
14444,UgzdcqUK56AHJCAMd154AaABAg,0,3 years ago,she is so pretty!,她真的好漂亮！
14498,UgxCH5toeWyW9R_WPKR4AaABAg,0,3 years ago,"this young and pretty woman just makes good food, but also shows how to make solid everyday objects from natural recurs! my respect! greetings from switzerland ...",这个年轻而漂亮的女人只是做好食物，但也展示了如何从自然复发中制成坚固的日常物体！我的尊敬！来自瑞士的问候...
14526,Ugz2r8asfn7L3leDMDh4AaABAg,0,3 years ago,i wonder what they call those mushrooms that where growing on the side of the bamboo shoot we have them in america and i have heard some pretty interesting names for it ( at least i think they are the same thing lol),我想知道他们称这些蘑菇是什么，在竹芽侧面生长，我们在美国拥有它们，我听到了一些非常有趣的名字（至少我认为它们是同一件事，大声笑）
14623,UgzW-7S7WW2ihKhSRVt4AaABAg,0,3 years ago (edited),really pretty goddess,长得真漂亮 根本女神
14717,UgzIzFVnQz1vcvLlWyV4AaABAg,0,3 years ago,it's so pretty ^^,太漂亮了^^
14727,Ugyx5aUIcfFsl6F7tAt4AaABAg,0,3 years ago,she’s pretty amazing,她很棒
14781,Ugww3xr3V2qRxqznKWV4AaABAg,0,3 years ago (edited),"if you compare it with a japanese bamboo shoot ... it's pretty big, but it's too hard or there is no ex -flavor ...

a beautiful woman ... i work a lot

i guess i'm good at cooking.

tsukutsukuboushi ...? the sound is the same, isn't it?","如果您将其与日本竹芽进行比较……它很大，但是太难了，或者没有前味...

一个美丽的女人...我工作很多

我想我擅长做饭。

tsukutsukuboushi ...？声音是一样的，不是吗？"
14921,UgzBud-1Cr5Ck8AwKbt4AaABAg,0,3 years ago,"pretty . in vietnam, the block he raised",漂亮的 。在越南，他举起的街区
14942,UgxuRs7W5UtU3LVl4tp4AaABAg,0,3 years ago,"the beauty of nature is ... 
maybe it's a feeling of washing pupils ...
it's so pretty","大自然的美丽是...
也许这是一种洗学生的感觉...
它是如此美丽"
14964,Ugws-pjwIIDXw8OK30B4AaABAg,0,3 years ago,hmm .. very pretty. wakes someone up as a beautiful wife.,嗯..非常漂亮。唤醒某人是一个美丽的妻子。
15124,UgzYaG8q1xN2uXktZBp4AaABAg.93XMX1w-pmD94V5SdyKXuP,0,3 years ago,"some (who claim to be her classmates in highschool or so) say that this girl doesn't really live this lifestyle, it is all fake, and that she is actually pretty rich.

but i wouldn't really care, whether it's real or fake. her videos calm me before sleep and i enjoy it. that's all. even if it's a show, it is certainly a great show.","有些人（自称是高中生的同学）说，这个女孩并没有真正过这种生活方式，这都是假的，她实际上很富有。

但是我真的不在乎，无论是真实的还是假的。她的视频在睡觉前让我平静下来，我喜欢它。就这样。即使这是一场演出，这肯定是一个很棒的表演。"
35234,UgzwzWNfk7v9C-6Q45Z4AaABAg,0,3 years ago,pretty girl,漂亮的女孩
