,cid,votes,time,含awesome,含awesome中文翻译
26860,UgzQ4OBGGGIyUq7xGMV4AaABAg,308,3 years ago,"while we spend hundreds of dollar try to buy what so called ""organic food"" liziqi just pick her ingredients in the backyard. it's awesome.",当我们花费数百美元尝试购买所谓的“有机食品”的东西时，Liziqi只是在后院选择她的食材。这很棒。
33917,UgwWzHvkZtzjRE4rhb94AaABAg,30,3 years ago,"liziqi and team thanks for all your video, such a great work, everything is awesome
♥from indonesia","Liziqi和Team感谢您的所有视频，如此出色的工作，一切都很棒
♥来自印度尼西亚"
20185,UgwZtKiAAF_J4x5Vjoh4AaABAg,25,3 years ago,"she is so beautiful to watch, it is so tranquil, i could have a hard day and i find her and watch her on my phone or tablet and she is so tranquil - i love it, i love her, she is absolutely awesome!!!!!!!",她是如此美丽，它是如此的宁静，我可能会度过艰难的一天，我找到她，在我的手机或平板电脑上看着她，她是如此宁静 - 我爱它，我爱她，她绝对很棒！ !!!!!!
480,Ugzk1P7bWFaCYfdVd4J4AaABAg,14,6 months ago,the video is calm. the sister paper is awesome.,视频看的让人心情平静，妹纸真棒、虽然也吃不太来螺丝丝，但是超爱酸笋
30705,UgwUbmUpfvQnSVUCcXZ4AaABAg,14,3 years ago,i absolutely love your videos! i'm totally in for this bamboo feast!!! bamboo shoots are one of my favorite things to eat. this all looks awesome,我绝对喜欢您的视频！我完全参加这个竹子盛宴！！！竹芽是我最喜欢吃的东西之一。这一切看起来很棒
21259,Ugx4Ik49LafJWYFX_pN4AaABAg,12,3 years ago,awesome too good to be true the farm has everything and anything wow.,太棒了，太好了，无法实现农场拥有一切和一切哇。
26386,UgyDmuaXruu8Ia2TLwV4AaABAg,12,3 years ago,i can't live without watching ds chennel evry episode mke me smile it's jst awesome!,我不能看着DS Chennel Evry情节Mke Me Smile，JST真棒！
18151,UgxiEYmBX-jwCkXfBhd4AaABAg,10,3 years ago,"awesome. it turned out to be crying. many pictures cross time, and quiet flowing. can smooth a lot of folds in my heart. this is the dream of life.",真棒。竟然看哭了。很多画面穿越时间，安静的流水过去。可以抚平很多心上的褶子。这是梦寐以求的生活。
31390,UgyUNuLgMncmFJISwPB4AaABAg,8,3 years ago,"awesome life ....
glory of nature ...
food","很棒的生活...
自然的荣耀...
食物"
4226,Ugw-UR4AZmbiBRTg7aR4AaABAg,7,2 years ago (edited),"congratulations! your videos remember me of my lovely childhood in the countryside and my grandma's awesome cooking!! furthermore, your videos have an eerie aesthetic. they seem etxtracts from a film! may i ask which camera do you use? by the way, which editing programme do you use?",恭喜！您的视频记得我在乡村和祖母的烹饪烹饪中可爱的童年！此外，您的视频具有令人毛骨悚然的美感。他们似乎是从电影中获得的！请问您使用哪种相机？顺便说一下，您使用哪个编辑程序？
19954,Ugy64b8Tc-CR9fv_DdR4AaABAg.91FI0ImISkq92-qn-394XN,6,3 years ago,@ashoretoo im sorry i think what she is doing is awesome i do have questions of how she makes money because growing up with a garden there is alot of time involved and cooking like she is and rounding up her ingredients and let's not forget how much time filming and making a video takes so i have much respect for her and i would not be suprised if shes working 15+hrs a day plus taken care of granny much respect to her i dont understand stand why anyone would dislike this content unless its a hate monger,@Ashoretoo我对不起，我想她在做什么很棒，我确实有疑问她如何赚钱，因为在花园里长大的时间涉及很多时间，像她一样烹饪并弄清楚自己的食材，让我们不要忘记多少时间拍摄和制作视频需要花费很大的尊重，如果她每天工作15+hrs加上奶奶的照顾，我不明白，我不会感到惊讶，除非有人会不喜欢这个内容贩子
4987,Ugw0WgwizNuKan2MLq14AaABAg,6,2 years ago,"it's awesome, a beautiful lifestyle. this is my dream lifestyle.",太棒了，一种美丽的生活方式。这是我梦dream以求的生活方式。
35093,UgwPtAXmqIr9ZzbM-NF4AaABAg.8yUS2-MVzry8yUTx6PC6nU,4,3 years ago,i love philippines so much~ i’ve been to palawan last year the scenery there was awesome!,我非常爱菲律宾〜去年我去过巴拉望岛的风景很棒！
16742,Ugw3bWwvJEPeTxEzdBF4AaABAg,4,3 years ago,china is awesome!,中国牛逼！
30678,Ugxnel8DZFvSWb7rv614AaABAg,3,3 years ago,"thank you ! 
good work, as always. you're a smart cookie.your awesome! i like your style. i appreciate you .","谢谢 ！
一如既往的好工作。您是一个聪明的饼干。您很棒！我喜欢你的风格。我感激你 。"
10676,UgxqSpb3Gk81b3ZvGH54AaABAg.98VupjufjU799_77-l3-eY,3,3 years ago,"@mohammedharoon8453 i dont have sth against moslem. but i dislike that everybody tend to associate chinese & the culture with ccp while theyre not... just like the name mohammad gets associated with terrorist. boy! what a world! even u mr. mohammad haroon... u know how it feels to be bullied by western people just bc of ur name. .. but u do that also to the chinese! its u who had started to say bad things about liziqi... despite her awesome work & talents !!
its useless to speak to someone like u. byeee!","@Mohammedharoon8453我没有STH对阵穆斯林。但是，我不喜欢每个人都倾向于将中国和文化与CCP联系在一起，而他们却没有……就像穆罕默德这个名字与恐怖分子相关。男生！真是个世界！甚至你，穆罕默德·哈伦（Mohammad Haroon）先生...你知道只有你名字的西方人被西方人欺负的感觉。 ..但是你也对中国人做到了！它开始对利兹基说坏话...尽管她的工作和才华很棒！！
与像你这样的人说话是毫无用处的。 byeee！"
25721,UgwER2qnmVJ7VmOqujl4AaABAg.8yzGOMxnfp88z5tZNpRAVc,3,3 years ago,"bro i also want to say the same thing, for survival we need job but we are deprived of awesomeness of life.realising watching this that life is beautiful but we need to have a beautiful mind to observe things around.",兄弟，我也想说同样的话，为了生存，我们需要工作，但我们被剥夺了生命的敬畏。
25168,UgxqUc3xD69AbnIf0FF4AaABAg,2,3 years ago,so many awesome recipes. i wonder how you remember them all.,这么多很棒的食谱。我想知道你怎么记得他们。
9345,Ugx4v4Qu7A-hIFwCa6x4AaABAg,2,2 years ago,i love music of the background awesome ๐๐๐๐,我喜欢背景的音乐很棒
32328,UgxyHPWwA6T7KFDANKh4AaABAg,2,3 years ago,"3 new video's in a week 
awesome 
","一周内的3个新视频
惊人的
"
20428,UgyBQ_5uCbVeKbBo4ix4AaABAg,2,3 years ago,"awesome, li ziyi, come on",真棒啊，李子柒加油
3330,Ugwg3-Aok2m6Dn3V3UR4AaABAg,2,1 year ago,in every video i learn so much things nd amazed by her skills awesome,在每个视频中，我都学到了很多东西，她的技能令人惊讶
30904,UgzwGoc9tWSZUi0myDV4AaABAg.8yVQSrHBeQZ8ywn0pf_3CH,2,3 years ago,"try "" almazankitchen "" . for me no1 food chanel. this lady is awesome too.",尝试“ Almazankitchen”。对我来说，No1 Food Chanel。这位女士也很棒。
1587,UgwGX8WYsGvzYmYa_Wx4AaABAg,2,1 year ago (edited),hey lyzi! stop being so awesome ✨,嘿，莱兹！不要再如此棒了✨
14110,Ugz2oZtI38Qv7E9a8w14AaABAg,2,3 years ago,"wish i knew what sum of her ingredients she uses. she's beautiful, intelligent and independent, jus wow! her camera operator is awesome as well, that out of focus shot at the end is masterful. great vid!!",希望我知道她使用的成分总和。她美丽，聪明，独立，jus哇！她的相机操作员也很棒，最后拍摄的焦点很精通。很棒的vid！
26817,Ugwng0IXP60KXKDmYTR4AaABAg,2,3 years ago,i'm glad your putting more subtitles in your videos! thank you for making my day with these awesome vids,我很高兴您在视频中添加更多字幕！感谢您与这些很棒的视频一起度过我的一天
23933,Ugwpl-6vBlOyklQ1rsF4AaABAg,2,3 years ago,i love the way she lives!!!! so awesome,我喜欢她的生活方式！好棒
24412,UgwntCJ2uJU13ac-h_N4AaABAg,2,3 years ago,"amen... liziqi is amazing and awesome, so beautiful and sexy!!! the best cooking on yt and may god continue to bless you and your grandma!!!",阿们...利兹奇很棒，很棒，如此美丽和性感！！！在YT上最好的烹饪，愿上帝继续祝福您和您的祖母！！！！！！！！！！！！！！！！！！
25191,Ugyjw4f5kZ92FpKIR1F4AaABAg,1,3 years ago,very awesome keep going. fighting,太棒了继续前进。战斗
10401,UgyEs1o7148wB15m5eF4AaABAg,1,3 years ago,you have great ideas to make anything you want out in the forest n that's awesome work you do honey as a friend,您有很棒的主意可以在森林中做任何您想要的东西，这是很棒的工作，您作为朋友做亲爱的
19405,UgzkDsGMO1OS6o_y5Tp4AaABAg,1,3 years ago,i think man are waist. she is doing everything alone. what a perfection. really awesome job. hats off y,我认为男人是腰。她一个人做所有事情。多么完美。真的很棒。戴上Y。
8801,Ugyh00rlccPE1v2wQh14AaABAg,1,2 years ago (edited),"her ""supermarkets"" definitely everywhere. and even she walks much everyday, her calves didn't got bigger. still sexier than behati prinsloo's or gigi hadid's. awesome! ๐…๐…๐…",她的“超市”绝对到处都是。即使她每天都走很多，她的小腿也没有变大。仍然比Behati Prinsloo或Gigi Hadid更性感。惊人的！
12649,Ugw7uuYUXMKPbLinkvV4AaABAg,1,3 years ago,awesome.,惊人的。
12952,UgxIVwAMh8b3kJA68Vh4AaABAg,1,3 years ago,thats magic to see this.... i forget all thinks around me. this art is so spezial....awesome!!!,看到这一点的魔力。...我忘记了我周围的所有思想。这种艺术是如此的杂物....太棒了！！！
33571,UgzLuCOqeqCVWrKS7GV4AaABAg,1,3 years ago,"you are awesome ziqi..
your hardwork and efforts are really appreciated... lots of love","你真棒ziqi ..
您的辛勤工作和努力真的很感激...很多爱"
35099,UgwPtAXmqIr9ZzbM-NF4AaABAg.8yUS2-MVzry8yUVNV5sZvs,1,3 years ago,i am a big fan of this channel too .. her way of cooking is really awesome .. loving this channel very much ... very satisfying .. ❤❤❤,我也是这个频道的忠实粉丝。她的烹饪方式真的很棒。非常喜欢这个频道...非常令人满意。
34642,Ugxzy6MAl-butT40_ix4AaABAg.8yUTUIyLaPC8yUVGOlUHhg,1,3 years ago,i too love to watch their vedios so much ... they are great. camera and editing is awesome. and as well she is so cute too ...,我也很喜欢看他们的vedios ...他们很棒。相机和编辑很棒。而且她也很可爱...
34620,UgxLPgOAkko4vKlYkFJ4AaABAg,1,3 years ago,your location is awesome..,您的位置很棒。
20034,UgwiMcIzBnJ1xRFEe3h4AaABAg,1,3 years ago,"take a min and showing respect to the camera man it's was peaks and editor with nature's pleasent music 's beautiful 
and her skills awesome 
literally i don't know what is she cooking but i love it it's finnaly superb","花一分钟，表现出对摄影师的尊重，这是高峰和编辑，大自然的音乐愉快的音乐
她的技能很棒
从字面上看，我不知道她在做什么，但我喜欢它，这是芬纳利的精湛"
13236,UgzU2AaO0fW7WreVKfx4AaABAg,1,3 years ago,"your videos are pretty awesome, so ive subscribe to your channel miss/mrs lizigi.. i love to plant vegestable also even in a tiny space area of our backyard
wish to go home to our province, to do like what youve been doing in ur farm, its so relaxing, and i love the montage video nice place you have there lizigi family","您的视频非常棒，所以我订阅了您的频道小姐/Lizigi夫人。.我也喜欢在我们的后院的一个小空间区域种植vistable。
希望回到我们省，喜欢您在Ur农场所做的事情，它是如此放松，我喜欢您在那里有Lizigi Family的Montage Video的好地方"
3992,UgxqILhVtRJauHphexB4AaABAg,1,2 years ago,i love your cooking.awesome cook.love the beauty of the country side.so beautiful.,我喜欢你的烹饪。
5266,UgzxHeF0kkQ8j3DTj9d4AaABAg,1,2 years ago,she's so awesome ๐,她真棒
12953,UgyBqNeW6DuahGXgzhZ4AaABAg,1,3 years ago,thats magic to see this.... i forget all thinks around me. this art is so spezial....awesome!!!,看到这一点的魔力。...我忘记了我周围的所有思想。这种艺术是如此的杂物....太棒了！！！
31997,Ugw2zKR_rMuUjeA0BoB4AaABAg,1,3 years ago,she's awesome,她很棒
12158,Ugx5JQ6XQ7rpTWitlFF4AaABAg,1,3 years ago,"i am familiar with eating snail soup too! so it was very awesome to see you also do that, we have something in common between morocco and china",我也熟悉吃蜗牛汤！因此，很高兴看到您也这样做，我们在摩洛哥和中国之间有一些共同点
26539,UgyqQPo5gtLtKnd3LPt4AaABAg,0,3 years ago,i like awesome,我喜欢很棒的
27113,UgwgoEEU28Hn3l4UXst4AaABAg,0,3 years ago,this is awesome.,这太棒了。
26241,UgyR3pCsT20yQnLz5Bd4AaABAg,0,3 years ago,"i just discover today her chanel and video, and this is so awesome good filming look like profesional documentary but is this realy amator video? so good to watch her life so peaceful",我今天刚刚发现了她的香奈儿和视频，这真是太棒了，看起来像是专业纪录片，但是这是Amator的视频吗？很好看她的生活如此宁静
25867,UgznAq5_uUy-MvNeeMF4AaABAg,0,3 years ago,"this their job.. her husband probably filming his wife cooks.. that's awesome.. but behind scene for sure its a lot work to pick you're food from the back yard ;) 
respect!","这是他们的工作..她的丈夫可能在拍摄妻子的厨师..太棒了..但是在现场肯定会做很多工作，可以从后院挑选您的食物；）
尊重！"
26147,UgxdU6xpo5rKarLeVPR4AaABAg,0,3 years ago,"natural life in both (you, grandmom) my life is dirty.... all are artificial..... your silence, work, in kitchen... very ness i will impress you..... your team is good videographer work is ness buetifull in awesome video",两者的自然生活（你，祖母）我的生活很肮脏....所有人都是人造的.....你的沉默，工作，在厨房里...我会留下深刻的印象.....你的团队很好摄影师的作品是令人敬畏的视频中的Ness Buetifull
27371,UgxOBvZCB_Twxdi4ULh4AaABAg,0,3 years ago,wow u r soooooooooo awesome,哇，你太棒了
24922,UgxfYNR1Cgqur2Fqr7R4AaABAg,0,3 years ago,oh my god its awesome,哦，天哪，真棒
25359,UgxwSUb_utR3WbKpcSx4AaABAg,0,3 years ago,awesome..,太棒了..
25216,UgzYgS6MnKslZwFEGzp4AaABAg,0,3 years ago,wow you places waa awesome.....,哇，你的地方很棒.....
25202,UgyYIUMm7wDCVbDcCwN4AaABAg,0,3 years ago,"awwwww so peaceful there, to live there until the end would be awesome, away from all the dramas. even the food is lovely. as for the hard working young lady she's beautiful, princess of the garden. thanks for sharing your paradise with us.",在那里如此宁静，到那里住在那里，直到最后会很棒，远离所有戏剧。甚至食物也很可爱。至于勤奋的小姐，她很漂亮，是花园的公主。感谢您与我们分享您的天堂。
27515,Ugx9pwB5zKaXAcvofKl4AaABAg.8ye2BsPtesT8ymqvN3PKDW,0,3 years ago,she is awesome,她很棒
24913,UgwsRaLJN2QerqI264l4AaABAg,0,3 years ago,awesome cooking liziqi i like it very much,很棒的烹饪liziqi我非常喜欢
24669,Ugy85vJR5qiiG6j4yQV4AaABAg,0,3 years ago,bamboo shoots are my favourite!!! we make pickles out of it... bamboo shoot pork is awesome,竹芽是我的最爱！！！我们用它做泡菜...竹芽猪肉很棒
24665,Ugw0srqOxXVTAv10Nx14AaABAg,0,3 years ago,awesome recipe,很棒的食谱
24296,UgzkQn449XWj6p6x68B4AaABAg,0,3 years ago,"why would anyone even take time to down vote this video? if you don’t like a video, just move on with your day. i swear some people could crap a gold brick and have something negative to say about it. awesome video!!!",为什么有人甚至会花一些时间来投票？如果您不喜欢视频，请继续前进。我发誓有些人可能会破坏金砖，对此有负面评价。很棒的视频！！！
24255,Ugw79YjVJ5Od5dQbrtJ4AaABAg,0,3 years ago,"wow,awesome!",哇，真棒！
23717,UgxjttBSIYypCvQC8M94AaABAg,0,3 years ago,i was so happy to see grandma's joyful laughter. you are awesome! intersection intersection,看到奶奶欢乐的笑声我就好开心。你真棒！！！
23438,Ugw08RT-LH-fcmLDL7x4AaABAg,0,3 years ago,awesome!,惊人的！
23265,Ugzl_1g23lovVwl156Z4AaABAg,0,3 years ago,"awesome vlog
","很棒的视频博客
"
23242,Ugwz_9kHEJTB5ybNUu54AaABAg,0,3 years ago,awesome,惊人的
27493,UgzOcQTYljPIVcqdDcJ4AaABAg,0,3 years ago,you are awesome babe,你很棒的宝贝
154,UgxAmlR2ZR-Z72OPvPZ4AaABAg,0,1 month ago,your life style is awesome,你的生活风格很棒
27776,Ugw5J1vSnwC70CCDwD54AaABAg,0,3 years ago,"the place near your house, the garden, vegetable plants, fruits all are awesome .... feel like to visit the place....",您家附近的地方，花园，蔬菜植物，水果都很棒。
33152,UgzzRdGXS7yFks_Cxd54AaABAg,0,3 years ago,thanks gorgeous... for upload this awesome video.,谢谢华丽...上传了这个很棒的视频。
31738,UgwgXMAVOx0W4o39YhF4AaABAg,0,3 years ago,"i would love to live there in that place. i am retired at 41, if it was simple i would go meet her and learn some of that cooking. very awesome videos",我很想住在那个地方。我在41岁时退休，如果很简单，我会去见她并学习一些烹饪。非常棒的视频
31828,UgwJzUUI6s5XIushfVJ4AaABAg,0,3 years ago (edited),"if there's someone who can put english subtitles to this video, that would be awesome. i know she doesn't do it because she only uploads to weibo in china. but whoever does it for youtube, i'd love to know the names of the ingredients.


it's there now, thanks.","如果有人可以在此视频上贴上英文字幕，那真是太棒了。我知道她不这样做，因为她只会上传到中国的微博。但是，无论谁是为YouTube做的，我都希望知道成分的名称。


现在在那里，谢谢。"
32070,UgwrjqAR5ukJiW4FuCt4AaABAg,0,3 years ago,"it's great, it's awesome, i'm drooling, no wonder grandma wants to eat",太棒啦太棒啦太棒啦，我跟着流口水，难怪奶奶要吃的
32509,UgyJlM0Vpj5cd8nwkfV4AaABAg,0,3 years ago,"you're so awesome in everything you do, specially in taking caring of your grandma. god bless you more...",您在所做的每一件事上都很出色，特别是在照顾奶奶。上帝保佑你更多...
32684,Ugw2JNgzqosKL5FR8Ph4AaABAg,0,3 years ago,these videos are awesome. it's too denied,这些视频很棒。也被否认
32766,UgyM0MI-dJiAME1iI2l4AaABAg,0,3 years ago,you are awesome and love you,你很棒，爱你
33072,UgwYA8WDBE-zEW53uEl4AaABAg,0,3 years ago,"awesome, i am the common and the only arabic follow -up to enjoy your video",太棒了，我是唯一的欣赏视频的普遍和唯一的阿拉伯语。
33633,Ugw8gxCPZ_wl2qFELSB4AaABAg,0,3 years ago,awesome i wish to come thr nd stay with this girl....... feeling happy while seeing this,太棒了，我想和这个女孩在一起。
31621,Ugzpe8bpOTbeAlDZC6p4AaABAg,0,3 years ago,awesome,很棒的嘴浇水
33926,UgxNEDSDf7b0_LOS9Op4AaABAg,0,3 years ago,"if watching these videos makes you want to learn fermentation (awesome) don't stick your hand into a ferment until you've tested a smaller batch. the bacteria on your skin can ruin a ferment, some people have the right mix and the ferment will be fine but others can spoil all their work in one moment.
i used to make ferments all the time, stick my hands in them with no problems. my ex would stick his fingers into the same ferment to get a pickled veg for a snack and by the next morning the entire batch was no longer safe to eat.","如果观看这些视频使您想学习发酵（很棒），请不要将手放在发酵液中，直到您测试了较小的批次。您的皮肤上的细菌会破坏发酵，有些人有正确的混合物，而发酵会很好，但另一些人可以在一瞬间破坏所有工作。
我曾经一直进行发酵，毫无问题地将手伸到它们中。我的前任会把他的手指伸入同一发酵液中，以获取腌蔬菜作为小吃，到第二天早晨，整个批次不再安全吃。"
34008,UgwT0ma26x_EMeIVYyl4AaABAg,0,3 years ago,"the idea, sealing food off from the air around using water at the edge of the pot, is scientifically the perfect solution.. chinese were always good at thinking ""best and fast way to solve a problem"" . combined with a beautyful women cooking the most delicious food.. awesome.. so . stay awesome !",这个想法是，在锅边缘的水上用水将食物从空中关闭，这是科学的解决方案。中国人总是擅长思考“解决问题的最佳和快速方法”。再加上一个美丽的女人烹饪最美味的食物..太棒了..所以。保持好状况 ！
34045,UgwyniRzeXGyU_EaFGx4AaABAg,0,3 years ago,awesome.her presence infront camera is so natural..... how see become like that.....!!? like i am watching her live...,太棒了。就像我看着她的直播...
34098,UgysKD10sSRirPsIchx4AaABAg,0,3 years ago,and another awesome video by the great li ziqi! 谢谢,还有一个很棒的李Zqi的很棒的视频！谢谢
34519,UgzGFHvY-nDyt3qhzIJ4AaABAg,0,3 years ago (edited),your all videos awesome i'm your big fan,你们所有的视频很棒，我是你的忠实粉丝
34694,UgwnVXi6Rr16-2FWrSd4AaABAg,0,3 years ago,awesome...,惊人的...
34889,UgzqSnSsqMplsOCyi694AaABAg,0,3 years ago,awesome,惊人的
31679,UgysVzeClUwxaTdUzi54AaABAg,0,3 years ago,"awesome, as always. greetings from nepal :)",真棒，一如既往。来自尼泊尔的问候:)
31458,Ugzc7-ZfCZXBLUOqbkl4AaABAg,0,3 years ago,"she is very intelligent and displane 
she creat new things also your videos was awesome keep it up","她非常聪明和流动
她创建了新事物，您的视频也很棒，请继续"
28021,UgyDlA4nCehXGF-0SgF4AaABAg,0,3 years ago,i need ths gal rith nw her cooking s really awesome made my mouth watering,我需要gal rith nw她的烹饪真的很棒
22349,UgxvKeQ_RhBT2JTG_St4AaABAg,0,3 years ago,"beef, it's what's for dinner, my first advertisement in 45 minute of viewing this awesome channel, come on youtube, pick up your game, give this lady some money.",牛肉，这是晚餐的东西，这是我在观看这个很棒的频道的45分钟内的第一份广告，来YouTube，拿起游戏，给这位女士一些钱。
28098,Ugzhq9pp2Atb6cDXT614AaABAg,0,3 years ago,you are awesome,你真棒
28298,Ugznv9CFekbit5vkZo14AaABAg,0,3 years ago,i think that hands is roughed coz she's hardworking. she's awesome!!,我认为她的努力工作很粗糙。她很棒！
28787,UgxCpRiDGzrwuzVOfl94AaABAg.8yY6-41Td1g97Rh-9WLr44,0,3 years ago,awesome!,好棒喔！
29016,UgwtNY7maZ82_bUnKeF4AaABAg,0,3 years ago,wow just awesome,哇，真棒
29059,UgyOsrjsA9jrby88Vct4AaABAg,0,3 years ago,see how happy your grandma laughed! your granddaughter is awesome! bleak,看老奶奶笑得多开心啊！您的孙女真棒！
29090,UgxMPIeWmWH10EmhHmF4AaABAg,0,3 years ago,awesome!,惊人的！
29616,UgztGthTyv69w1GN8tJ4AaABAg,0,3 years ago,"lovely video.
i love watching your videos to see what tools and techniques you use, as well as your magnificent garden. you grow and harvest so much food, while i only seem to kill any plant i grow except for herbs.
thank you for the awesome videos you create!","可爱的视频。
我喜欢观看您的视频，以查看您使用的工具和技术以及宏伟的花园。您生长并收获太多食物，而我似乎只杀死除草药以外的任何植物。
感谢您创建的很棒的视频！"
29812,UgwiPGsq39avhF_ROHp4AaABAg,0,3 years ago (edited),yuk on the snails..but awesome your still the most purfect.. woman on the planet..much-loved,Yuk在蜗牛上..但真棒，您仍然是最纯净的..女人在地球上。
31391,Ugyb05ABLJ8s8b4OsNd4AaABAg,0,3 years ago,omg her soup spoon looks awesome,天哪，她的汤勺看起来很棒
29822,Ugy5p3PJHaQYB0QceUt4AaABAg,0,3 years ago,awesome. english titles as well please. thanks for the subtitles.,惊人的。也请英语标题。感谢您的字幕。
29939,UgzFGes2-AYZsGPJ8kt4AaABAg,0,3 years ago,"i missed the bamboo shoots in my country... especially, when my tatay cook for me along with other vegetables and with dried fish! awesome food!",我错过了我国的竹芽……尤其是当我的Tatay和其他蔬菜和干鱼一起为我做饭时！很棒的食物！
30523,UgwFoW3gL2wnlnZJCTx4AaABAg,0,3 years ago,hello beautiful!! awesome and relaxing video again from you. love you!,你好美丽的！！您的视频再次很棒。爱你！
30616,UgwlVof6cf2M_uk3-_14AaABAg,0,3 years ago,"i want to say that you are awesome, the tone of listening to you should be sichuan or yunnan, i watched your video this day.",我想说你好棒、听你说话的语气你应该是四川人或者云南人哦、我今天一天都在看你的视频。
30818,UgzqjO9R-5y_Y9halwp4AaABAg,0,3 years ago,"wow it´s truly beautiful where you live, and you seem to be a awesome cook <3",哇，这是您居住的真正美丽，您似乎是一个很棒的厨师<3
30958,UgwYXBXBdUeyaDHD-uh4AaABAg,0,3 years ago,its 12 midnight now and i cant swallow my mc donald chezburger while watching this awesome food..,现在是12个午夜，我不能吞下我的MC Donald Chezburger，同时看着这种很棒的食物。
31382,UgxSxwUETInc94vryJB4AaABAg,0,3 years ago,hi sister i always waiting for your videos i love your videos much and it's awesome,嗨，姐姐，我一直在等您的视频，我非常喜欢您的视频，这很棒
23045,UgwMMM3OjXLy-0-_e454AaABAg,0,3 years ago,"hi li,
you are so cute living doll like your name, you awesome","李，李，
你是如此可爱的活娃娃，就像你的名字一样，你很棒"
20276,UgwOB7doSrkwSKhEI514AaABAg,0,3 years ago,awesome.,惊人的。
22243,Ugzf9AvzK4FADBvFmAV4AaABAg,0,3 years ago,"a survivor off land,she has awesome videos",一个幸存者，她有很棒的视频
21814,Ugx92bfDPMfjB22vxWV4AaABAg,0,3 years ago,awesome sister,很棒的姐姐
6772,UgxJFtYWbxwrO7-oIY54AaABAg,0,2 years ago,"awesome, inspiring will try in my mini village ๐ค—",很棒的，鼓舞人心的人会在我的迷你村庄尝试
7306,UgxftKJQ_-bFvUfbGQd4AaABAg,0,2 years ago,awesome โค๏ธ,很棒的❤️
7790,UgzsfNhtGG0je_Q1y9p4AaABAg,0,2 years ago,you 're awesome...very interesting n inspiration,你很棒...非常有趣的n个灵感
8205,UgxsOeg6xDMZKg6Mrhx4AaABAg,0,2 years ago,awesome,惊人的
8529,UgyDxBqB-l9LClDrvDR4AaABAg,0,2 years ago,hard work i am sure but the ingredients and meals you cook are awesome i love the fact that mom is there too,我敢肯定，努力工作，但是您烹饪的食材和饭菜很棒，我喜欢妈妈也在那里的事实
8592,UgyMOVAWC_KJ5-ntoZR4AaABAg,0,2 years ago,you are awesome but what do you do for fun? you are always working and cooking!,你很棒，但是你做什么娱乐？您一直在工作和烹饪！
8601,UgyOxIkvpLFuQtUG3h14AaABAg,0,2 years ago,"wow, that's awesome.",哇，太棒了。
9557,UgwAvdZI-IfdWTaYjOh4AaABAg,0,3 years ago,awesome indeed.,确实很棒。
9715,Ugw2P9GyE6CsWz_lArN4AaABAg,0,3 years ago (edited),her kitchen is so masse. but garden is awesome. plz make a video of your garden tour.,她的厨房太大了。但是花园很棒。 PLZ制作您的花园之旅的视频。
9993,Ugz66YTFWMrTjLEdftd4AaABAg,0,3 years ago,awesome,惊人的
10452,UgwoDoElgiN0EIob_U14AaABAg,0,3 years ago,such awesome connect with nature.,与自然的联系如此出色。
10827,UgyJ2EfbQyK73pVdLjJ4AaABAg,0,3 years ago,awesome life,很棒的生活
11215,Ugz1MMade1hDGAESbc54AaABAg,0,3 years ago,"liziqi, at the end of the video, you have some hanging fruits. what are they please? btw, your video director/cameraman is awesome.",Liziqi，在视频的结尾，您有一些悬挂的水果。他们是什么？顺便说一句，您的视频导演/摄影师很棒。
11232,UgwXiqWVP-hhWBI62vV4AaABAg,0,3 years ago,awesome woman she's living the way we all should,很棒的女人，她以我们所有人的方式生活
11350,Ugw6wsOeYqbqRBJhhqR4AaABAg,0,3 years ago,"awesome channel, and wonderful videos. hold it",很棒的频道和精彩的视频。握住它
11445,Ugxlog5-4MTinoESr-F4AaABAg,0,3 years ago,awesome...natural..beauty...delicious,太棒了...天然.. Beauty ...美味
11717,UgxsOYxvpgNR99jB0gN4AaABAg,0,3 years ago,we have seen how you plucked and make awesome stuffs ...let us see how you grow and nourish them.,我们已经看到了您如何拔出并制作出色的东西...让我们看看您如何成长和滋养它们。
6670,UgwK_-qpsn6SLNqgSxx4AaABAg,0,2 years ago,"awesome ๐โ€โ€๏ธ๐โ€โ€๏ธ๐โ€โ€๏ธ๐โ€โ€๏ธ
music name ?????","很棒的
音乐名称??????"
6555,UgzjtcEc1YQ_o0QrzC54AaABAg,0,2 years ago,"she is truly an inspiration. ๐i watched almost every videos in her channel. โค๏ธ makes me want to live a simple life too. to everybody enjoying it as well i wanna share with you my friend's music and hopefully liziqi notice it too (would be truly awesome ๐). he writes very good music for free and it's a nice way to enjoy life even on quarantine. let's all share positivity and love. you can check the link below! ๐€

https://m.youtube.com/channel/ucdexl2evplsj8dvfv4cmcga","她确实是一个灵感。 

https://m.youtube.com/channel/ucdexl2evplsj8dvfv4cmcga"
6504,UgwBCpMlIkzfnyIKGhx4AaABAg,0,2 years ago,awesome,惊人的
3571,UgzJ8LlSkxskWQglQsh4AaABAg,0,2 years ago,this is awesome i like very much,这太棒了，我非常喜欢
615,UgzH6YC2BV8FB02vLYN4AaABAg,0,8 months ago,awesome,惊人的
1531,UgyAP1RE635ZuRpQV9x4AaABAg,0,1 year ago,awesome,惊人的
1904,UgyzZOtw8wgTo-nXsid4AaABAg,0,1 year ago,"disciples regulations (3)
❤ panai
everyone. all must be love. god overwhelmed.
together.

[easy to solve] as long as it is a person, it is similar, regardless of ethnic, human, gender, and religious beliefs, they should love each other. it is also the transformation of the heavens and the earth, and it should not be distinguished by you and me, and cooperate with each other to maintain this symbiotic and prosperous life community.
❤
those who are tall. the name is high. people are emphasized.
non -appearance. great person. look at it.
people are convinced. nothing.
❤
[easy to solve] the nobility of virtue is naturally high. everyone respects his virtue, not appearance. those who have talented people have excellent ability to deal with things, and their reputation is naturally extraordinary. however, what people admire and admire are his ability to do things, not because he is good at boasting.
❤
i have the ability. don't be selfish. people can.
don't be light. don't be rich. don't be proud.
don't hate it. don't like new. people are not idle.
don't stir. people are uneasy. don't disturb.

[easy to solve] when you have the ability to serve everyone, don't be selfish, just consider yourself, reluctant to pay. for the talents of others, you should learn, appreciate, and admire, not criticism, jealousy, and slander. don't please be rich, and don't be proud of themselves in front of the poor, or despise them. you should not like the new and hate the old. you must cherish old friends or old things, and do not be greedy for new friends or new things. when others are busy, don't disturb him. when others are in a bad mood or are physically and mentally arbitrary, don't gossip to interfere with him and increase his troubles and anxiety.
❤
people have short. don't unveil it. people have private.
don't say. taoist is good. that is good.
people know it. the more thoughtful. promote evil.
that is evil. different. mainly.
good persuasion. germany is built. out of irregularity.
two losses.

[easy to solve] don't expose the shortcomings of others. the privacy of others should not be publicized. the advantages or good deeds of praise of others are good deeds. when the other party hears your praise, it will definitely encourage good deeds. zhang yang's faults or disadvantages of others are to do evil. if criticism is too much, it will also recruit themselves. friends should have persuaded each other and build good moral cultivation together. if there are mistakes, you can't persuade each other, both of them will have defects.
❤
whenever. it is expensive. there are many.
take less. will add people. ask yourself first.
i don't want to. that is, ourselves. encounter.
forgotten. short resentment. the reward is long.

[easy to solve] the acquisition or granted of property must be clearly understood. it is better to give others more people. before you add things to others, or ask others to do things, you must ask yourself: ""if you change it to me, would i like it?"" if you do n’t even want to do it, you must stop immediately. remember to repay. others are sorry for themselves, and they should forget it. don't remember the resentment for too long in your heart, even if you're in the past. other people have to remember to be in mind, grateful, and often repay.
❤
wait for the servant. you are expensive. although expensive.
mercy and wide. attocked. no heart.
take care of people. fang wuyan.

[easy to solve] to treat the maids and servants in the home, we must pay attention to the righteousness and lead by example. although it is important, it is more valuable. if the battle is forced to obey, the other party will inevitably be convinced. only by serving people can others not complain.

the same person. elastic category. vulgar.
benevolence. relief. how fearful people are.
unexpectedly. the color is not charming. can kiss.
infinite. germany and japan advance. live days.
not kiss. infinite harm. villain enter.
bailing bad.

[easy to solve] it is also human, good, evil and evil, and mental heights are uneven. there are many people affected by the vulgarity, and there are few people with kindness and generosity. if they are really benevolent, everyone naturally fears him, because he speaks fair and selflessly without concealment, and does not please others, so everyone will naturally be awesome. those who can get close to rende and learn from him are very lucky, because he will make our virtue progress every day, and the fault will decrease one day. if you are not willing to get close to the gentlemen of the people, there will be endless scourge, because the unscrupulous villain will approach us while it is false, and our words and deeds will be affected by bad words, and even the whole life will enter the wrong direction.

文 ❤ 
do not work. but learn text. long flashy.
whoever. but do it. don't learn text.
let's see it. amazing.

[easy to solve] can't do filial piety, 悌, jin, faith, pan -loving, and relatives, and blindly study. even if there are some knowledge, it is just a habit that has increased its fascinating and unrealistic. what is the use? if you just keep your teachings and refuse to study, it is easy to do it because of unknown things and cause mistakes according to your own prejudice. this is also wrong.

reading. three arrives. eye.
believe. read this. don't admire.
this is not the end. don't get up. width is limited.
tightly use it. worked. stady.
suspicious. sui notes. just ask.
seeking meaning.

[easy to solve] the method of reading should be focused on three arrival: eye, mouth, and heart, the three are indispensable, so that the effect of getting more effort can be received. study science must be dedicated to deepen, and you ca n’t start reading this book before it can be read. he also enviouss other books and wants to read other books. this will never be able to read a book in depth. you must read this book to read another one. when setting a reading plan, you may wish to relax. in actual implementation, you must step up hard work and strictly implement it. you must not be lazy. the daily accumulation of the month was deeply worked, and the original unreasonable and doubtful doubts were naturally solved. when you have any questions in your heart, you should take notes at any time. as soon as you have a chance, you should ask the good teacher yiyou. be sure to understand its true meaning.

the room is clear. the wall is clean. several cases are clean.
the pen is zheng. ink grind. both heart.
the word is disrespectful. heart disease. list of classics.
there is a fixed. after reading. restore.
although there is anxiety. crushed. there is a shortage.
just make up. non -holy books. don't look at the screen.
well. bad heart. don't violently.
don't give up. holy and xian. tame.

[easy to solve] the study should be sorted and cleaned, and the walls should be kept clean. when reading, stationery such as pen and ink, paper, and other stationery should be neat and messy, and all of them are in order to calm down to read. the ancients should use a brush to write ink first. if they were absent, the ink would be missed. if the words written are crooked, it means that you are impetuous and your heart cannot be determined. books should be divided into different categories, arranged neatly, placed in a fixed position, and they must be returned to the restore place after reading. although there is an urgent matter to leave, take the book and leave it before leaving. the book is the crystallization of wisdom. if there is a defect, it must be repaired and keeps complete. it is not a book that preach the words and deeds of sages and bad books that are harmful to physical and mental health. they should abandon and not read, so as not to be polluted, wisdom, and ambitions to become unhealthy. when you encounter difficulties or setbacks, don't abandon yourself, don't have to be cynical, complain about the world, you should be angry and study hard. although the realm of sages is high, it can be achieved in order. ❤

disciples are easy to solve (end)
title: disciples three -character sutra
filial scriptures are easy to solve. welcome to print.
❤ minglun teach filial piety
read thousands of times. it is self -explanatory.
implement life. it really does.

the disciples' name is ""xunmengwen"", which was made by li yuxiu, a talented talent in the kangxi period of the qing dynasty. its content adopts the sixth articles of ""the analects of confucius"": ""the disciples enter the filial piety, and they are brothers, and they believe in the people, and they love the public, and they have the power to learn."" sentence yiyun compilation is divided into five parts to perform; specifically listed on the etiquette and norms that the children are at home, out of the country, taking care of people, studying, and studying. later, after the revision of jia cunren in the qing dynasty, it was renamed ""disciples regulations"". it was the best reading of enlightenment and educating children dunlun to prevent evil and consciousness, and develop a loyal family style.
title: changli
1. family affairs, do not say to outsiders.
for example, if you talk about the economic situation at home, the place where your family usually goes out, or when the family is expected to go, in case of the thief or someone who is interested, they will break through the empty door and do bad things.
in addition, the ancients said that the family was ugly. if complains and accusing their families of listening to outsiders, others could not help you solve the problem. it would not only hurt the dignity of the family, but also made outsiders impress your family. or outsiders pass the housework you said as a gossip. if the sky is chaotic and then spread back to your ears, it will not only be unable to argue, but also increase the family's heart.

2. buddhism: knowing that more methods are actually giving.
❤ faiba: wisdom and wisdom.
i often read the ancient sage books and do their best. let the general public pay attention to moral cultivation and distinguish between right and wrong, so that they will not argue with others or sin.
❤ 富。。.
foreign wealth is something outside of the body, money, clothes, food, etc., provided to those in need.
inner wealth is his own body. at home, we help our family to do housework, serve our family with our bodies, and help the poor to help the poor disadvantage. this is all fortune. only can it be available.
❤ the fearless giving is the reason, the obtained fruit is healthy and longevity.
everything is terrifying, fearful, and threatened by life. you help him leave all horror and let him be physically and mentally stable. this is called fearless giving.

3. see the person who is lost, don't say proud.
(those who understand the feelings of others can always think about others.)
when he encounters frustrated, sad, and lost people, he has been hit in all aspects and is very unhappy. it should be said that he can comfort him, instead of saying how much he is.
when others break their fortunes and lose their jobs, you say that you are promoted to get rich, which will make the other party even more unbearable. pride and pride itself is evil, let alone hurt people?
on the contrary, the mood that can be eliminated by others' nervousness or anxiety is good. even if you ca n’t help you, do n’t go down. don't do it because of goodness, don't do it because of evil.
it is not only violence and crime called evil deeds. the evil thoughts that people often can't stop are the source of disaster.
welcome to print. bleak","弟子规（3）
❤泛爱众
凡是人。皆须爱。天同覆。
地同载。

【易解】 只要是人，就是同类，不分族群、人种、性别、宗教信仰，皆应相亲相爱。同是天地所化育覆载的，应该不分你我，互助合作，才能维持这个共生共荣的生命共同体。
❤
行高者。名自高。人所重。
非貌高。才大者。望自大。
人所服。非言大。
❤
【易解】 德行高尚者，名望自然高显，大家所敬重的是他的德行，不是外表容貌。有才能的人，处理事情的能力卓越，声望自然不凡，然而人们所欣赏佩服的，是他的处事能力，而不是因为他擅于夸耀。
❤
己有能。勿自私。人所能。
勿轻訾。勿谄富。勿骄贫。
勿厌故。勿喜新。人不闲。
勿事搅。人不安。勿话扰。

【易解】 当你有能力可以为众人服务的时候，不要自私自利，只考虑到自己，舍不得付出。对于他人的才华，应当学习、欣赏、赞叹，而不是批评、嫉妒、毁谤。不要去讨好巴结富有的人，也不要在穷人面前骄傲自大，或者轻视他们。更不可以喜新厌旧，对于老朋友或旧事物要珍惜，对于新朋友或新事物不要贪恋。当别人正在忙碌的时候，不要去打扰他，当别人心情不好或身心欠安的时候，不要闲言闲语去干扰他，增加他的烦恼与不安。
❤
人有短。切莫揭。人有私。
切莫说。道人善。即是善。
人知之。愈思勉。扬人恶。
即是恶。疾之甚。祸且作。
善相劝。德皆建。过不规。
道两亏。

【易解】 别人的缺点，不要去揭穿。别人的隐私，切忌去张扬。赞美他人的优点或善行，就是行善。当对方听到你的称赞之后，必定会更加勉励行善。张扬他人的过失或缺点，就是行恶，如果指责批评太过分了，还会给自己招来灾祸。朋友之间应该互相规过劝善，共同建立良好的品德修养。如果有错不能互相规劝，两个人的品德都会有缺陷。
❤
凡取与。贵分晓。与宜多。
取宜少。将加人。先问己。
己不欲。即速己。恩欲报。
怨欲忘。报怨短。报恩长。

【易解】 财物的取得或给予，一定要分办清楚明白，宁可多给别人，自己少拿一些，才能广结善缘，与人和睦相处。要将事物加到别人身上，或要托别人做事之前，先要反问自己：「如果换成是我，我愿意吗？」如果连自己都不愿意，就要立刻停止。受人恩惠要记得报答。别人有对不起自己的事，应该宽大为怀把它忘掉。怨恨不平的事不要记在心中太久，过去就算了。别人对我们的恩德，则要铭记在心，感恩不忘，常思报答。
❤
待婢仆。身贵端。虽贵端。
慈而宽。势服人。心不然。
理服人。方无言。

【易解】 对待家中的婢女与仆人，要注重自己的品行端正并以身作则。虽然品行端正很重要，但是仁慈宽大更可贵。如果仗势强逼别人服从，对方难免口服心不服。唯有以理服人，别人才会心悦诚服没有怨言。

同是人。类不齐。流俗众。
仁者希。果仁者。人多畏。
言不讳。色不媚。能亲仁。
无限好。德日进。过日少。
不亲仁。无限害。小人进。
百事坏。

【易解】 同样是人，善恶邪正、心智高低却是良莠不齐。受风气流俗影响的人多，仁慈宽厚的人少。如果是真正有仁德的人，大家自然敬畏他，因为他说话公正无私没有隐瞒，又不讨好他人，所以大家自然会起敬畏之心。能够亲近仁德的人，向他学习，是很幸运的事，因为他会使我们的德行一天比一天进步，过错也跟着一天天减少。如果不肯亲近仁人君子，就会有无穷的祸害，因为不肖的小人会趁虚来接近我们，日积月累，我们的言行思想都会受到不良的影响，甚至使整个人生走入错误的方向。


不力行。但学文。长浮华。
成何人。但力行。不学文。
任己见。昧理真。

【易解】 不能身体力行孝、悌、谨、信、泛爱众、亲仁这些本分，一味死读书，纵然有些知识，也只是增长自己浮华不实的习气，变成一个不切实际的人，如此读书又有何用？如果只是谨守教诲，却不肯读书学习，就容易因不明事理，而依自己的偏见行事，造成错误而不自知，这也是不对的。

读书法。有三到。心眼口。
信皆要。方读此。勿慕彼。
此未终。彼勿起。宽为限。
紧用功。工夫到。滞塞通。
心有疑。随札记。就人问。
求确义。

【易解】 读书的方法要注重三到：眼到、口到、心到，三者缺一不可，如此方能收到事半功倍的效果。研究学问要专一、专精才能深入，不能这本书才开始读没多久，又欣羡其他的书，想看其他的书，这样永远也定不下心把一本书好好深入读通。必须把这本书读完，才能再读另外一本。在订定读书计画的时候，不妨宽松一些，实际执行时，就要加紧用功，严格执行，不可以懈怠偷懒。日积月累功夫深了，原先窒碍不通、困顿疑惑之处，自然而然都迎刃而解了。求学当中，心里有疑问时，应随时笔记，一有机会，就向良师益友请教，务必确实明白它的真义。

房室清。墙壁净。几案洁。
笔砚正。墨磨偏。心不端。
字不敬。心先病。列典籍。
有定处。读看毕。还原处。
虽有急。卷束齐。有缺坏。
就补之。非圣书。屏勿视。
蔽聪明。坏心志。勿自暴。
勿自弃。圣与贤。可驯致。

【易解】 书房要整理清洁，墙壁要保持干净。读书时，书桌上笔墨纸砚等文具要摆放整齐不凌乱，触目所及皆是井然有条，才能静下心来读书。古人写字使用毛笔先要磨墨，如果心不在焉，墨就会磨偏了。写出来的字如果歪歪斜斜，就表示你浮躁不安，心定不下来。书本应该分门别类，排列整齐，放在固定的位置，阅读完毕须归还原处。虽有急事要离开，也要把书本收好再离开。书本是智慧的结晶，有缺损就要修补，保持完整。不是传述圣贤言行的著作，以及有害身心健康的不良书刊，都应该摒弃不看，以免身心受到污染、智慧遭受蒙蔽、心志变得不健康。遇到困难或挫折的时候，不要自暴自弃，也不必愤世嫉俗、怨天尤人，应该发愤向上努力学习。圣贤境界虽高，循序渐进，也是可以达到的。 ❤

弟子规易解（终）
书名：弟子规 三字经 
孝经 易解。欢迎翻印。
❤明伦教孝
读书千遍。其意自现。
落实生活。确实做到。

弟子规原名＜训蒙文＞，为清朝康熙年间秀才李毓秀所作。其内容采用《论语》学而篇第六条：「弟子入则孝，出则弟，谨而信，泛爱众，而亲仁，行有余力，则以学文。」的文义以三字一句，两句一韵编纂而成，分为五个部份加以演述；具体列举出为人子弟在家、出外、待人接物、求学应有的礼仪与规范，特别讲求家庭教育与生活教育。后经清朝贾存仁修订改编，并改名为＜弟子规＞，是启蒙养正，教育子弟敦伦尽份防邪存诚，养成忠厚家风的最佳读物。
书名：常礼举要
1.家庭之事，不可向外人言。
举例来说，如果你讲到家里的经济状况、家人平常出入的地点，或是什么时间家人预计要去哪里，万一被小偷或是有心人士打听到了，他们会闯空门、做坏事。
另外，古人说家丑不可外扬，若是抱怨、指责家人给外人听，别人也不能帮你解决问题，不仅会伤害家人的尊严，也让让外人对你们一家印象不佳。又或者外人把你说的家务事都当成闲谈八卦传出去，若是说得天花乱坠再传回你耳中，不仅百口莫辩，也徒增一家人心里难受。

2.佛教：知道得到更多的方法其实是布施。
❤法布施：得聪明智慧。
常常读古圣贤书，并身体力行。让社会大众能够注重品德修养，能够分辨是非，才不会与人争执或是犯罪。
❤财布施得财富、功德。
外财就是身外之物，钱、衣服、食物等，提供给需要的人。
内财是自己身体。我们在家里面，帮助家人做家事，用我们的身体为家人服务，在外做义工帮助贫困弱势这都是财布施。能舍才有得。
❤无畏布施是因，得到的果报是健康长寿。
万物有恐怖、有畏惧、生命受到威胁，你帮助他离开一切恐怖，让他身心安稳，这叫无畏布施。

3.见失意人，不说得意语。
（明白别人感受的人总是能够多为别人着想呢。）
遇到失意、伤心、失落的人，他各方面都受到打击，很不得意，应该说点让他得到安慰的话，而不是说自己有多在行、多厉害。
当别人破了财，丢了工作，你却说自己升官发财，这会让对方更加不堪忍受。傲慢、骄傲本身即是恶，更何况用来伤人？
相反的，能够免除别人紧张恐惧或是忧虑的心情即是善，即便帮不上忙也千万不要落井下石。勿因善小而不为，勿因恶小而为之。
并非只有暴力、犯罪才叫恶行，人常常止不住的恶念也是灾难的源头。
欢迎翻印。"
2494,UgwatwZ0LXbcs1yKT-N4AaABAg,0,1 year ago,awesome,惊人的
2607,Ugw_MzpcPGCK7RwNFeV4AaABAg,0,1 year ago,what is the meaning of liziqi can any one tell me buy the way you are truly awesome i love your all videos keep going,Liziqi的含义是什么，有人告诉我以您的真正出色的方式购买我爱您所有视频的方式
3184,Ugxu5Fbgq8BsReUK8e94AaABAg,0,1 year ago,awesome,惊人的
3262,Ugwis7bdpsmaBD0eCFh4AaABAg,0,1 year ago,awesome!,惊人的！
3661,UgxSUaR7wI2Liq2dtwF4AaABAg,0,2 years ago,so awesome!!,好棒！！
6295,UgyUv8lgRKkIMsSk91N4AaABAg,0,2 years ago,u are soo cute and beautiful awesome video,你是个可爱又美丽的真棒视频
4054,UgwMljk4-zUf-ZUTOsJ4AaABAg,0,2 years ago,"awesome, like so beautiful",太棒了，就像如此美丽
4191,Ugy9KFpeG-eRxy72NS14AaABAg,0,2 years ago,your foods are awesome ☺️,你的食物很棒☺️
4255,UgxouJw7ioXEBQarlzJ4AaABAg,0,2 years ago,"my favorite bamboo. what kind of foods in it!
awesome! cinema and cinematography. live for decades.","我最喜欢的竹子。里面有什么样的食物！
惊人的！电影和摄影。活了几十年。"
4420,UgyxLWz9M7t-BifyAWN4AaABAg,0,2 years ago,this is awesome ...,这太棒了 ...
4604,UgzdzhzjnRLTDqBLvjh4AaABAg,0,2 years ago,"awesome, love it",太棒了，喜欢它
5172,UgzH44JeqN2DyBMETop4AaABAg,0,2 years ago,the video you share is awesome...like,您分享的视频很棒...喜欢
6024,Ugwn7Dy3pHCf0ZP_Vjd4AaABAg,0,2 years ago,wow that's awesome,哇，真棒
11730,Ugy-Xr0zjs__5KatWwF4AaABAg,0,3 years ago,it's awesome!,这很棒！
12342,UgzEUdKweRDA7vWuT614AaABAg,0,3 years ago,lady you are awesome.,女士，你很棒。
12479,UgyfkCygdv4zrKqds-h4AaABAg,0,3 years ago,she's really awesome 's very responsible girl i've ever seen.,她真的很棒。她是我见过的非常负责任的女孩。
20067,Ugx8UV7_OH49_P7etnl4AaABAg,0,3 years ago,awesome channel,很棒的频道
18203,UgzuliXofNY_2PtMuI14AaABAg,0,3 years ago,this snail powder is so awesome,这螺蛳粉做的太牛逼了
18734,Ugw9ll07pcQFf21f_T14AaABAg,0,3 years ago,ziyi is awesome,子柒真棒
19120,Ugy0N0yeJxwRKpNElgF4AaABAg,0,3 years ago,awesome,很棒的
19384,UgzUNqfY51bX6w_lf494AaABAg,0,3 years ago,awesome.,惊人的。
19430,UgznjGfyZ0DJPfz1jPh4AaABAg,0,3 years ago,"loving nature and her cooking style is awesome,i love it i want to have a wife like her.tq for sharing with us,may god bless you...",爱的大自然和她的烹饪风格很棒，​​我喜欢它，我想和她这样的妻子与我们分享，愿上帝保佑你...
19514,Ugy2k73x-QC0NkpZw894AaABAg,0,3 years ago,awesome,很棒的
19683,UgzO_WGl1UvOTQle80d4AaABAg,0,3 years ago (edited),"zhi chi, a young woman who is kind, cooks, telling recipes and methods. for the general public good luck and happiness. today, stir -fried bamboo shoots, long beans, donated with the remaining grandmother to eat the next day or sell to earn money. the future is hoping to be rich, the little girl this is a genuine chinese, fruit plant. dry, pickled, pickled, branches, weeds, as fuel, raising animals for self -use, self -use, sell, sell, make it to see as well. do only do not talk people in and abroad like therefore have ten million fans to follow really awesome, the little and pathetic little girl her history is very attractive. right now, the little girl beside the bridge that she used to be famous is her life. history is in the clip that she spoke alone, answering with the fan club who was with two grandmother. near the bridge there are village headmen to help parents and grandfather at a young age. looks very difficult. wish you good health and good luck, both grandchildren, talented people 写给 泰国 看 看",智奇（Zhi Chi）是一个善良的年轻女子，烹饪，讲食谱和方法。对于公众祝你好运和幸福。今天，搅拌竹芽，长豆，与剩下的祖母捐赠第二天或卖钱。未来希望有钱，小女孩这是一个真正的中国水果植物。干燥，腌制，腌制，树枝，杂草作为燃料，饲养动物以自我使用，自我使用，出售，出售，也可以看到。只能不说话国外的人喜欢因此有一千万的粉丝要跟随真的很棒，小而可悲的小女孩她的历史非常吸引人。现在，她曾经出名的桥旁边的小女孩是她的生活。她独自讲话的历史是在剪辑中，与两个祖母的粉丝俱乐部回答。在桥附近有村长在很小的时候帮助父母和祖父。看起来很困难。祝您身体健康，祝您好运，两个孙子，才华横溢的人写写看看
20477,UgxemapbAoMJzcc_zMZ4AaABAg,0,3 years ago,really awesome ...so refreshing to watch dear,真的很棒...令人耳目一新，看亲爱的
17381,UgyyuyE0_LiVQbCJnCF4AaABAg,0,3 years ago (edited),are you into a 90 day fiancé type situation or is your husband the cameraman? you are awesome and if you have a husband he is lucky. i love your cooking speed and aggression.,您是否陷入了90天的未婚夫型情况，还是您的丈夫是摄影师？你很棒，如果你有丈夫，他很幸运。我喜欢你的烹饪速度和侵略性。
20524,UgzSccA3YjMShQIuZnZ4AaABAg,0,3 years ago,hi... liziqi u r making awesome cooking and making very very yummy videos......thank u..,嗨... liziqi u r做令人敬畏的烹饪，制作非常美味的视频……谢谢..
20744,Ugz9_5gp4kJ3UhG-oUt4AaABAg,0,3 years ago,wow really awesome dear,哇，真是太棒了
20800,UgxeSb5P8jx8YGxvNIJ4AaABAg,0,3 years ago,she is awesome...,她很棒...
20850,UgwYLW--7hfCuBB_INJ4AaABAg,0,3 years ago,"man, i want that awesome do it all knife that she cooks with! it looks so convenient for prepping ingredients",伙计，我想让她与她一起烹饪的所有刀！对于准备成分来说，它看起来很方便
20940,UgyBZv5rSKN5swgENid4AaABAg,0,3 years ago,you are awesome,你太棒了
21511,Ugz7aQGNBz-fpjuPa-l4AaABAg,0,3 years ago,just awesome,太棒了
21639,Ugxt4SZoY_LnGm6zy994AaABAg,0,3 years ago,background music awesome,背景音乐很棒
17544,Ugy86FcBNTVfSy5QCzF4AaABAg,0,3 years ago,"it's great, xanadu. thank you for shooting. that ’s awesome, it’ s utopia, thanks for shooting this video","太棒了吧，世外桃源。感谢拍摄。that’s awesome, it’s utopia, thanks for shooting this video"
16884,UgwsCGSsEfzL1I-l69N4AaABAg,0,3 years ago,simply awesome,简直太棒了
12715,UgzFglNpCYz8WSl9iD94AaABAg,0,3 years ago,"your videos are awesome, but it's very rustic, but i really love such things",您的视频很棒，但是非常质朴，但我真的很喜欢这样的东西
14276,Ugx9D8Tr9aFMQcGolAJ4AaABAg,0,3 years ago,i would love to take care of a garden like that. this lady is awesome and i love how she takes care of her elders.,我很想照顾这样的花园。这位女士很棒，我喜欢她如何照顾长者。
12720,UgxuBMG_q7ipV81wieF4AaABAg,0,3 years ago,awesome girl,很棒的女孩
12964,UgxN9ZX0gywWZEymJL14AaABAg,0,3 years ago,u are just awesome..,你真棒..
13602,UgxuJKZAlSHTli8kCNx4AaABAg,0,3 years ago,awesome!,真棒！
13753,Ugz3ziF8Keqk2jnr3fF4AaABAg,0,3 years ago,absolutely beautiful and awesome!!!,绝对美丽而令人敬畏！！！
13864,UgzUjL9cPwjorT67gDh4AaABAg,0,3 years ago,"li zi is awesome, the pride of the chinese",李子柒牛逼，华人的骄傲
13892,Ugz6GXKhjxJ8CHteMRJ4AaABAg,0,3 years ago,whatever it is but awesome,不管是不可思议的
14216,UgxnluhpyJ2DNu2h5VN4AaABAg,0,3 years ago,"it looks well produced, so i think there is a whole team behind this. it's so awesome to have a the ingredients fresh .",它看起来很好，所以我认为这背后有一个团队。新鲜的成分真是太棒了。
14284,UgyGgWlSkq2TtDLz9bR4AaABAg,0,3 years ago,"she's an awesome woman, and may the universe continue to give her and her family exactly what they have now a simpler way of life it just keeps them happy awesome. and i will continue to watch her videos",她是一个很棒的女人，愿宇宙继续为她和她的家人提供他们现在拥有更简单的生活方式，这使他们快乐。我将继续观看她的视频
16864,UgwPDZmmiuVpVLSMTH54AaABAg,0,3 years ago,awesome place,很棒的地方
14679,Ugz1H9Oj78xZWP0MTGl4AaABAg,0,3 years ago (edited),this is awesome. that's really hard to make our life like her life. i wanna back to natural life. love u,这太棒了。这真的很难使我们的生活像她的生活一样。我想回到自然生活。爱你
14715,UgzpL9DDIFDeQHvQdSx4AaABAg,0,3 years ago,is this place is real!..if it is...simply awesome.,这个地方是真实的！..如果是……真是太棒了。
14785,UgwdmJRj1DfY6TOiI0d4AaABAg,0,3 years ago,"i am from vancouver island canada and have so enjoyed your videos . i have great respect for your hard work and the beautiful nation of china and the first time i watched a video from your channel it brought tears of joy to my eyes i was quite surprised by that ☺️
we have places on the island that could be great places for a show styled after yours . i am a man and not near as beautiful or graceful as you so i don’t think filming myself would be as popular as if maybe you were to come and do some special episodes here in canada .
well please be careful and keep making these gorgeous videos for the world , it’s truly admirable and does so much good for people it is awesome ! thank you very much","我来自加拿大温哥华岛，非常喜欢您的视频。我非常尊重您的辛勤工作和美丽的中国国家，并且第一次看您的频道视频时，这给我带来了喜悦的眼泪，我对那个☺️
我们在岛上有一个地方，可能是您以您的表演方式进行表演的好地方。我是一个男人，不像你那样美丽或优雅，所以我认为自己拍摄不会像您要来在加拿大做一些特别的情节一样受欢迎。
好吧，请小心，并继续为世界制作这些华丽的视频，它确实令人钦佩，对人的好处真是太棒了！非常感谢"
15702,Ugz_7xM6MQmMVJVtE7d4AaABAg,0,3 years ago,awesome!!!! now i am hungry!!!,惊人的！！！！现在我饿了！！！
16162,UgyVtpVM9aOoADoGAeh4AaABAg,0,3 years ago,awesome food looks delicious!!!!!!!!!,很棒的食物看起来很美味!!!!!!!!!
16262,Ugw2akJQ8OuEGqwHluN4AaABAg,0,3 years ago,"it's awesome, this is really good, the girl is also good",给力 这个看着是真不错 啊 妹子也不错
16851,UgyerxfEPfPZF5PERvt4AaABAg,0,3 years ago,wow! awesome!!!,哇！惊人的！！！
35271,Ugz1saQYG9C0SUUi5BZ4AaABAg.8yURoPrINdo8yUV81b7scz,0,3 years ago,@syahrulra3303 yes i agree with u .. editor is awesome. ...,@syahrulra3303是的，我同意你。编辑很棒。 ...
