,cid,votes,time,含perfect,含perfect中文翻译
33062,Ugx-R9NU-I2dISe7SLN4AaABAg,145,3 years ago,"nature, colors, fruits, clothes, your grandmother and of course you how everything is so perfect",大自然，颜色，水果，衣服，您的祖母，当然还有一切都如此完美
11553,UgwOKaIWeB3nIXK7cUJ4AaABAg.97SYDnx5UUw97v3ZT0OXyN,71,3 years ago,"riya guria after june, 2017, she hired the cameraman and a young assistant. before that, she was a one girl team and did exactly what you said to finish the shooting tasks. almost impossible while she made it with her incredible persistence. as for the proof, she showed all the raw materials on chinese webo, a chinese social media platform. one perfect scene may just come from tens of reshoots, especially when she did it alone at the time. and those early elaborate masterworks make her videos go viral.",Riya Guria在2017年6月之后，聘请了摄影师和年轻助手。在此之前，她是一个女团队，并按照您所说的完成射击任务。当她以她令人难以置信的毅力做到这一点时，几乎是不可能的。至于证明，她在中国社交媒体平台中国韦伯（Webo）上展示了所有原材料。一个完美的场景可能来自数十个重新拍摄，尤其是当她当时独自做的时候。那些早期精心制作的杰作使她的视频传播开来。
28198,UgzvUXzlx4Hpc_AfBAB4AaABAg,71,3 years ago,i wonder who makes the videos.. they have such perfect cinematography..,我想知道谁制作了视频..他们有如此完美的摄影。
15931,UgwcK6zy11A5K3QHuZl4AaABAg,64,3 years ago,"the most amazing are her beautiful hands, impossible to believe that she performs so much labor. first of all it tells that she has a perfect control of her very skillful hands, correct grip of every tool, perfect coordination and rhythm, accuracy, experience. my farther was also that way: he was an amateur carpenter, a gardener, an artist, he could fix anything and yet i don't remember a single bristle, a cut of injury to his hands: they were handsome, strong always implacably clean hands of a man and a creator.",最神奇的是她美丽的手，不可能相信她的劳动如此之多。首先，它告诉她她对自己非常熟练的手，正确控制每个工具，完美的协调和节奏，准确性，经验。我的距离也是如此：他是一个业余木匠，一个园丁，一个艺术家，他可以修复任何东西，但我不记得一个毛刺，他的手割伤了：他们很帅，坚强总是很干净男人和创造者的手。
19900,Ugx3zuXyOf11s3dxiwp4AaABAg.91GSbollkUx91MlDGAsziC,35,3 years ago,"nah no one deserved her, shes too perfect",不，没有人应得的，她太完美了
17399,UgyjpfesSPuwYp3Fnw14AaABAg,33,3 years ago,i don’t know what to say just everything is so perfect and nature,我不知道该说些什么，一切都是如此完美和自然
8209,Ugwi18Z3V3i04kFFVG54AaABAg,33,2 years ago,"i love cooking n this video is wonderful, everything scene is traditional or very old skool .perfect film",我喜欢烹饪n这个视频很棒，所有场景都是传统的或非常古老的。完美的电影
13989,UgxQ0ijZvbspl30fZHd4AaABAg,28,3 years ago (edited),she is living my dreams!!! their way of life is beautiful and perfect!!! the way god meant it to be for us all !!!,她正在实现我的梦想！！！他们的生活方式是美丽而完美的！！！上帝意味着对我们所有人的意义！！！
5214,Ugwe-7KTJMyn1qujNSl4AaABAg,21,2 years ago,she masters everything to perfection,她掌握了一切完美
33520,UgzGXtm4OPuQrqpm-2J4AaABAg,21,3 years ago,"li ziqi , the princess of nature, the quintessence of perfection ...",Li Ziqi，自然公主，完美的精髓...
33053,Ugx7ioagsBZN6Pn4i414AaABAg,18,3 years ago,waaah! that pot of noodles is perfect to end the day!..,哇！那锅面条非常适合结束一天！
17301,UgwE2kJ033T-s7sPYQF4AaABAg,14,3 years ago,"the food,the mood,scenery and the cinematography.
perfect.","食物，心情，风景和摄影。
完美的。"
34524,UgyUieem38jTnsuUj_x4AaABAg,14,3 years ago,"perfect, everything perfect... her so cute and beautiful. i love her and nature here",完美，一切完美...她如此可爱和美丽。我在这里爱她和自然
20313,Ugx6wfqqbyfeSS_RSpJ4AaABAg,13,3 years ago,"no one's life is perfect but her's is just beautiful, as beautiful as she is",没有人的生活是完美的，但她的生活很漂亮，就像她是
15749,UgytgF-MWXc3RDCoeKl4AaABAg,13,3 years ago,the most perfect human being that ever lived.,有史以来最完美的人。
18023,UgzZFcrlBTbopuNVj9d4AaABAg,13,3 years ago,this perfection is only in the video! don't spray!,这种完美只有在视频里！勿喷！
10655,UgxqSpb3Gk81b3ZvGH54AaABAg.98VupjufjU7993jSt_c0nn,12,3 years ago,"below your comment, this guy @马xe, is one of those who doubt ziqi's videos' reality and firmly believe she has a large group of ppl who help her and train her do all those stuffs. he's one of those haters. i don't know why do they have to say words like this. maybe they are just so jealous. ziqi has pushed another video to explain how did she shot, edit videos and of course farm and cook nearly all by herself(https://www.youtube.com/watch?v=ovoslq-aep8). i just want to remind each ppl with kind heart who watch ziqi's videos. just don't believe every single word of those haters. i was a photographer, i know some techniques of shooting. i can notice some flaws in her video just as she mentioned in the link above, however i choose to ignore them because the entire video is soooo perfect. if she had a group of professional ppl who help her, those mistakes would never happen....definitely.",在您的评论下，这个家伙 @马XE是怀疑Ziqi视频的现实的人之一，坚信她有一大批PPL，可以帮助她并训练她做所有这些事情。他是那些仇恨者之一。我不知道为什么他们必须说这样的话。也许他们真嫉妒。 Ziqi推出了另一个视频，以解释她如何拍摄，编辑视频和当然的农场，并几乎独自烹饪（https://www.youtube.com/watch?v=ovoslq-aep8）。我只想提醒每个PPL，善良的心观看了Ziqi的视频。只是不要相信那些仇恨者的每个单词。我是摄影师，我知道一些射击技术。就像她在上面链接中提到的那样，我可以在她的视频中注意到一些缺陷，但是我选择忽略它们，因为整个视频非常完美。如果她有一群专业人士帮助她，那么这些错误就永远不会发生。
10905,UgyrqNFUsCUI5_HcrwF4AaABAg,11,3 years ago,"this is the first time i’m watching this! besides her cooking ,the camera work is just so perfect",这是我第一次看这个！除了她的烹饪外，相机的作品是如此完美
29106,UgzxhBZ9r-Ug4yKsHm54AaABAg,11,3 years ago,"who planted all of the massive fields? was it her family alone over the years, i wonder? every plant & shrub looks so healthy & green! the weather for growing must be perfect there. she never has a recipe or guide, just does from memory! ♥️ to watch her busy days.",谁种植了所有大型领域？这些年来，这是她一个人的家人吗？每种植物
13367,Ugxf_s_q7Zn2Y0ooqNV4AaABAg,9,3 years ago (edited),"aside from the super oily cooking and sometimes too much sweet, everything else is perfection and inspiring. the nature, the mountains, the gardens, the ingredients, the natural environment including appliances, your incredible skill in everything, your strength, the creativity.. the angles, and the video editing..well done~
the sound capturing of every activities is also amazing.. almost like asmr. beautiful background music. relaxing and beautiful.
you potray what you had said.. to show where the food we eat comes from. the works behind it. and the variety of the nature.","除了超级油腻的烹饪，有时太甜了，其他一切都是完美和鼓舞人心的。大自然，山脉，花园，成分，自然环境，包括设备，您的一切都在一切方面，力量，创造力。
每个活动的声音捕获也很棒。几乎就像ASMR一样。美丽的背景音乐。放松和美丽。
您是您所说的话..以展示我们吃的食物来自何处。它背后的作品。以及自然的多样性。"
26307,UgwQnpWIGgxw_Aj3Qk14AaABAg,8,3 years ago,"you're pretty.. your daily life is full of cooking foods.. the perfect ""ibu rumah tangga"" house wife.. i have to learn from you",你很漂亮..你的日常生活充满了烹饪食物..完美的“ ibu rumah tangga”家庭妻子..我必须向你学习
15156,Ugz-v-TV0pUOr1y0z5l4AaABAg,8,3 years ago (edited),"she so perfect , not just beautiful , she also hard working women







wife material","她是如此完美，不仅美丽，还努力工作的女人







妻子材料"
15877,UgxvveJSSMCrSiZuKQB4AaABAg,7,3 years ago,"this period must be rhythmic, picture, and duration, it should be the most perfect.",这一期得节奏感、画面、时长，应该是最完美的.
28392,Ugxsyl9qHCJ2n2g0LMt4AaABAg,6,3 years ago,"my god what a perfection, what a dedication, what a zeal, what a love you have for your affairs, you are too much. cherish.",我的上帝是一种完美，多么奉献，多么热情，你对事务的爱，你太多了。珍惜
20802,UgwoEcUnHAuNarl3-NN4AaABAg,6,3 years ago,"a huge restaurant needs to hire this chef. wait, she is perfect where she is. o god, need a girl that can cook.",一家庞大的餐厅需要雇用这家厨师。等等，她是完美的地方。天哪，需要一个可以做饭的女孩。
20446,UgxLOC1t-WuXVFSqfVp4AaABAg,6,3 years ago (edited),"everything perfect, in vietnam many young people like to watch your video. chinese culture and vietnamese culture are quite similar. from",一切完美，在越南，许多年轻人喜欢观看您的视频。中国文化和越南文化非常相似。来自
5328,UgyWAQvyj3pb_moqy7J4AaABAg,4,2 years ago (edited),"liziqi: gets more than 2m++ views for each of her video
everyone else: commenting bout their opinion
while;
me:thinking how much that she got for her channel for this past 3 years till now.lol
*sorry my eng is not perfect*","Liziqi：她的每个视频都能获得超过2M ++的视图
其他所有人：发表评论
尽管;
我：思考她过去三年来她为自己的频道得到了多少
*对不起，我的英语不是完美的*"
22543,Ugz0SQ0HDZcnuxq1dYl4AaABAg,4,3 years ago (edited),this is the hostess !!! perfect wife!))) such girls in their arms should be worn ..,这是女主人！！！完美的妻子！））应该戴上这样的女孩。
22266,UgxY5PHWyf7r9m9uthB4AaABAg,4,3 years ago,she is the perfect woman. period.,她是完美的女人。时期。
19957,Ugy64b8Tc-CR9fv_DdR4AaABAg.91FI0ImISkq920np5wzz6H,4,3 years ago,@ashoretoo i took it a bit personal i am a mutt american male from indiana. i child of the 80s i think was probably the last good generation we had i know life is not perfect but i try to do what i can i see. to much hate and it frustrates me because we know better. thank you,@ashoretoo我有点个性化，我是来自印第安纳州的杂种美国男性。我认为80年代的孩子可能是我们知道生活并不完美的最后一代，但我试图做我能看到的。令人讨厌，这让我感到沮丧，因为我们知道得更多。谢谢
6405,Ugzf70cPsPH67pHqP_d4AaABAg,3,2 years ago,"this is one of the nicest channels i have ever watched. seems perfect, almost like a video game.",这是我看过的最好的频道之一。看起来很完美，几乎就像电子游戏。
3102,UgxK7tTx9vC9pt59mmJ4AaABAg.9Pk50gyAGkX9ZUm5Jh_zMx,3,1 year ago,"this is my dream life! im in canada right now, and my dream would be to asap buy a big portion of land, so i can then go and with the money i am investing right now as a child, with my father, i hope its enough for me to start this. i already have plenty of ideas and watched a lot of videos of people like etienne levesque, who has a aquatonic greenhouse that works really well, even in the cold winters of quebec. im engaged in this, and im already learning my survival instincts as a chef corporal in cadet army. i dont know if i want to have an educaation to be a doctor, or to have and education about greenhouses and such. with my cadet background, i could join the army for a bit, or have a doctorate and be a family doctor, but in the army. with that, i have money, survival instincts and a plan b if anything goes wrong. a passion of mine is cooking and piano, so learning to cook is perfect for having a huge farm like this. i want for me and my family to live in one of those huge house for generations to live in, and my dad would love to help us with all the technologie. my dream would to use mash the ways of my ancestors and the technologie we have now. my dad can help me build the greenhouse and my grandpa too, be grandpa was an architect and my dad is a engineer but in computers. if we use the technologie and the modern world in farming and other stuff like this, and not like we did with machines and stuff. like the futuristic solar boards that capt the sun energy ( english is not my first language sorry haha). what im trying to say, you can see what im talking about by googling : futuristic greenhouse . this is what technology should be used for! i know it may be a really big dream, but i am ambitious and i know that my dreams wont come true unless i start making actions about it. if this comes true, i dont even have the words to say how happy i would be.",这是我的梦想生活！我现在在加拿大，我的梦想是尽快买大部分土地，这样我就可以去，然后用我小时候投资的钱，与父亲一起，我希望它足以让我开始这。我已经有很多想法，并且观看了许多像伊蒂安·莱维斯（Etienne Levesque）这样的人的视频，他的水上园林温室甚至在魁北克寒冷的冬季都非常有效。我从事这一点，我已经在学习我的生存本能，是学员军队中的厨师下士。我不知道我是否想接受教育作为医生，还是要接受有关温室等的教育。在我的学员背景下，我可以加入军队，或者拥有博士学位并成为家庭医生，但在军队中。这样，如果有什么问题，我有钱，生存的本能和计划B。我的热情是烹饪和钢琴，因此学习做饭非常适合拥有这样的巨大农场。我希望我和我的家人住在那些巨大的房子中，供几代人居住，我父亲很想帮助我们所有的技术。我的梦想将使用我的祖先和我们现在拥有的技术的方式。我父亲可以帮助我建造温室，而我的爷爷也是爷爷是一名建筑师，而我父亲是工程师，但在计算机中。如果我们在农业和其他类似的东西中使用技术和现代世界，而不是像机器和东西一样。就像太阳能上尉的未来派太阳能板一样（英语不是我的第一语言，对不起哈哈）。我想说的是，您可以看到我在说什么通过谷歌搜索：未来派温室。这是应该使用的技术！我知道这可能是一个非常大的梦想，但我雄心勃勃，我知道我的梦想不会实现，除非我开始采取行动。如果这是真的，我什至没有话可以说我会多么高兴。
14244,UgwlbLN7mOcdhvxAw6p4AaABAg,3,3 years ago,that girl could be the perfect one for any man that love to eat warm food.,那个女孩可能是任何喜欢吃温暖食物的男人的理想选择。
32515,UgxhD_D9UwIGA4yav1R4AaABAg,3,3 years ago,"she is perfect, i hope she adopts me!",她很完美，我希望她收养我！
16724,Ugx_B8R8o6hOYICx7T14AaABAg,3,3 years ago,she is literally the perfect waifu. i'd love to learn from her.,她实际上是完美的waifu。我很想向她学习。
33106,Ugx8FE089Sxi_DFEwzV4AaABAg,2,3 years ago,"i really like your videos - the aesthetic, the rustic ambience, the culture, the cinematography, the music, the variety of knowledge and skills you display - everything is just perfection. you make countryside lifestyle romantic, calming, and dare i say much better than urban lifestyle. ❤",我真的很喜欢您的视频 - 美学，乡村氛围，文化，摄影，音乐，您展示的知识和技能的多样性 - 一切都是完美的。您使乡村的生活方式浪漫，镇定和敢于说，我说的要比城市生活方式好得多。 ❤
14464,UgwC1BG8OG690PtX4iB4AaABAg.94C3z5UoImQ94TxOQwv9gG,2,3 years ago,right's perfect!!,右图与那首背景歌曲。这是完美的！！
27727,UgzTcPl19U_0IiEwiu14AaABAg,2,3 years ago,"my snail powder in guangxi ~~ the screw powder is cooked a bit, but unfortunately, the other processes are almost perfect, hahaha",我大广西的螺蛳粉~~螺丝粉煮的有点融了，可惜哈~其它工序几乎完美，哈哈哈
32709,Ugwy_pkw5JbtRLduzq14AaABAg,2,3 years ago,she is a perfectionist!!,她是一个完美主义者！
32212,UgyJO5CyZJ18X1lCFEV4AaABAg,2,3 years ago,eid mubarek to every muslims and you are perfect and beatiful dear lizi qi ✨,开斋节给每个穆斯林，您是完美而美丽的亲爱的Lizi Qi✨
17499,UgxJnZ0kZrSYpzvugMR4AaABAg,2,3 years ago,"she is beautiful, beyond words. this is a perfect wife that every man dreamed.",她很漂亮，超越言语。这是每个男人梦dream以求的完美妻子。
19170,UgxWWjYUZ7b67kh5D3l4AaABAg,2,3 years ago,"this woman is just like my wife, perfect.",这个女人就像我的妻子一样，完美。
27637,UgzhVH4VcZ2FcnTbNqd4AaABAg,2,3 years ago (edited),"hello, how are you? well now here in brazil it's 18:51, and as always your videos are splendid, i especially liked the nature where everything seems to be in perfect harmony, once again i leave here my gratitude for another great video, that's all for now. congratulations and good luck ...,",你好吗？好吧，现在在巴西是18:51，一如既往，您的视频很棒，我特别喜欢一切似乎都处于完美和谐状态的本性，我再次在这里留下了我对另一个很棒的视频的感激之情。恭喜，祝你好运...，
20023,UgyZY0AL_QAsZH2AYed4AaABAg,2,3 years ago,you are the most perfect girl in the world ❤️❤️,你是世界上最完美的女孩❤️❤️
20651,Ugz0HdTG-Kc9Bd9JOFZ4AaABAg.90frsqbFNBE91TxCTX8Vrf,2,3 years ago,"brother jacky phantom, i climb the wall and come out, do you think of this? it is also a word. my country is not perfect, and the ruling party is not perfect. but i think it's not bad now, and don't require them to be perfect. in addition, your behavior is annoying.",Jacky Phantom 兄弟，我爬墙出来你当我不知道这些？同样是一面之词。我的国绝不完美，执政党也绝不完美。不过我觉得现在还不错，也不要求他们完美。另外，你这个行为很烦人。
21556,UgylbD1ru_JpcdPTlQR4AaABAg,2,3 years ago,perfect,完美
20641,Ugz0HdTG-Kc9Bd9JOFZ4AaABAg.90frsqbFNBE913ffVhocuG,2,3 years ago,"jacky phantom i am speechless. know part of a country's history and attack people from there for that reason because it has to be their fault! you, wherever you are from, please stop insulting your origin by talking to me like that. i had no ill intentions replying to you in the first place, but i don't like how you brought our conversation to this end. what does this piece of information has to do with what i said or what ziqi posted? this is not somewhere you want to brag about you newly-learned knowledge towards someone's homeland and come up showing off with them because it gets personal. many ethnic minorities are not driven out, but the people choose to convert because that fits the modern lifestyle better. plus, many southern ethnic minorities are getting awareness from the government and given protection by helping them booming tourism so that they can make a living withholding their traditions and customs. on the other hand, the u.s. undoubtedly invaded the indigenous people on n.a. and hawaii islands, and try talk to americans with that piece of information and see if they would think you so genius or the other way around. if you happen to be american, perfect, seems like my country isn't hardly as bad as yours speaking of invading, oh no, killing, indigenous people, let alone the culture. i know that i won't be able to overturn your negativity towards china and i don't want to leave you even more downside impressions on us, but i sincerely hope that you would one day drop that bias and look slightly more into the positive side -- because every country is more than what you can read in the media.",Jacky Phantom我无语。知道一个国家历史的一部分，并因此从那里攻击人们，因为这必须是他们的错！无论您来自哪里，请不要再与我交谈，不要再侮辱您的来源。首先，我对您没有任何不良意图，但是我不喜欢您将我们的谈话带到这一目标。这条信息与我所说的内容或Ziqi发布的内容有什么关系？这不是您想吹牛的地方，因为您是个人的，因为它是个人的，因此对某人的家园进行了新的知识并与他们一起炫耀。许多少数民族并没有被驱逐出境，但是人们选择convert依，因为这更适合现代生活方式。另外，许多南部少数民族正在从政府中获得认识，并通过帮助他们蓬勃发展的旅游业来保护他们，以便他们可以谋生自己的传统和习俗。另一方面，美国无疑入侵了北卡罗来纳州和夏威夷群岛的土著人民，并尝试用这片信息与美国人交谈，看看他们是否会认为您是如此天才或相反的方式。如果您碰巧是美国人，那么完美，看来我的国家并不像您说入侵的人那样糟糕，哦，不，杀人，土著人，更不用说文化了。我知道我将无法推翻您对中国的消极情绪，我不想让您对我们有更多的下行印象，但我真诚地希望您有一天会放弃这种偏见，并使您更加偏向积极方面 - 因为每个国家都比您在媒体上阅读的内容还要多。
205,Ugxa_YXGJ7VwboyT9FN4AaABAg,2,2 months ago,"a beautiful and elegant woman,in the most beautiful country in the world, nobody understands china, it is the perfect society,",一个美丽而优雅的女人，在世界上最美丽的国家，没有人了解中国，它是一个完美的社会，
18611,Ugw-4ZcCGQMb7Of6XvF4AaABAg.92QSySm3B1D92cbocOpMqD,2,3 years ago,"nationalism always finds its place and pride in patriotism, i may love china, but never because of communism or some certain regime, and the so-called great political leaders only exist in highlighted profile on tv or in books with perfect iamges, while in fact most chinese even don't know who are in charger as their local chief government ofiicers, let alone meeting them face to face, and everything about great leaders are from the elaborated official publicity, since no one is allowed to comment on them in a negative tone in china publicly. anyway, it's my personal experience, observation and perspectives based on my current decades of life in china. the point is that you can love or be in favor of some politicians or political ideology, but you can't represent all the population or force others to believe in only one political doctrine, for you can only stand for your ownself, while other people should have their rights to have their own sayings and stances at their free will.",民族主义总是找到自己对爱国主义的地位和自豪感，我可能爱中国，但从来没有因为共产主义或某些政权，而所谓的伟大的政治领导人只有在电视上或具有完美iamges的书籍中存在于强调的个人资料中，而实际上大多数中国人甚至都不知道谁是当地的首席政府，更不用说面对面与他们会面，而关于伟大领导人的一切都来自详细的官方宣传公开中国的语气。无论如何，这是我的个人经验，观察和观点，基于我目前在中国的生命。关键是您可以爱或赞成某些政治家或政治意识形态，但是您不能代表所有人口，也不能强迫他人仅相信一种政治学说，因为您只能代表自己，而其他人应该有权自由意志拥有自己的言论和立场。
2718,UgzFVG48wpQpmD3TAZd4AaABAg,2,1 year ago,delicious!! just a little bit of everything to make it perfect ;),可口的！！只有一点点才能使其完美;）
6004,UgxJT6TxzsEACJqGwkh4AaABAg,2,2 years ago,this women does so much. she is the picture perfect bride,这个女人做了很多。她是图片完美的新娘
8803,UgyTRz1YrHNDd8JvRoV4AaABAg,2,2 years ago,constantly preparing and cooking. no other purpose in life. this so perfect life. just like a movie.,不断准备和烹饪。人生中没有其他目的。这种完美的生活。就像电影一样。
26905,UgyIms1hOLaWVF7KU-t4AaABAg.8yk1CEr2f_e8ymNIqYFIBM,1,3 years ago,@ishtarsummers1981 so what? your country is innocent and perfect?,@ishtarsummers1981那呢？您的国家是无辜而完美的？
30311,UgxlD7F4LIADR8nw3Xx4AaABAg.8yVezNp8yw392qVMOtiXMD,1,3 years ago,she'll live long with that kind of living like the food she eats are healthy and her environment is just so perfect and not polluted,她会像她所吃的食物那样健康的生活中生活很长一段
16292,UgzGo8lfYU11R34rFF54AaABAg.92wzyoDy2Ws935WwKrfGLK,1,3 years ago,@xiaolongbaoenthusiaist457 perfect place for me,@Xiaolongbaoenthusiaist457对我的理想场所
3186,UgxhDH3lnNEqQayeIJ54AaABAg,1,1 year ago,"if i didn't keep snails as pets, this video would be perfect lol. can't wait to see more lovely relaxing vids, just snail free! xd",如果我不把蜗牛作为宠物，那么这个视频将是完美的大声笑。等不及要看到更多可爱的放松视频，只需免费蜗牛！ XD
3753,UgxUSbzprrcpSl9PR694AaABAg,1,2 years ago,very delicious vegetables ... and cooked by a perfect woman,非常美味的蔬菜...由一个完美的女人煮熟
27520,Ugyzo6rXO14bXZBc5xZ4AaABAg,1,3 years ago,"what a pity ... you have to lower the volume a lot for music (almost continuous) not to bother, and the sounds are lost a lot, which are already music without any more. the video would be perfect without music or with it much lower and sporadic.",可惜...您必须大大降低音乐（几乎连续）的大量卷，而不必打扰，而且声音会丢失很多，这已经是音乐已经没有了。没有音乐，该视频将是完美的，或者零星的视频将是完美的。
17752,UgwWyE65JvhUv8_DQ6N4AaABAg,1,3 years ago (edited),really perfect wife ❤️,真的很完美的妻子❤️
8790,UgwF7HKuwUE8JOLeh0x4AaABAg,1,2 years ago,who shoots these videos?perfect timing! and she has everything nearby! just a smart marketing gimmik . this liziqi. for online brand! no woman is a superwoman like her!,谁拍摄这些视频？完美的时机！她附近有一切！只是一个明智的营销gimmik。这个liziqi。对于在线品牌！没有女人是像她这样的超人！
15422,UgxM6M0zpu3k7SD32RR4AaABAg.93FjALA-hss9A_CeenNcK9,1,2 years ago (edited),"strait arrow listen you punk, the dimwit is the one who shoots its mouth with impunity and hides behind a juvenile avatar as its profile. any self respecting human adult will use his/her real name and real profile in an open chat forum. that said, not once did i disrespect you as i clearly allow the fact that i may have misunderstood and preemptively offered an apology. this is class and education-which you obviously lack. so don’t address me without asking for an audience in the future you hoy polloi! ( i bet you don’t even know what that term means as it perfectly describes you). you simply don’t deserve my effort. while you are at it, check you spelling. dimwit ( that’s you) is in one word. 
comme on dit en français, tu es un crétin sans éducation ni savoir-vivre.","海峡箭头聆听您的朋克，Dimwit是那些不受惩罚地射出嘴并躲在少年化身作为其轮廓的人。任何自我尊重的人类成年人都将在一个公开的聊天论坛中使用他/她的真实姓名和真实个人资料。就是说，我没有一次不尊重你，因为我显然允许我误解并先发出道歉的事实。这是班级和教育 - 您显然缺乏什么。因此，不要在未来询问观众的情况下向我讲话！ （我敢打赌，您甚至都不知道该术语的含义，因为它完美地描述了您）。你根本不应该得到我的努力。当您使用它时，请检查您的拼写。 Dimwit（就是您）一句话。
在dit enfrançais上，the es uncrétinsanséducationni savoir-vivre。"
19405,UgzkDsGMO1OS6o_y5Tp4AaABAg,1,3 years ago,i think man are waist. she is doing everything alone. what a perfection. really awesome job. hats off y,我认为男人是腰。她一个人做所有事情。多么完美。真的很棒。戴上Y。
26096,Ugwtf9mRYWCbnoAjc_x4AaABAg,1,3 years ago,beauty girl n u can cooking. this is perfect,美容女孩，你可以做饭。太棒了
19911,Ugx3zuXyOf11s3dxiwp4AaABAg.91GSbollkUx91sCSGr2xvS,1,3 years ago,bond lu agree!!! it’s too perfect,邦·卢同意！！！太完美了
6923,UgzhLfv10DLOfN-W8Xl4AaABAg.9DrBV-z1UcC9F9iSDJuJtS,1,2 years ago,@milkknife you are thee perfect example of a person who hates life in general and hates themselves and takes it out on others. it's sad you're this way life is too beautiful and you haven't even discovered 1% of all the things to experience within it. hope you find some light in your life.,@milkknife，您是一个人的完美典范，他讨厌生活并讨厌自己并将其带到他人身上。这是可悲的，您的生活太美了，您甚至还没有发现其中有1％的人体验。希望您在生活中找到一些光明。
5831,Ugzb269XuK03ADFIAFt4AaABAg,1,2 years ago,"i am a simple and a loving man. with the qualifying attitude that everyone will like. loving, honest and understanding. i am not perfect. but i am ready to compromise, with full understanding!",我是一个简单而充满爱心的人。以每个人都喜欢的合格态度。充满爱心，诚实和理解。我并不完美。但是我准备好妥协，并充分理解！
24075,Ugyc5XlGOx1KwedRhWd4AaABAg,1,3 years ago,"i appreciate your hard working dear, i think you have all the qualities ,perfect woman i have ever seen,",感谢您的辛勤工作，亲爱的，我认为您拥有我见过的所有品质，完美的女人，
21369,Ugw8wKfIqS7Tw_ZFwoN4AaABAg,1,3 years ago,perfect in everything you do !!,您所做的一切完美！！
5121,Ugxg2Cs4y3YIzUxAKzV4AaABAg,1,2 years ago,they are all perfect.,他们都是完美的。
30580,UgyhPtplFJDRHW_aP154AaABAg,1,3 years ago,"i have watched your every videos coz i like it. but you should show the eating of snail. in my knowledge we need to chop the snail tail part & have to remove the front cover, so that we can eat the meat. the way you have cooked i don't think you will able to eat the snail. make the videos with perfection coz viewers can find the error. we do eat snail & we know it well. no abuse..!!",我看过您的所有视频，我喜欢它。但是您应该表明蜗牛的饮食。据我所知，我们需要切碎蜗牛尾部部分并必须取下前盖，以便我们可以吃肉。您煮熟的方式，我认为您无法吃蜗牛。与完美的视频一起制作视频，可以查看该错误。我们确实吃蜗牛，我们很了解。没有虐待.. !!
9532,UgwzyOlCNXXWXcM8VBt4AaABAg,1,3 years ago,"her contents, background music, beautiful nature, the camera man capturing perfect angles all are doing great job!",她的内容，背景音乐，美丽的大自然，捕捉完美角度的相机人都做得很好！
31244,UgxVzkIV9L6gdEZIZgF4AaABAg,1,3 years ago,she's pretty and perfect,她很漂亮
14070,UgwMMchXSHiNr6Dp4714AaABAg.94X-OXeU5p895jDN1fgSBY,1,3 years ago,"galadreana lopez i dont know people here on the philippiness (not all but majority) has this crab mentality they tend to think they are better than others, they mock people as if they are perfect, they dont seem to know how to give credit when it's due. this mentality it's like cancer",Galadreana Lopez，我不认识philipminess上的人（并非全部，但多数）具有这种螃蟹的心态，他们倾向于认为自己比其他人更好，他们嘲笑人们，好像他们是完美的，他们似乎不知道如何在当时给予信用到期的。这种心态就像癌症
32959,UgyTxOlBeKk2O7ZTumd4AaABAg,1,3 years ago,her garden is a perfect grocery store.,她的花园是一家完美的杂货店。
11780,UgxvnCpZj61BMGzORmJ4AaABAg,1,3 years ago,she is the perfect woman,她是完美的女人
30755,Ugzb3qnOmFXbgCh4J5J4AaABAg,0,3 years ago,i want to marry that perfect girl,我想嫁给那个完美的女孩
33445,UgwpB4pidpakHViIqBt4AaABAg,0,3 years ago,"wow.. what a beautiful life, beautiful woman, hard working woman, full of dedication and determination. her husband will be so lucky. she deserves to get paradise where she lives. btw it's young bamboo. in indonesia language we call rebung. my greeting from indonesia. perfect life style.",哇..多么美好的生活，美丽的女人，勤奋的女人，充满奉献和决心。她的丈夫会很幸运。她应该得到天堂的住所。顺便说一句，这是年轻的竹子。在印度尼西亚语言中，我们称之为rebung。我来自印度尼西亚的问候。完美的生活方式。
33068,Ugy3Px0cOeq62n4wFXF4AaABAg,0,3 years ago,"they did perfectly
i looked with pleasure","他们做得很好
我很高兴地看着"
26063,UgzY64VyRYjxIjfu-hB4AaABAg,0,3 years ago,"i really like your videos, i am a kitchen fan and i enjoy you prepare the dishes. that you also do with much love and with a wonderful cleaning and perfection. but regardless of food, their videos convey a lot of peace and positive energy. and you seem to me a very nice and beautiful girl. very good person. thanks for your videos.",我真的很喜欢您的视频，我是厨房迷，我很喜欢您准备菜肴。您也充满爱心，清洁和完美。但是，无论食物如何，他们的视频都传达了很多和平与积极的能量。在我看来，你似乎是一个非常漂亮和美丽的女孩。很好的人。感谢您的视频。
25414,Ugy-8L7pSMNTDdoqbYF4AaABAg,0,3 years ago,she would be a perfect wife. lol,她将是一个完美的妻子。哈哈
1124,UgxszZwhMzFvMM0HMNZ4AaABAg,0,1 year ago,"the music, cinematography, and everything is perfect.",音乐，摄影以及一切都是完美的。
33190,UgxjVeEJOD0lWS9yBE54AaABAg,0,3 years ago,"this is the perfect life, what more can you ask for, there's happiness, food, peace and your love one",这是完美的生活，您还能要求什么，还有幸福，食物，和平与您的爱
25265,UgxS6mR6K9VAPDuJE514AaABAg,0,3 years ago,beautiful lady perfect !,美丽的女士完美！
24759,UgwosKJ3aSX7dNlrDXx4AaABAg,0,3 years ago,a beautiful girl and does everything perfectly!,一个美丽的女孩，完美地做了一切！
24513,UgywWW2QX2TwdzTVpGV4AaABAg,0,3 years ago,"clever, beauty, economic, with many useful skills in everyday life. perfect wife. it is a pity that not mine.",聪明，美丽，经济，在日常生活中具有许多有用的技能。完美的妻子。可惜不是我的。
24312,UgxCDMudPcZ7_NklijV4AaABAg,0,3 years ago,perfect,完美的
1066,UgyrybVQbKssN2IcMux4AaABAg.9bpJQ_Rqdlo9qIGnm91hN9,0,2 weeks ago,"the @sais55 channel is her own, and she also recaptured 99 % of the company's equity a while ago, looking forward to her return perfectly",​ @SAiS55 这个频道是她本人的，而且她前阵子也夺回了公司99％的股权，期待她完美归来
24282,UgzuKHt-K7NCfRz4zZt4AaABAg,0,3 years ago,the only thing missing in this garden is the weed. then it's perfect!,这个花园中唯一缺少的是杂草。那是完美的！
24125,UgyjLWU0YaCLY1tojjd4AaABAg,0,3 years ago,this so perfect,这是如此完美
33800,Ugy34iQ9TgSilgtu5mJ4AaABAg,0,3 years ago,this is what we call perfect girl,这就是我们所说的完美女孩
23685,UgwcyST_6lOgM4PZoQl4AaABAg,0,3 years ago,this perfect person is a girl,这个完美的人是一个女孩
23442,UgzHPGgBCO4iIpF2gY14AaABAg,0,3 years ago,she is perfect....she is good.,她是完美的...。她很好。
23231,UgxqaTogvet-fBuamYR4AaABAg,0,3 years ago,"these are so gorgeous, wowwww <3 can you please upload versions of these videos without music? the sounds are so soothing and it would be perfect to watch without the music :3 <3",这些是如此华丽，WOWWWW <3您能否请您上传这些视频的版本，而没有音乐？声音是如此舒缓，没有音乐的观看非常完美：3 <3
23018,UgzXp2stT58NtRg_iS94AaABAg,0,3 years ago,this type of cooking is so tedious! a lot of little things have to be done just so to get it perfect and honestly i respect you for it. i have no clue how you find time to cook these meals completely from scratch and get other things done!,这种烹饪是如此乏味！为了使它变得完美，我为此尊重您。我不知道您如何从头开始完全烹饪这些饭菜并完成其他事情！
34008,UgwT0ma26x_EMeIVYyl4AaABAg,0,3 years ago,"the idea, sealing food off from the air around using water at the edge of the pot, is scientifically the perfect solution.. chinese were always good at thinking ""best and fast way to solve a problem"" . combined with a beautyful women cooking the most delicious food.. awesome.. so . stay awesome !",这个想法是，在锅边缘的水上用水将食物从空中关闭，这是科学的解决方案。中国人总是擅长思考“解决问题的最佳和快速方法”。再加上一个美丽的女人烹饪最美味的食物..太棒了..所以。保持好状况 ！
22756,UgyfEcue4FuHoqUP1vd4AaABAg,0,3 years ago,shes just perfect..,她只是完美的..
22659,Ugx6kKmE7hy-DPt0fip4AaABAg,0,3 years ago,if angus macgyver was a real person...they would be a perfect match...could you imagine what would be possible,如果安格斯·麦吉弗（Angus MacGyver）是一个真实的人...他们将是一个完美的匹配...您能想象这是可能的
34039,UgzmOqPb76UhGnHQavZ4AaABAg,0,3 years ago (edited),"perfect !!! i love u so much, love from indonesia",完美的 ！！！我非常爱你，印度尼西亚的爱
22461,Ugxv0yggQ7Z2U4AiNIl4AaABAg,0,3 years ago,everything about this girl n vidio is perfect. ...wish l cud meet you in dream. ...thousands love likes from northeast lndia...we are very much lik you,关于这个女孩的一切都是完美的。 ...希望我在梦中见你。 ...成千上万的爱来自东北lndia ...我们非常喜欢你
26166,Ugye4kVoWAHei7NtqTt4AaABAg,0,3 years ago (edited),"i'm curious on how these shots are established and edited. do you have someone helping you out? because if you're doing it all alone, wow. you must be a perfect woman to me. jk very delicate and nature centered. beating food network and other food channels i know which wastes their food sometimes. hope you continue to make videos like this til you have kids or special someone, ziqi. hi to your grandmom too.",我很好奇这些镜头是如何建立和编辑的。你有有人帮助你吗？因为如果您一个人这样做，哇。对我来说，你一定是一个完美的女人。 JK非常细腻，自然集中。我知道有时会浪费食物网络和其他食物频道。希望您继续制作这样的视频，直到您有孩子或特别的人，Ziqi。嗨，你的祖母。
26812,Ugy4vdRN3ADtUOOmem94AaABAg,0,3 years ago,"i always wonder she use so much of oil and eats spicy food, how she manage to look glossy skin and perfect body???",我总是想知道她使用了这么多的油，吃辛辣的食物，她如何设法看起来光滑的皮肤和完美的身体？？？
4694,Ugx8bcLHiX8K5qnlA-d4AaABAg,0,2 years ago,wow this woman is perfect in what makes my god very beautiful and this whole food should be a delight,哇，这个女人是完美的，使我的上帝非常美丽，整个食物应该很高兴
27753,UgzlE-V96KSkPVBUP8d4AaABAg,0,3 years ago,"really, girls like this are almost great, why are there 1 zone, only 2 perfect words",真的，像这样的女孩几乎很棒，为什么有1个区域，只有2个完美的单词
29988,UgxO9d9sI1DMQDVr_iN4AaABAg,0,3 years ago,how it’s possible to keep in mind all those recipes...perfect little movie again,如何记住所有这些食谱...再次完美的小电影
29187,Ugy_F_6Eq79sybjkaiV4AaABAg,0,3 years ago,you are avery beautiful girl and work perfectly,你是艾利美丽的女孩，工作完美
29180,UgwIzVJSom9JCdft2d94AaABAg,0,3 years ago,this girl is soo perfect.,这个女孩太完美了。
2410,UgzhqsXCkxufnAw-iRJ4AaABAg,0,1 year ago,perfect,完美的
2408,Ugzdn0pz4aPGMb9SlkB4AaABAg,0,1 year ago,"i like it , perfect liziqi",我喜欢它，完美的liziqi
29004,UgxCpRiDGzrwuzVOfl94AaABAg.8yY6-41Td1g9Jd9LuKCnlX,0,2 years ago,@franzpeters3824 excuse me!! who are you to judge someone....what is your talent?? she can't speak english properly right? can you speak chinese?? no one is perfect in this world... it's easy to judge someone but it's harder to understand....if you don't like her video than please don't watch but at least don't spread hate to her here....,@franzpeters3824对不起！你是谁评判某人。...你的才华是什么？她说英语不能正确吗？你能说中文吗？在这个世界上，没有人是完美的...判断某人很容易，但是很难理解。...如果您不喜欢她的视频，请不要看，但至少不要在这里向她传播仇恨。 ...
28904,UgxCpRiDGzrwuzVOfl94AaABAg.8yY6-41Td1g9B-odASNP9f,0,2 years ago,@perfectstudents8361 yep,@PerfectStudents8361是的
28895,UgxCpRiDGzrwuzVOfl94AaABAg.8yY6-41Td1g9Aialw5yMkL,0,2 years ago,@perfectstudents8361 i'm an indian & i can speak 4 language,@PerfectStudents8361我是印度人，我可以说4个语言
2805,UgyjokKB5kT-vLggUk54AaABAg.9RPpxXlXsf_9W2ZkK1xPEr,0,1 year ago,"@edwardwongliupepelutivrusk1262 hey boy, there are ugly and beautiful sides to everything in the world. people show you a beautiful place to have your holidays doesn't mean that the place is all perfect. there is nothing which is perfect in the world and everyone knows about without the need to mention it because it is something called common sense which obviously you lack. if you can't see how her nails are damaged and ugly from all the work that's your own problem. if you can't see that standing in front of a stove to cook is hot and labouring that's your own problem. do we need to tell you every single thing in life to show that life is hard? get a brain and stop being so sour.",@Edwardwongliupepelutivrusk1262嘿，男孩，世界上一切都有丑陋而美丽的方面。人们向您展示一个美丽的假期的地方，并不意味着这个地方都是完美的。世界上没有什么是完美的，每个人都不需要提及它，因为这是所谓的常识，显然您缺乏。如果您看不到她的指甲如何受到您自己问题的所有工作的损坏和丑陋。如果您看不到站在炉子前的厨师面前是很热的，那是您自己的问题。我们是否需要告诉您生活中的每一件事，以表明生活很艰难？大脑，不要再变得如此酸。
2893,UgzMFOLp63hPn2gp9_p4AaABAg,0,1 year ago,"i have to pause... your [amazing] videos every litlle time...trying to read,the short translation....you give...cause letters running fast....it's a pitty...!cause everything.. else is just perfect..!!!thank you..greetings from greece.",我必须暂停...您的[惊人的]视频每一个时间...试图阅读，简短的翻译....您给...导致字母快速运行。一切..其他是完美的..！
32632,UgxP3tgtBESW3xon7IV4AaABAg,0,3 years ago,perfect.................,完美的.................
30506,Ugwds5_DVvKxuoP0aCV4AaABAg,0,3 years ago,u are great!!! genious!!! incredible!!!! perfect!!!!!!!,你很棒！！！天才！！！极好的！！！！完美的！！！！！！！
32637,Ugy5j0GNNxijYqzjy9p4AaABAg,0,3 years ago,"i really want to eat oh oh woohoo, snail powder and oil and fruit perfection ~",好想吃呜呜呜呜螺蛳粉 加上油果完美～
5261,UgzOkMUQn6ML8siXEZh4AaABAg,0,2 years ago,i'm wondering how staged this is. it just seems...too perfect. none the less it's beautiful and peaceful,我想知道这是多么上演。似乎...太完美了。尽管如此，它是美丽与和平的
27562,Ugx6HZhF47mUgtuHywN4AaABAg,0,3 years ago,she's perfect,她很完美
2290,UgwkokJL_XnIeLrP-Wd4AaABAg,0,1 year ago (edited),"for those who wish to live with her to share her idealistic life there, you would see the camera crew, the make-up artists, the production team, which tidies up her mock home, position her urns, bottles on the shelves perfectly in the kitchen, sweeps the ash on the floor around her wood-burning stove…. all these are not visible in the camera. you may even find out her production team consists of 7 members with the names doc, happy, grumpy, bashful… and they sing high-ho as they go to work on the film set.",对于那些希望与她共同生活的人，您会看到摄制组，化妆师，制作团队，这些团队整理了她的模拟房屋，将她的ur骨，瓶子放在架子上，厨房，扫过她燃木炉周围地板上的灰烬……。所有这些都不可见。您甚至可能会发现她的制作团队由7名成员组成，名字是Doc，Happy，Grumpy，bashful的名字……他们在电影拍摄时唱着高声。
27349,UgwO9SBNHR14UkLuicB4AaABAg,0,3 years ago,"everything is perfect, as always, full of grace... because you have a pure heart, for sure!",一切都像往常一样完美，充满恩典……因为您肯定有纯洁的心！
27321,UgzQHaA2kg7fmt7X9id4AaABAg,0,3 years ago,how can somebody put a dislike on liziqi's perfectly amazing videos? like seriously?,有人如何不喜欢Liziqi的绝妙视频？喜欢认真吗？
2282,UgzrEsqzKEhTistLW5x4AaABAg,0,1 year ago,"talking that china is not enough of the land as it lives perfectly, such villages are few there",说中国还不够，因为它的生活完美，这样的村庄很少
27225,UgxBsCcPsB_TA7EMF8l4AaABAg,0,3 years ago,she is a perfect girl,她是一个完美的女孩
1548,Ugy7s3Tu0umAl4_v7i54AaABAg,0,1 year ago,"amazingly beautifuly done and edited.
the perfect woman doesn't exis.. ow..wait.","精美的精美完成和编辑。
完美的女人不exis .. ow ..等待。"
26868,UgzYJWMTKxakdB1iHrV4AaABAg,0,3 years ago,the perfect woman !!!,完美的女人！！！
22393,Ugy4J0AeRnmkQnvphy54AaABAg,0,3 years ago,perfect,完美的
12000,Ugz0mFC-Ay6si-uU1pZ4AaABAg,0,3 years ago,wow that very impressive everything is perfectly done very nice video good job chinese girl you and your team are very talented,哇，令人印象深刻的一切都完美地完成了非常好的视频，你和你的团队都很有才华
22244,Ugz4LC23PwoUJuNlMHR4AaABAg,0,3 years ago (edited),"wow fresh ingredients alongwith that countryside is a picture perfect (video perfect) 
such a joy to watch the days' proceedings go by.
i wish i could still find such simple days","哇，新鲜食材与乡村是一幅完美的图片（视频完美）
观看日子的诉讼经历的乐趣。
我希望我仍然可以找到如此简单的日子"
14613,Ugy5OFdMFCDnNZCzM3d4AaABAg,0,3 years ago,perfect : nothin more,完美：不多
9606,UgwPlR_XmXhIkovFuHJ4AaABAg,0,3 years ago,perfect moment with uu ๐๐,与uu
16616,UgwG6EGI9KhD1FkfuKZ4AaABAg.92t3bTvXZ7H933ZbPe_YTb,0,3 years ago,"this too perfectly edited and focus, 100% he has team or company to produce this video.",这太完美地编辑和专注了，他有100％拥有团队或公司来制作此视频。
16373,UgyFkl8_pswFSzfRsNJ4AaABAg,0,3 years ago,the perfect wife doesnt exi.....,完美的妻子没有exi .....
16182,UgyRMqoKmULIFpoZ7qp4AaABAg,0,3 years ago,fly with me in the perfectworld,在完美世界中和我一起飞行
9670,UgxnGngZ3PJBoSvQAFZ4AaABAg,0,3 years ago,"this girl is perfect, i love her, she makes us want to do good things like her too",这个女孩是完美的，我爱她，她让我们也想做一些像她一样的好事
9730,UgxNDFBWmMov3MkMfSB4AaABAg,0,3 years ago,perfect,完美的
10031,Ugz18eXSwJGgwpTW3Bd4AaABAg,0,3 years ago,perfectly #zerowaste life,完美的#zerowasteLife
15742,Ugx5_s9UIuVgEbTqNrp4AaABAg,0,3 years ago,perfect world,完美世界
15727,UgwKmvCYgvIwZBiZ-_Z4AaABAg.936K9pwta5L9qCeSfpJLmH,0,2 weeks ago,@recyclespacejunknow.aliens888 it's a noble rule to live by. it's a tough rule to follow for most. striving for this path should be the way to go but whether i can attain to such perfection will be hard for my rebellious nature.,@recyclespacejunknow.aliens888这是一个崇高的规则。对于大多数人来说，这是一个艰难的规则。努力追求这条路应该是要走的路，但是我能否实现这种完美对我的叛逆本质很难。
15686,Ugxw4xyuB21W4RuNOIJ4AaABAg,0,3 years ago (edited),"i was enjoying the video and her stressfree, simple but life-fulfilling moments and activities, perfect/amazing skills/talents in any/every activity, warm auras, aesthetics of the camera angles and moments taken, when all of a sudden im interrupted by an ad. a pizza delivering, dominos ad.
when that car pulled up from the ad, reality hits me like a car accident, making me realize the life, society, environment, and most of all, the s t r e s s that i have and live in. im in an urban area, near an iconic city you could see in postcards. that ad, reminded of how every second counts as a huge factor in my life that could mess it up. that ad, brought back the stress, the feeling of every opportunity good or bad at every corner of my brain. that ad, brought back the weight, suffocation, and reminders that my life is in a city and not as stressfree and life-fulfilling such as her. 
now, i have to watch another video to bring down this stress.","我喜欢视频以及她的无压力，简单但充实的时刻和活动，任何/每项活动的完美/惊人技能/才华，温暖的光环，相机角度的美学和时刻，当时突然被我突然被我打断了一个广告。 Dominos广告的披萨交付。
当那辆车从广告中撤出时，现实像车祸一样袭击了我，使我意识到了生活，社会，环境，最重要的是我所拥有和居住的S t r s s。您可以在明信片中看到的城市。那个广告让人想起了每一秒如何算作我一生中可能会弄乱它的重要因素。那个广告带回了压力，每个机会在我大脑的每个角落都好坏。那个广告使重量，窒息和提醒我的生活在一个城市中，而不是像她这样的无压力和生活充实。
现在，我必须观看另一个视频以减轻这种压力。"
15173,Ugz-v-TV0pUOr1y0z5l4AaABAg.93UWNVMNPio93ZotLsJfFI,0,3 years ago,she's too perfect for you i guess,我猜她太完美了
11120,UgxmhngNl88AnT23JBd4AaABAg,0,3 years ago,the images are superb and the editing perfect! thanks,图像很棒，编辑完美！谢谢
15000,UgzjkXoITAqOSRBIdwR4AaABAg,0,3 years ago,she is perfect.,她是完美的。
14591,UgxXAM70JJ02rs17e9F4AaABAg,0,3 years ago,"the video is good. cooking first -class 't want to say more. two words.
perfect. bless. grandma is healthy. bleak","视频不错。做菜一流
完美。祝福。奶奶健健康康的。"
17086,Ugz9y5friEaSfX5iZ2R4AaABAg,0,3 years ago (edited),"organic is an understatement here. took her lots of work but very healthy and interesting! 

edit: remove the background music and i'll be perfect","有机是在这里轻描淡写。带她很多工作，但非常健康和有趣！

编辑：删除背景音乐，我将是完美的"
11268,UgzOsIJCW81gI2TTUnp4AaABAg,0,3 years ago,perfect wife.,完美的妻子。
14388,UgwMYK2v1DG9CDRCMTp4AaABAg,0,3 years ago,"perfect beauty, harmony in everything, amazing !!!",完美的美丽，和谐，令人惊叹！！！
14367,Ugx4bsEVwF5FBzZLFTl4AaABAg,0,3 years ago,a busy life of her own making everything from scratch and that keeps her in shape. no gym needed. with perfect surroundings. no pollution. just the nature and her. such a survival skills that i didn't have.,她忙碌的生活使自己从头开始，使她保持健康。不需要健身房。完美的环境。没有污染。只是大自然和她。我没有的生存技巧。
14247,Ugxf3Bllnprq6QxVspl4AaABAg,0,3 years ago,there's no such thing as the perfect wom...... i stand corrected.,没有完美的妇女……我站起来。
11443,UgyOglWdIpenSuFme9d4AaABAg,0,3 years ago,"in my country bamboo shoots called ""rebung"" the taste is good usually we cooked it with coconut oil and perfectly eat it with ""lontong"" (rice cake). it's really good ☺",在我的国家 /地区，称为“ rebung”的竹芽味是很好的，通常我们用椰子油将其煮熟，然后用“ lontong”（米饭）完美食用。真的很好☺
13467,UgxNdg58HEeOzoK-U8R4AaABAg,0,3 years ago,"ibwanted to marry an asian girl once; ahe's the perfect example of thebone i had in mind:

strong, beautiful, intelligent, self sufficient and a great cook that also loyal","ibwant曾嫁给一个亚洲女孩；啊，是我想到的骨的完美例子：

坚强，美丽，聪明，自给自足和伟大的厨师也很忠诚"
13464,UgwteKO-n59ek-2RiDN4AaABAg,0,3 years ago,"hayst ,, this girl is just perfect",Hayst，这个女孩只是完美的
13451,UgxMZAdJBilAb86yWjB4AaABAg,0,3 years ago,she is beautiful and perfect in every way,她在各个方面都很美丽而完美
11898,UgzdwsbqB4XHvb42Qlh4AaABAg,0,3 years ago,eyaeslamujer perfecta paracasarce,Eyaeslamujer Perfecta Paracasarce
13307,UgzzYWuJ1gjWPBZIgnF4AaABAg,0,3 years ago,perfection in all,完美
12726,Ugw7L7OAg0o7u_uK0tJ4AaABAg,0,3 years ago,"it's beautiful!
wish it was vegan though.
the flesh of a pig is similar to human.
pig is one of the smartest animals on earth.
soy beans has the same or more healthy source of protein that is perfect for human consumption.
love nature this is beautiful place you have there.","很美丽！
希望它是素食主义者。
猪的肉类似于人类。
猪是地球上最聪明的动物之一。
大豆具有相同或更健康的蛋白质来源，非常适合人类食用。
爱大自然这是你在那里的美丽地方。"
12633,UgxGKfgjWfZDMeafmc54AaABAg,0,3 years ago,her world is so perfect,她的世界是如此完美
12338,UgzJzbxvrqIsMJqcMdp4AaABAg,0,3 years ago,"for a man, you are a perfect wife",对于一个男人，你是一个完美的妻子
17024,Ugy2iwgKA6QLUrxWW194AaABAg,0,3 years ago,is everything really that clean ? there’s no grime nor dust nor soil on her legs as she prances about bare feet .. there’s no bugs and field mice.. and did she really pick up 100+ snails from that pond creek thing? or did the camera crew supply half the stuff to make everything look so perfect and effortless,一切真的很干净吗？她的腿上没有污垢，灰尘，腿上没有土壤。或相机船员提供了一半的东西，以使一切看起来如此完美，轻松
17167,UgwuWNMwgW3GPNBr9wp4AaABAg,0,3 years ago,"i have to say .... the rural girls in the post -90s and post -00s are no different from urban girls, and they will not do housework, let alone farm work .... so li ziyi is a perfect wife. elastic",我必须要说....90后和00后的农村女孩跟城市女孩毫无差别，都是不会做家务的，更别说农活了....所以李子柒这种简直就是完美老婆....
21946,UgwxJg-FzybMpbt1XdN4AaABAg,0,3 years ago,perfect live,完美的现场
6189,UgzhLyXUOPLAWLF8TYF4AaABAg,0,2 years ago,the perfect woman doesn't exi........,完美的女人不接受........
21619,UgwAVqv32PDtaEZntSx4AaABAg,0,3 years ago,"it should be made by rice noodles, it is even more perfect",应该米粉都自己做，就更完美了
5515,UgxOOfiewOGP5KuI2CJ4AaABAg,0,2 years ago,"so basically, she does hard bodywork all day while looking like a model and having perfect makeup while doing it? yeah sure",因此，基本上，她整天都在看起来像模特一样艰苦的身体工作，并且在做到这一点时具有完美的化妆？好，当然
21465,Ugy0S34jLmrktCOairp4AaABAg,0,3 years ago,"i fell in love with your videos, perfect in all that hace",我爱上了你的视频，完美无缺
12265,UgzpJ_5dTHgcJxVyufN4AaABAg,0,3 years ago,"if i were her i would end up hoarding all of the baby bamboo shoots, bug she know perfectly well that she must only take what she will use, and that if she takes all of the baby bamboo shoot there will be no newer trees and that it could be really bad. take that into consideration as how she is so in sync with her surroundings.",如果我是她，我最终会ho积了所有的婴儿竹芽，她非常清楚她必须只接受自己的用品，如果她拿起所有的婴儿竹芽，就不会有新的树木可能真的很糟糕。考虑到她与周围环境的同步。
21235,UgzC79Z78jTaX5GO11t4AaABAg,0,3 years ago (edited),very beautiful this place because it was our god who created and everything he does is perfect jesus christ is coming back he loves you and calls you ... to all who is reading at this moment and you also liziqi is all your family ..,这个地方非常美丽，因为是我们的上帝创造的，而他所做的一切都是完美的耶稣基督回来了，他爱你，给你打电话给你……目前正在阅读的所有人，你也是你的家人。
21180,UgwJfhXNs0u2mBd9yvx4AaABAg,0,3 years ago,perfect wife...i can only dream of a girl like her,完美的妻子...我只能梦见像她这样的女孩
20963,UgwbmADScm-cY19NVX94AaABAg,0,3 years ago,perfecting,完美
20935,Ugy4bQQd6lPNZ3L3DXV4AaABAg,0,3 years ago,"she is strong, natural, smart. a perfect woman.",她坚强，自然，聪明。一个完美的女人。
20816,UgxOnir3k5WxE_vKZvN4AaABAg,0,3 years ago,special thanks to camera man..tht the video comes very perfect.. all credit goes to him,特别感谢Camera Man。
5943,Ugwruoo5kyusmhmTD_p4AaABAg,0,2 years ago,"some are complaining about their own lives and how cities are bad and so on and on. but you can also live at least a bit like that. maybe you can stile your room differently, buy new kitchen pottery similar to the one she uses (of course do not throw away the old stuf, but give it to someone that needs it or sell it or...) you can also learn how to cook and sew (there are plenty tutorials on youtube and i believe that if you set your mind to it, you can learn. maybe not as fast as some, but practise makes perfect and besides, even she had to learn things. no one is born with skills, some are just a bit more talented, but that does not mean that you can not learn it.) and do it in your free time instead of watching tv and youtube. you can also try and plant some vegetables in your apartment, at least some herbs. there is a thousant things you can do to live a bit more like her and reduce stress. it is true that she inspires people, but if they do nothing but watch her videos, then what purpose does it have? yes, even watching her videos calms you and makes you feel beter, but imagine how much better you would feel if you lived a bit differently? or at least if you try to make your home look better, so that you would be able to admire it every day you return exsausted from work/school. (believe me, even the dullest room can look perfect with a bit of imagination and/or some tips/diys from internet.) but the most important thing is that you try to admire your own soroundings. follow her lead, she admires every flower and raindrop. so can you. at first it will be hard, but in time, you will notice small, but precious pearls even in the busiest city and this little surprises will make you smile.",有些人抱怨自己的生活以及城市如何不好等等。但是您也至少可以这样生活。也许您可以以不同的方式静止，购买类似于她使用的厨房陶器（当然不要扔掉旧的STUF，而要丢给需要它或出售的人或...）您也可以学习如何学习要烹饪和缝制（YouTube上有很多教程，我相信，如果您确定它，就可以学习。也许不像某些人那样快，但是练习是完美的，而且她不得不学习东西。没有人天生具有技能，有些人的才华更加有才华，但这并不意味着您无法学习。）在业余时间进行，而不是看电视和YouTube。您也可以尝试在您的公寓中种植一些蔬菜，至少一些草药。您可以做一些事情要做的事情可以像她一样生活并减轻压力。的确，她启发了人们，但是如果他们除了观看视频外什么都不做，那么它有什么目的？是的，即使看着她的视频使您平静下来，让您感到沮丧，但是想象一下，如果您的生活有所不同，您会感觉好多？或至少如果您试图使房屋看起来更好，以便您每天都可以欣赏它在工作/学校中遭到屠杀。 （相信我，即使是最沉闷的房间也可以通过一些想象力和/或互联网上的一些提示/Diys看起来很完美。）但是最重要的是，您尝试欣赏自己的sor脚。跟随她的领导，她欣赏每朵花和雨滴。你可以。起初很难，但是随着时间的流逝，您会注意到很小的，但是即使在最繁忙的城市中，珍贵的珍珠也会让您微笑。
20510,UgyqL04wUTqLywqredJ4AaABAg,0,3 years ago,hardly 1 perfect girl,几乎没有一个完美的女孩
6014,UgxJT6TxzsEACJqGwkh4AaABAg.9F7w3rQ4gFg9FBTz1CEXkV,0,2 years ago,creep she's perfect for herself. single women and mothers rise,爬行，她非常适合自己。单身女性和母亲崛起
6018,Ugz1ds4UxTR8jiOsKLd4AaABAg,0,2 years ago,"look, everything was perfect, why did you do those slimy insects or here is chinese.",看，一切都是完美的，为什么您要做那些黏糊糊的昆虫或这里是中国人。
8728,UgxogdUr10MWfJqyEot4AaABAg,0,2 years ago,"she is very perfect and hard work, smart work",她是非常完美而辛勤的工作，聪明的工作
17205,UgwQtCTANVHaum3r28J4AaABAg,0,3 years ago,she is my dream wife … perfect and multi talented,她是我梦dream以求的妻子……完美而多才华
19659,UgwSrbJdlZKbwiA0LUx4AaABAg,0,3 years ago,she is the perfect wife. hope someday i can find my own ziqi.,她是完美的妻子。希望有一天我能找到自己的Ziqi。
19633,Ugz1NTHt5ptYT3HLzmJ4AaABAg,0,3 years ago,"ideal life, perfect food.",理想的生活，完美的食物。
19565,UgwWWMB39Cw9O-eCNYt4AaABAg.91p8KnF9nnr91q-FiIN4Cg,0,3 years ago,"what's wrong with you, mate? chinese government does have some issues, but which government is perfect? please do not say that, we are open like you today.",你怎么了，伴侣？中国政府确实有一些问题，但是哪个政府是完美的？请不要说，我们像今天一样开放。
19385,UgwNGXbugtY3DGMFlW54AaABAg,0,3 years ago (edited),the beauty that is put into the filming of this is amazing. been vegan for 55 years everything is perfect but the animal that's not alive in here. but if somebody chose and had the land they could live this way without the animal added. there could be videos of how to make tofu or eat beans. she certainly has a large enough garden to create any version of this that anybody would love. this still has less dead animals in a burger king commercial. i'll focus on the garden in the bamboo forest and hope that all that waste gets composted.,拍摄中的美丽是惊人的。素食主义者已有55年了，一切都是完美的，但是这里没有活着的动物。但是，如果有人选择并拥有土地，他们可以这样生活，而没有添加动物。可能会有有关如何制作豆腐或吃豆类的视频。她当然有一个足够大的花园来创建任何人都会喜欢的任何版本。在汉堡王广告中，这仍然具有较少的死动物。我将专注于竹林的花园，并希望所有废物都堆肥。
19228,Ugx4en9tHEBhCuuVnH94AaABAg,0,3 years ago,everything is natural and perfect,一切都是自然而完美的。
19157,UgwLpS5K1yUIWfideHd4AaABAg,0,3 years ago,perfect,完美的
989,UgxvWOxYIHKtE5fIZkN4AaABAg,0,1 year ago,perfect,完美
18539,Ugz7vX27tY0R8YBBwyB4AaABAg.92TOl30agtK92gFF0CqMiM,0,3 years ago,it reminded me of those perfect world international days.,它使我想起了那些完美的世界国际时代。
9206,Ugztg3AWD6dCH_KutUp4AaABAg.9AMNSj7YvIf9BclBxozh37,0,2 years ago,"@user-rw2vi3ev6q i am a christian is not a member of falun gong. and i have also been in contact with people who have learned falun gong. it doesn't seem to be as you said. but i have a lot of understanding of the ccp. i don't need my father to tell me that i have eyes and ears and will listen to it. you have already said such words when you have reached malaysia. it shows that you don't want to see or listen to the truth. but li ziyi's video is very disgusted. if she is making myths or movies, i have nothing to say. since it is a realistic life, you should not deceive the audience. doing anything is perfect. the so -called uh uh poetic and painting is just an illusion. let you go to the old forest for a month to try? this is the cult of the cults who mislead the people.",@user-rw2vi3ev6q 我是一个基督徒不是你说的法轮功成员。而且我也接触过学法轮功的人。貌似并不像你说的那样。但是我对中共的了解还是很多的。不需要父辈告诉我，我有眼睛和耳朵会听会看。你已经到了马来西亚还会说这种话。说明你是不想看也不想听真相。但是李子柒的视频我是很反感的。如果她拍的是神话故事或者电影我没话说。既然是生活写实，就不该欺骗观众。做任何事情都是完美从没失败。所谓呃呃诗情画意也只是假象。放你去深山老林过一个月试试?这才是邪教误导民众。
17417,UgwV-uzw6206Qx2IoKZ4AaABAg.92kaKG0I8dO92prFA4oTNz,0,3 years ago,"this is a perfect and beautiful life style,many people in china also aspire living like her,especially those people living in big city.",这是一种完美而美丽的生活方式，中国的许多人也渴望像她一样生活，尤其是那些居住在大城市的人。
9470,UgyscX8HNAyE5uDtx6Z4AaABAg,0,2 years ago,perfect cooking girl.,完美的烹饪女孩。
17362,UgyBVZ2G7buTweGxE0p4AaABAg,0,3 years ago,she is perfect girl,她是完美的女孩
17262,UgyyRRFupU3GOIbp9Gx4AaABAg,0,3 years ago,ziqi is a perfect qizi,ZiQi is a perfect QiZi
21294,UgzlEKbedIKPKDuHRVd4AaABAg,0,3 years ago,wow perfect for lunch.,哇，非常适合午餐。
